id,1993,1994,1995,1996,1997,1998,1999,2000,2001,2002,2003,2004,2005,2006,2007,2008,2009,2010,2011,2012,2013,2014,2015,2016,2017,2018,2019,2020,2021,2022,2023
00240100000023,0.6027245890839921,0.9022862613596733,0.7447158227403677,0.7050515925051473,0.8453601684682608,0.6372788990833173,0.731066751485211,0.7914855694368245,0.6391270228625784,0.805856378046447,0.5880014263242611,0.9878549013661796,0.7896249139818906,0.9706958949631392,0.9560447844236121,0.4016256968499122,0.35498392687323554,0.9663452498305459,0.7009705568352413,0.764439778507228,0.6835376316517163,0.7844063453131284,0.784674677932227,0.7142206589500804,0.8206183897163699,0.6958408099370291,0.6707532153457748,0.0,1.0,0.671384997539733,0.6677771194127874
00250105000024,0.0,0.0354843986494307,0.06016994570335511,0.0823799413603734,0.11682011677152838,0.1346540811325564,0.16109112352857058,0.193749641707922,0.21326353012689242,0.24907855214283312,0.26463205500462134,0.320533620517111,0.35844980434660423,0.41743313676084715,0.4777541545318372,0.47425451441387234,0.46515816148355255,0.5290855471576984,0.5629819645764833,0.6059099324318681,0.6394620743039525,0.687522878671098,0.7372331677063341,0.7783867294055276,0.8365034236262316,0.8774851754486341,0.9155226375055056,0.8457407652753691,0.9342268062820767,0.9654632928460631,1.0
00260105000025,0.0,0.030347519179355926,0.07507863547664646,0.08681848610071077,0.08667915996975367,0.08842103603619172,0.10387088405218185,0.11744039116024002,0.11522209364723242,0.1328986413535974,0.19189350700361338,0.26265948455382765,0.3121452629527094,0.3711963709826543,0.4600243303303195,0.5257814389329565,0.4834762937495823,0.5663763520686967,0.6599639022184689,0.6881351322998126,0.7159073092134424,0.7500561360387694,0.6912795221254181,0.7077714176115529,0.77777148861688,0.8391540301268867,0.8550215624666941,0.8100276387792829,0.9520718023530991,0.9643480384254374,1.0
00270100000026,0.5302139092668645,0.8275811116654755,0.6772984374397348,0.6401668790685843,0.7797309617002459,0.5795585245971414,0.6752846881452351,0.7378077472415577,0.5914704296332749,0.7574826194422329,0.5469836273783952,0.9379127395733812,0.7459507618758608,0.9228348525170116,0.9096479750672966,0.3673454603820916,0.32333917167123244,0.9245981903368315,0.6652878920732513,0.7228183737281589,0.645592166707107,0.7470817775654797,0.7503734326843142,0.6836727215860661,0.791203665196902,0.6748902286519648,0.6542395967813622,0.0,1.0,0.6596559481344891,0.6580919356147722
00280105000027,0.0,0.04889107281945031,0.07403834312595255,0.09324374800837076,0.13660843072017403,0.1458390348228981,0.1720264541105149,0.20978768924315389,0.22156383002167898,0.26394395606141624,0.2676922185707794,0.3450713822448268,0.3879214946552677,0.4670209633446875,0.5463850650308105,0.5120443476883677,0.46891102456583605,0.5514482665657081,0.5812429741183228,0.62399567590367,0.65036967758378,0.6998784890110326,0.7511874488411986,0.7879423837877435,0.8508610563161758,0.8869672083222551,0.9184703028910094,0.7863452515663151,0.8989233473685437,0.9662685800373,1.0
00290105000028,0.0,0.03964831909430698,0.10085462837506992,0.10890800731464943,0.09855653477433754,0.09137419446380082,0.10494362617289245,0.11548043746045797,0.1028792233976522,0.11915964064354792,0.19340908641847818,0.2820836782566038,0.3392161271579655,0.40776987078027127,0.5145249741343026,0.5877947311929898,0.5177895687473736,0.6116260185320099,0.7166963717131246,0.7359324340009309,0.7542182137205266,0.7800757139443305,0.6924654458972328,0.697481042196958,0.7662478696391737,0.8239427993409368,0.8278085571742855,0.7616717315423769,0.9129174717233871,0.9650980093056194,1.0
00300100000029,0.0,0.2953134731812979,0.429703518917172,0.9153310455144795,1.0,0.919081307128241,0.7854079028785496,0.7596391047676476,0.5842781443609024,0.49014976208480227,0.49879424162278707,0.6719816336772714,0.7042040577423078,0.9284143258994133,0.9581287481926583,0.658247325509764,0.2715108235574094,0.6425650860078047,0.6875184055559436,0.7813963146413376,0.804159085883963,0.8888168310650213,0.8952549547906858,0.8069781684570616,0.9664014974782504,0.9168473827953444,0.855386862448238,0.6436340273034217,0.7073165741330204,0.8705198109509468,0.8815051302888369
00320100000031,0.0,0.2956230237227815,0.4317981868274922,0.9151891856980477,1.0,0.922101413989851,0.7914343190880144,0.766524490925402,0.5935422089193815,0.5013583414513471,0.512070381474631,0.6863535795740975,0.7185342445684303,0.9418853234539759,0.9709032821166462,0.6674528696041935,0.28188662912236434,0.6497364071151958,0.6946775309421284,0.787460977087644,0.8097473812005647,0.8943154995594955,0.8996597859158266,0.8133210374616598,0.9726112555429228,0.923948882076376,0.8626391077919977,0.6499737200832993,0.7154486491310722,0.8797406459780045,0.890872326481262
00340100000033,0.1341993631045239,0.08671235531552994,0.0,0.07502473624049787,0.20015819254829542,0.2858734455149722,0.2953135672641368,0.39091419836853397,0.5501642964360836,0.5944931216272317,0.5288597053095091,0.4648139629198574,0.48940621809604984,0.4914623644743194,0.4249250676894848,0.3246175103061561,0.48683249522955396,0.48618855944358474,0.41211517024313987,0.4823786414315954,0.5667813603026794,0.5985154906852518,0.8214271722931568,0.8726108121363221,0.8509241624114565,0.884751402012733,0.962691964323601,1.0,0.8895498177742703,0.9435684525194281,0.9727909352080856
00360100000035,0.28359491486791427,0.23375220880122202,0.23264721863850715,0.08449505046596525,0.04047900378262478,0.051157200916924606,0.08767064309949325,0.06521200920280472,0.10957045993652219,0.12757651077244578,0.11391213064116305,0.0596626219858007,0.03411406552198932,0.0,0.0073367710659935715,0.14910259660044448,0.4371879192655419,0.311534125523265,0.33697330982158696,0.4064649310203233,0.44984043706939997,0.49392557302196055,0.5567989756201347,0.572068665266128,0.5354181252721669,0.606993281095432,0.6772877547330534,1.0,0.9590196832466906,0.7022820545556718,0.7283564991415507
00380100000037,0.7881288827155163,1.0,0.6794415277444592,0.6856041327871594,0.769026146611553,0.2850071801407198,0.22395554689879588,0.2982211566223129,0.47300148133617,0.5274893285538855,0.6601941919457289,0.5108486666863118,0.40713980617783085,0.470182593665879,0.39655409421275906,0.42412004135032827,0.5600168304332022,0.5844873948045142,0.56685926156978,0.3853195025506611,0.6919071192235702,0.6323194071206077,0.20135337762231842,0.1269149918564059,0.17316852931104892,0.05429637943886757,0.0557006988487608,0.009714421049133311,0.0,0.11926648494635597,0.09815787660650699
00400100000039,0.16873718035902288,0.12199858639170641,0.11779861317544661,0.21232462721842701,0.16665808797699838,0.0,0.10763409607595036,0.4145461811115202,0.31372846621648875,0.2603384818674048,0.34791323079957165,0.47312471354249525,0.6804615269997137,0.677707847432184,0.6322349720625026,1.0,0.4162419711401337,0.555666782180004,0.8404934001915964,0.7184136037339045,0.6228889062928451,0.5288611540828787,0.17072565201463433,0.11026436817864846,0.20300288483647036,0.37203121208867734,0.28971263813372233,0.07484291084832949,0.37329786026217265,0.48834607617201864,0.4956802974450648
00420100000041,0.0,0.13216240389418168,0.24235522134769238,0.5079432397932283,0.5300593312723442,0.4952723123473446,0.45659401177476955,0.5033420629915926,0.38125672719932624,0.3160258136719514,0.3207121674031409,0.44650290183506947,0.5217457047773196,0.656045831068777,0.684220366570648,0.6363728538724026,0.3664112754874068,0.5995467264783375,0.7158315774916078,0.7736925466644338,0.7575149245904758,0.81164172859001,0.8104307826120839,0.7600047521271555,0.8618625419368409,0.9159073900800075,0.8933809565260236,0.8687099738173407,0.9908101657207262,0.9740438713188462,1.0
00430100000042,0.029097823852582576,0.0611686066516782,0.06812504623643933,0.03937282905644232,0.029909810684291948,0.014625516786961546,0.011178251663507064,0.02300952868383906,0.0,0.007508548811003983,0.010030183330092932,0.07775859348359432,0.17373590635596559,0.41920454950847225,0.649253621687147,0.6396348117384628,0.3338594008913668,0.776225288149379,1.0,0.5001668557501548,0.4115692396923385,0.29006534718541027,0.15689446691969092,0.1883473487315228,0.21793786720847913,0.23848621326502864,0.2023624529195853,0.2633188947497503,0.9324461091233222,0.5417846412751185,0.5600523688242235
00450100000044,0.15002130001027839,0.11877486480613353,0.1212232075856472,0.19585256831908565,0.15004850943517298,0.0,0.08534241873894226,0.35666649450464116,0.259729613626363,0.21586621901455294,0.3009749663942293,0.4150536769182496,0.6165094109350114,0.6642847444592611,0.6787992556814678,1.0,0.4254959842430538,0.637807171235987,0.9344745245571203,0.7228109073496723,0.6210736945918378,0.5173656151527766,0.17744176983877888,0.13243543119036236,0.21881577630269688,0.36243781386733165,0.29071021737716307,0.11670404048723504,0.5240938243294857,0.5324644614920057,0.542649876118017
00460100000045,0.6672815970387306,0.7540617443989325,1.0,0.8809457506869128,0.6659799731648286,0.5716536837253116,0.16630111222520197,0.1416096780322117,0.0,0.08613987290330326,0.4367186414092056,0.043855434866635935,0.05787548154782806,0.10264813705713578,0.38565220926687843,0.47126682001557163,0.42414064458155454,0.37780526273728127,0.2948706172045272,0.33888594564089064,0.3501534858436745,0.5019535459955624,0.5438377342714166,0.5991342323303737,0.5542231304108799,0.09478638632846659,0.09099122834963366,0.29666850408736706,0.212514061689797,0.21842207850014048,0.2074388264557602
00480100000047,0.0,0.19115286612971732,0.327482028818822,0.7389577202696797,0.7912716294880601,0.7423483275783798,0.6739131621533708,0.7442781682983289,0.5686596504260144,0.47807037789142304,0.49162689774630375,0.677444032270435,0.7846600928898271,0.9694839812081727,1.0,0.8603047443443724,0.3637150179104431,0.7224075766852104,0.8511151499690315,0.8827759820770448,0.8381400967810723,0.8796779636637452,0.8423640571529272,0.7715656777003665,0.917882851480763,0.9436571182724187,0.8758655252978359,0.6616157948341237,0.8353278869355544,0.9609590885043774,0.9780672475580641
00500100000049,1.0,0.8839087165581906,0.7475321781589201,0.696131652935104,0.6601487378753602,0.5341938783028961,0.4268688418667796,0.3919811277216509,0.33071432600197287,0.2639008925382167,0.1559078767865336,0.04137072985591553,0.03254172583478782,0.0,0.025289651773732352,0.30854929999357467,0.3805198274481043,0.41724018988002376,0.4025824264242171,0.42628884894375757,0.44275766619008056,0.4185406688214115,0.47193182678068074,0.4034588214059775,0.3560421251423214,0.3275727342042516,0.3408005849807987,0.45913292164911446,0.34641728046085957,0.23563127764208128,0.22446112015491942
00520101000051,1.0,0.9870432142880243,0.9773380029239476,0.9190061925521349,0.871151257805099,0.8478432182720858,0.8190718404836909,0.7977993977076613,0.7695967619679838,0.7128780743733596,0.6614566787051689,0.5740650574465089,0.46972488801121987,0.43567924367894184,0.4318198397222025,0.46432813018519975,0.4394024831038538,0.4249642827241381,0.4241879123477262,0.4244129994024435,0.39637240957151915,0.34620277261225896,0.2592535421565576,0.20817016418859197,0.18216143003377955,0.15552905147903595,0.13275969060238413,0.10727832115137559,0.09443199418755667,0.0826439119001112,0.0
00560101000055,0.8968338669512635,1.0,1.0,1.0,1.0,0.9484169334756318,0.8968338669512635,0.7936677339025271,0.7420846673781589,0.6905016008537906,0.6905016008537906,0.6389185343294225,0.6389185343294225,0.5873354678050542,0.535752401280686,0.48416933475631774,0.48416933475631774,0.4325862682319495,0.4325862682319495,0.3810032017075813,0.3294201351832131,0.3294201351832131,0.2778370686588449,0.2778370686588449,0.22625400213447663,0.1746709356101084,0.1230878690857402,0.1230878690857402,0.07150480256137197,0.019921736037003743,0.0
00570101000056,0.9308755760368665,1.0,1.0,1.0,0.9308755760368665,0.9308755760368665,0.7926267281105998,0.7235023041474664,0.7235023041474664,0.654377880184333,0.5852534562211996,0.5852534562211996,0.5161290322580662,0.5161290322580662,0.5161290322580662,0.44700460829493277,0.44700460829493277,0.44700460829493277,0.44700460829493277,0.3778801843317994,0.3778801843317994,0.308755760368666,0.308755760368666,0.23963133640553255,0.23963133640553255,0.17050691244239916,0.17050691244239916,0.10138248847926576,0.032258064516132355,0.032258064516132355,0.0
00580100000057,1.0,0.9632903570647682,0.915770363459835,0.8609768334738096,0.7963565839414891,0.7249730918900777,0.6529994449015629,0.5810433902396097,0.5089743125021863,0.4369296929482766,0.3673604605324984,0.29848971492209087,0.23041373458839046,0.17220471656399558,0.12550216140742537,0.0861715764470398,0.05397396258095715,0.0260117759863671,0.00650967401457046,0.0,0.0007724813586846113,0.005953703853087156,0.012409541323773072,0.01858413844322569,0.029219606648832816,0.03930936004408762,0.045614662290823504,0.04538586149587753,0.034662005225986815,0.019815327920294248,0.0028402903614811567
00590100000058,0.0,0.02272662067967789,0.042800745216228425,0.05965647579066114,0.0757310116456252,0.09072861464343861,0.10480659359918036,0.11965152138073372,0.13603455487386046,0.15314996391544067,0.16982632454750116,0.18505680650482423,0.19944066229944496,0.2148155992496532,0.22927337178959528,0.24080199210249548,0.252537096102553,0.2666984317553897,0.28910843794994423,0.3253653512150829,0.36792272394858044,0.4169023881560668,0.4732290527546728,0.5328847570852769,0.5983109604624198,0.6681934869777831,0.7397149239783947,0.8100140608106002,0.8679905461971631,0.9299277691795815,1.0
00600100000059,1.0,0.9683430217088764,0.9299505368004843,0.8866923106969538,0.836406166298501,0.7824100474488404,0.7284121329991582,0.673481110091069,0.6170428412879212,0.5590357262190053,0.502672904178381,0.44748339603973175,0.3926563023755261,0.34526312627726136,0.30789388211187335,0.27715979314878086,0.2516586673130176,0.2287436629938521,0.20932679913501456,0.19468749030178453,0.18319584219332477,0.17288711909884688,0.16131986038208096,0.14898554460569874,0.1384239986441048,0.12567642497546233,0.10916081289203416,0.08816109853514797,0.0633527406283235,0.03390215209249542,0.0
00620100000061,0.36995036821593885,0.5907758695163784,0.56974138395436,0.6421397174378831,0.8117657770034296,0.9575113184978375,0.9752799282539254,0.999411691259319,1.0,0.9066248830193953,0.6869310742274436,0.19742757407360584,0.265808312827759,0.27241074779357033,0.18165115678776456,0.045483923695930906,0.0,0.007208145646577071,0.22601937728152643,0.6898768982768108,0.583615910787539,0.5796154640672425,0.36646297533080585,0.3062033906352423,0.630824429917945,0.469465455317152,0.5155344902304771,0.43348946744115074,0.5559763083832505,0.6162489505376765,0.35850523581657756
00630104000062,0.3606979640964113,0.5568299425750751,0.5455835811468758,0.615787084961523,0.7942786527951038,0.9126080065210047,0.9384702381736426,0.9824658791601897,1.0,0.9296791611859309,0.7683332684374891,0.40292744279399084,0.4678378909942117,0.47728394490637926,0.40327621851816386,0.2640698309952545,0.2118315353732684,0.20647692144542495,0.3721683104123492,0.31838298068087745,0.2289080215617986,0.22735199596704342,0.035232644297866496,0.0,0.28089627216877966,0.17155441454967443,0.19902268450677899,0.1613647847521208,0.23580222258765166,0.06364354546432333,0.037842490114669995
00640100000063,0.8200731902150585,0.9447460515954614,1.0,0.8218121005159335,0.7409126995041102,0.5636754791257134,0.4907253706060006,0.44714653495699413,0.36087305479864495,0.3637813616839778,0.3654528383351832,0.3330869262836664,0.2744413166178627,0.24128560100048718,0.24744565763590537,0.16660341503678958,0.15251606111441596,0.27608363716583967,0.35805336559390266,0.28686732820925676,0.25091159977301447,0.20832600922560465,0.21816117192561146,0.22369700479734822,0.20876399206345786,0.19208980722854527,0.1348113411065469,0.14489013548924282,0.17737966091864235,0.09061601812549178,0.0
00650100000064,0.8057783000148276,0.9411326210529645,1.0,0.8173648099920637,0.7772690891942821,0.6396762125247133,0.565258553696235,0.5471706975344465,0.5003845308557736,0.45513875080015126,0.4131164875021769,0.37920505588783143,0.3078289288833993,0.27082584959540223,0.240071406990669,0.17447927072378783,0.15253526275062698,0.23010627795939753,0.2781869055116724,0.2100562504757148,0.19697019474945265,0.16866043321499508,0.19015417564848583,0.18244841782168217,0.17192057221478627,0.1487332371316406,0.10338868078244924,0.08713497968686901,0.11196906605614378,0.07666118534060753,0.0
00660100000065,0.5615496154785572,0.6249287482580417,0.6031353244946379,0.7224287392950814,0.6413595655845654,0.5397793878129938,0.2605118747029517,0.15727063898536242,0.1380109251661678,0.10331357931519983,0.09565887652874848,0.12957973757070362,0.022297542249386255,0.0,0.1528950372267744,0.2896154936317154,0.38646989822799993,0.560581999924175,0.6822864335117338,0.7159689187460844,0.827419848217523,0.8141490071708104,0.8858527919388932,0.8402134228523218,0.8094951374537844,0.6649325045598647,0.7162678215971565,1.0,0.939973016515828,0.9297203462042133,0.8032211434210931
00670100000066,0.0,0.19558722931071837,0.2215291131609696,1.0,0.13715126193691002,0.35557340526350245,0.5063230295301997,0.3901801176501119,0.36480339066149126,0.3887225050466231,0.325907339089569,0.7953966684433874,0.5407849880424384,0.6247689267750314,0.3742185967650089,0.625852764256228,0.2573293376763213,0.5791839054439996,0.8580612337723179,0.2364332331864911,0.7552763550406171,0.5271969183850708,0.3092133432645239,0.27551547417219857,0.7638971266278423,0.33412232236160777,0.5411496863838032,0.2593630472581082,0.7320481215632114,0.495065052467431,0.3945680125744318
00680104000067,0.0,0.012574616111470888,0.02621830553379591,0.06639611719795961,0.07799488047240896,0.09761964682458718,0.12325815036721222,0.14525620477944304,0.166815304015061,0.18984027256724448,0.21087412070638636,0.2519558112087762,0.2837069849170237,0.3202202012904063,0.3463835879255306,0.3851412393496706,0.4071266479152753,0.4456723639858156,0.4999363151282344,0.5229947886569647,0.5750736718251214,0.6161847327795673,0.6456738983002057,0.6737599848517017,0.7324902148115464,0.7660689730483047,0.8139766434593938,0.8443335143495445,0.9078561557222916,0.9569130488101881,1.0
00710104000070,0.0,0.028686415036093375,0.06344423951632826,0.08493737122109428,0.07470100363959176,0.06280281439138544,0.04271136479015019,0.04195480193993924,0.03761063036129404,0.046166858158537195,0.08649948106170131,0.14006305766063745,0.15823375893451488,0.19213425276028626,0.28500687433423566,0.37278702089043775,0.3585847448390105,0.46125108562980915,0.5774569769897462,0.6054739188300549,0.6614911708886305,0.6841513818695363,0.6473785565052228,0.6505338372994656,0.703519723244763,0.7229420101592358,0.7535273372844471,0.8099411812331879,0.9451316399563235,0.9911981972829231,1.0
00720105000071,0.0,0.035042470013055375,0.06782545119525882,0.10190177067186067,0.11262107115371199,0.11889672873840203,0.128247277064642,0.13337947013637128,0.14826341561007064,0.16205421393730993,0.17682148930162891,0.2165480488939775,0.2483928770249795,0.2897378223777248,0.3211769008181044,0.35872956977293974,0.3871372171711919,0.42931571724530326,0.49126291470957817,0.5284196389444894,0.5954312486919886,0.657136293352782,0.7830887260419502,0.7411596918932843,0.8090555534807709,0.8578978645969275,0.9108678699828922,0.9324131636363034,0.9632339111457914,1.0,0.9863750717136917
00730105000072,0.0,0.05748325018982477,0.09267818175910016,0.1287745681360293,0.2103609588409764,0.20388815399799345,0.24459562650043337,0.3018818805942105,0.2578718475854894,0.29741601756145924,0.3372617920742153,0.42550195062337554,0.4400839242175577,0.48443683840976104,0.5395854730061322,0.5412630054336686,0.6425444223541406,0.6841321667012046,0.6902823274440647,0.6428895265046192,0.6479722934163736,0.7020927881371031,0.7190289280066532,0.7620183965612013,0.8693625027361542,0.9201062616744565,0.9044437887919731,0.6842961415484895,0.9026758644032149,0.9683942432698502,1.0
00740105000073,0.0,0.027454428923691654,0.048477460535107056,0.07505783188982044,0.09441559318684548,0.09799424319746698,0.12675437004705656,0.16049843121627358,0.15481413214400436,0.1464163739435004,0.15785602062789372,0.22527448000186973,0.24968895077062828,0.28072122177957937,0.321984447216734,0.32170746523227833,0.3342352304420956,0.46089746295754896,0.5103326294863746,0.5435411270986211,0.5909098990049881,0.6467071467828397,0.7191501300563404,0.7902726709851622,0.8702025534964574,0.9511778052884423,1.0,0.19002358371529116,0.34336361728426235,0.7814468352139097,0.8095434534067618
00750105000074,0.0,0.055786527331211096,0.09150673989105933,0.13429134517939142,0.16112789154704632,0.16595213411499238,0.21498200656174576,0.2725497021319631,0.2841153032496876,0.21863815785734275,0.23969231096616458,0.3514734959435022,0.3724311642009651,0.4002031882245488,0.4539047014507842,0.4304660329488566,0.458724961529556,0.6442524573204157,0.6886767871162931,0.6991226069029473,0.7319778392017656,0.7711784801520726,0.8166087716102238,0.8757635796717078,0.9192879349489864,0.9693487375970015,1.0,0.18611704099040108,0.36513944583127916,0.8695270787999207,0.8976718280889474
00860104000085,0.0,0.03214927439740527,0.06488519703017075,0.09081327377354682,0.09549064028370696,0.11569591922113107,0.1468347658263662,0.16589327700058928,0.19003386547618847,0.21957377863451633,0.24672434272331567,0.2872978178515799,0.3190289372252098,0.35502901692795114,0.3869985235269231,0.42398076946290447,0.458389247961896,0.4977351386095119,0.5322053100341415,0.5944360915936864,0.6586657572442596,0.7029808197487433,0.7444049965567446,0.7843903313853654,0.8224607012753331,0.8577801762394736,0.8936475039650246,0.922488261055324,0.9544349009413894,0.9621021090675297,1.0
00870100000086,0.45568556418647743,0.3009588222242674,0.235361323428009,0.16977890005350976,0.3240062519108763,0.2992822283407399,0.33492672921600036,0.1682543674224239,0.150100902769896,0.0,0.15526837273921498,0.2716836666245106,0.4662134013451466,0.5412667916646726,0.0472887481322842,0.09244855876272007,0.3716457342068684,0.43891156785495405,0.8749064529764151,0.5722774727187642,0.6765568004224011,0.7455843993866227,0.8914573378483647,0.9419366325944821,1.0,0.985564008852122,0.7977285590796445,0.8757710484836714,0.9861884277375036,0.9194172129394967,0.9627912107981605
00880104000087,1.0,0.94435004787166,0.8971306007078634,0.8503205482630506,0.8158119608202943,0.7717363996920406,0.7345603318848817,0.6890523686841831,0.6526457555556587,0.6115833615046804,0.583339811305862,0.5536239169453607,0.5245565740494621,0.48866571016544924,0.4531416408615963,0.4191926018864275,0.39774663900409346,0.36648593441439203,0.35081303250848556,0.3246035774811887,0.298655576550842,0.27318694381334013,0.24983097624137893,0.2258417264991559,0.203488649253306,0.1785286440278921,0.1518101100252678,0.13377463332851489,0.11905184663389368,0.03074036620685653,0.0
00920103000092,0.5097578030640137,0.3296675354395779,0.32553556671540274,0.37925116012968024,0.7063759455851504,0.6342254147860912,0.4538808721632446,0.10190070561312059,0.059055368380903944,0.0,0.0787616807577395,0.21874006738287458,0.22579619858877376,0.4197444536265972,0.5548916152819274,0.4057593287140042,0.4218422223634861,0.5164325217722967,0.7808785201195092,0.6420443709872227,0.5920157650499015,0.5854681838408239,0.6700146208124086,0.8245502510965609,0.8509948509312821,0.6081622274489861,0.5979276587629522,0.37791621638802364,0.5428135528574153,1.0,0.7177547517640328
00930103000093,0.5167733178204382,0.3272574494214983,0.3301661172516321,0.3857539913386336,0.7186995022946158,0.6446254282205417,0.45931096890957274,0.10076918104841316,0.04543985521297912,0.0,0.08073169155193588,0.2231271411027083,0.2266821795617607,0.418848167539267,0.5648632926119838,0.4115441794324866,0.40049124167797817,0.5234955723611919,0.7943248658780945,0.651929416327322,0.5999612177622649,0.5894253765108913,0.6781720638614182,0.834464481933941,0.861676685411415,0.6146338310387176,0.5964708163661043,0.3403141361256545,0.5362290737508888,1.0,0.7295585288604486
01170101000117,1.0,0.9530696858192228,0.8988227256034075,0.8573834126420175,0.8117489190943925,0.7552424592078599,0.6996089852605778,0.6699802535649241,0.6326733186050132,0.5927119060471231,0.5562157113402542,0.5345817326069647,0.511971242525372,0.4902604042640769,0.4858624439173616,0.4781139635029589,0.45544913886009253,0.4351501931653291,0.44993606726706975,0.4647300214938656,0.39958597576816834,0.38836343579586385,0.3198659411230776,0.32741549629643707,0.2661901535833657,0.19877805881684565,0.15210977847851664,0.07570162018702606,0.038889646692979826,0.0,0.043445387712036966
01240100000124,0.029181232654509517,0.025341573046707408,0.053041604417286,0.0,0.008238772840675293,0.05193316325914072,0.17978070147272932,0.18289027114060263,0.1092780749460387,0.12309898803608658,0.13895150918258062,0.11688391305152765,0.10366676406177962,0.11857880845193196,0.12444505677483864,0.19149005898608076,0.3984526165082445,0.3417271923202243,0.3640046777545783,0.4060837868500367,0.4153198721945631,0.4618946797432874,0.5562395838761361,0.632038332956643,0.5981728113256074,0.6039899863068682,0.6533940560029096,0.9851071027229954,1.0,0.9450684496617422,0.9293877125638654
01490104000129,0.08261438942230169,0.619065472893785,0.6210262570253361,0.7820640139652726,0.7227770237635772,0.0,0.5666397681045511,0.7378511669404076,0.4753177311118127,0.5114383653418951,0.24680489209929043,0.6892542069012655,0.6528366824810886,0.4270402532790507,0.45248131433104305,0.3748020356796552,0.3158972932923404,0.13267416687351524,0.5577594674726398,0.2812485692157538,0.395282126966338,0.45157877418276104,0.557606399214884,0.3685927114886596,0.7288499407162979,1.0,0.6141243695028573,0.38012526553464787,0.5472251288204253,0.15728896877692375,0.4773010099505604
01500100000130,0.0,0.010658416265249018,0.04731001022273118,0.07188135645061464,0.0964615682844581,0.10362470455416582,0.11244792472053836,0.1563694048315308,0.1763040156819528,0.19717806242184335,0.26747400559248186,0.33723380444102347,0.39764004043307644,0.45382889027339945,0.5192041238384064,0.530980079275529,0.5107351150478648,0.6199058020839661,0.680752246574713,0.7116712157291825,0.7512372008721881,0.7625164670729356,0.7512494040225515,0.7541802170350849,0.7874249210386609,0.8413413245838021,0.8420987755270907,0.7545868136157589,0.8744686587331056,0.8939787273973371,1.0
01510104000131,0.0,0.014203663641311209,0.054032259281308344,0.08276688150191268,0.1106752562973552,0.12042520983045636,0.13172508305555525,0.18017094249632287,0.19901843213033435,0.22380861985971182,0.2992371548977082,0.37888212303570584,0.4464360766904151,0.5093513016861613,0.5813206933031456,0.5935723351504243,0.5682613229725837,0.6905075949776109,0.7556039636608434,0.7840940555649855,0.8272123589970946,0.8399508253011871,0.8321028018645902,0.8396975117720061,0.8781543893106188,0.9353073641228616,0.9409716214439608,0.8230923917020038,0.9443364344088306,0.9520800145039187,1.0
01520104000132,0.028890119457012146,0.0,0.054234560333416997,0.07147213038892204,0.083833605308347,0.04160442204257823,0.0063358096599693305,0.08236467001731426,0.08167068910616737,0.08605730753042455,0.24345854764691544,0.394120858436483,0.5156865282379204,0.6180675485713187,0.743989870033148,0.7120237437571127,0.5905117191963818,0.8410512781486635,0.9438067497950932,0.9583544456802089,1.0,0.9606829278864116,0.8663759715726579,0.81525347882188,0.839777106120597,0.9177801017402522,0.8777658935871541,0.5997401314331375,0.834586141777182,0.7899508360861044,0.8426926711937981
01530104000133,0.0,0.05796179240617978,0.17151361310255375,0.2648568417575392,0.2758340694886511,0.31282422292512235,0.3984323881700874,0.38010594329764164,0.4020330848126387,0.478347342120867,0.49896054563535175,0.5639847194989367,0.402733480507559,0.4608176244503803,0.5077830422068776,0.4708664127234044,0.6326396039375609,0.6371302123543169,0.7641906200902905,0.8107027915733128,0.8640665473863753,0.8180407911182659,0.8663454150258973,0.8580677595689866,0.8241264495922891,0.8302057862090518,0.9098751686774647,1.0,0.9540620452045145,0.9516865150318743,0.959619388641463
01540104000134,0.5728325272630962,0.30477953414878484,0.3677000308636985,0.3609110051797469,0.41914727489482617,0.0,0.19350641489954248,0.03701314678988066,0.12475991806946081,0.12625520061017395,0.3757070820193842,0.5595830048135191,0.6092696346273273,0.5577638639193389,0.558949649746499,0.7344772137808387,0.5850352980681129,0.7561411256237094,0.5916583279296213,0.5076800002882013,0.7953112912455207,0.6554351077856302,0.7175154836390986,0.7957921326151807,0.9680097519937215,1.0,0.8676371723371007,0.7297132012838955,0.8574426737230736,0.882103855389053,0.9498176611104595
01550104000135,0.0,0.08603334655902446,0.12043134116288917,0.1287191703377927,0.18893166061016348,0.20151017599553186,0.18578305160266612,0.2468138400406167,0.2335458741234187,0.26633464447266136,0.4233273105461962,0.4346317726036455,0.5002405388886711,0.555622672221282,0.5937136736578585,0.5915423211398133,0.5757416176684584,0.6931982722957347,0.7086925697293733,0.7581532614121733,0.7981833511034957,0.7616357658213706,0.8314691538803033,0.7479262019869,0.8075282370989697,0.869796396762368,1.0,0.8436362499712404,0.912359217188169,0.9107575589241192,0.9569828846297913
01560104000136,0.0,0.00622305053146563,0.08913176553465978,0.04905500680756051,0.05830805942919248,0.05830512205298146,0.0007739939791488582,0.06505360859363585,0.07339782984059755,0.0711977548528861,0.13915058988790233,0.2972315741295712,0.4498946396751218,0.538552335125907,0.638622862303665,0.6809401942847366,0.6767467967832685,0.876061412801004,0.9592614767867489,0.9663884031807103,0.976575066909902,1.0,0.9502542658965468,0.898240334384766,0.8720072310929202,0.9215101516959551,0.9348724047148508,0.9143946134648766,0.9683545347072514,0.9252330875470093,0.9923289828736542
01570104000137,0.0,0.028270730573408405,0.05781320879110068,0.06677387031305247,0.0889360768271489,0.09583375654666748,0.11257264994802331,0.13898358722637255,0.15112503147442283,0.19059311505995688,0.2354776530711742,0.29050997849300436,0.34716358006937437,0.42488498736899555,0.4994587583779023,0.5046464965487664,0.5018080652223327,0.589288013276304,0.6644137067455477,0.7070045967157574,0.7478703600771999,0.778704106232282,0.7647122572355483,0.8218870448438695,0.8513609284752095,0.8878438329809238,0.9334977562728132,0.9524985126974164,1.0,0.9445594514269546,0.9407164866655904
01580104000138,0.0,0.011164464732153039,0.033597366382508036,0.08208572062424027,0.11360618714855854,0.13913154512129186,0.1499967855417754,0.2046704012538591,0.23399877762124235,0.25387925586917154,0.3336681264057594,0.38758649755561525,0.43738801544609973,0.49902048164952395,0.5697157807633922,0.5697329174484832,0.5430411046185977,0.655700677239971,0.7422092176709546,0.7821197854922726,0.8163884803571382,0.8246997580014396,0.7818760075127209,0.7897129733803598,0.8347014469386769,0.8986679894958904,0.8801747333051687,0.8092841635660938,0.9615143931047455,0.966949488058036,1.0
01590104000139,0.0,0.02789516889414117,0.06651288662610534,0.1257420483000129,0.14764530991267008,0.18331379578629378,0.22974857444467411,0.2809236619172026,0.28926881105284663,0.3328647759595935,0.3688399005842509,0.45000742741044036,0.4906014787614682,0.534195462874747,0.5939552814736331,0.5951653316012199,0.5550049893139876,0.6370181192104356,0.6704967766955015,0.6877743438994229,0.7408951734370578,0.776080157422815,0.8434074686616697,0.8862581601918375,0.9416039434202568,0.9975434147770169,1.0,0.658034283456676,0.8137854330674223,0.9025546880876043,0.9875141530507362
01600104000140,0.0,0.03636981164581217,0.13741967553438092,0.3341175740635647,0.4040081261602346,0.3296736854744724,0.320781363520001,0.472491639500813,0.5852480999680707,0.43843140717246065,0.6317254406221565,0.5018667862862286,0.39160863886055436,0.5274368150424137,0.5536424773214865,0.6634002577225871,0.5858501225658309,0.6349467063247275,0.7482624273725685,0.6381821956579542,1.0,0.7105800556692394,0.8974605663180723,0.8541386546530585,0.8652131061389474,0.9158268396740357,0.9343673287037412,0.9368061540456812,0.9408815599948959,0.9589819821304874,0.9796007259513373
01610100000141,0.38897291622336283,0.38565953618155707,0.8580274810798219,0.5533029188669907,0.4054121862701555,0.5373637015244642,0.520147417913003,0.5633579374301394,0.23833311411929675,0.3500540620715686,0.8389388068827593,1.0,0.5660275044928486,0.3988442177150226,0.3313054368802845,0.3468111440544314,0.11110102695369073,0.0,0.2540090557098381,0.24871866624938646,0.40585519109741486,0.2546566875596451,0.3379126725986081,0.2403768700658101,0.22365874831204,0.2831699843755826,0.22128841340878358,0.2458718883867009,0.25355878593306724,0.25355878593306724,0.25355878593306724
01620100000142,0.0,0.024470212806669833,0.10526822976706092,0.09250126782604906,0.17951553149619143,0.1904093894078348,0.2777889156791462,0.3691814140836452,0.3130073441638642,0.41038460610531896,0.4984314859638912,0.5762761705413042,0.6183123427288818,0.5927220734968365,0.6524119582042142,0.38196395078032697,0.28617871342443646,0.49200827927446067,0.6418546036696124,0.6826709137812543,0.7434353916697681,0.7574213533460553,0.7220080927390565,0.6990638447831041,0.7355649163330491,0.8829037423488637,0.8116120018534406,0.8271151732387806,0.9990089975353704,0.9779875924367767,1.0
01630100000143,0.0160283420245556,0.014218653642436511,0.013287698551781062,0.011962375455260663,0.00929971091027314,0.007901655792121026,0.0012079660653865527,0.0,0.06749657037881242,0.24689497683032569,0.06988161805594256,0.2861403806118653,0.32947359097450624,1.0,0.12064380985601866,0.06062182642985123,0.32412413257827777,0.09052652538242342,0.14327567389458157,0.4007225985615373,0.1548453109580977,0.6247596225196757,0.845197808561825,0.14814951896071915,0.0753871153155115,0.18339573068768766,0.5153634677895933,0.5169072320649131,0.5169072320649131,0.5169072320649131,0.5169072320649131
01640100000144,1.0,0.8481517902344914,0.8172261434838258,0.727567412242822,0.7125388936986073,0.6483305155662685,0.39779994040008815,0.5892395214837652,0.5161959029098552,0.5362386464398273,0.5234537219576245,0.6604879220924849,0.5183252232290694,0.5022666519032885,0.5908700287743378,0.719474144227621,0.7827300175456925,0.5688725573431203,0.5574298069399078,0.4766981907316851,0.5726018330890904,0.34833846745879027,0.5051922853246984,0.09596900408282766,0.0,0.12951592478193402,0.22017396331768968,0.043505667521728804,0.11052226211109838,0.11052226211109838,0.11052226211109838
01660104000146,1.0,0.953594613240133,0.9469657646719958,0.9002837991983491,0.8449986559780397,0.7966454503282837,0.7227250759707845,0.6810830407322502,0.6541211339217315,0.6235038952997393,0.6502776027470065,0.6364084523692203,0.6184472288759779,0.5766317893150033,0.546645845689525,0.497440413180267,0.4879048595848212,0.5128647134656035,0.49827465250416275,0.46244806566081836,0.4364805453384463,0.37448854619288413,0.2961994269278097,0.23641833517869926,0.1928199640972032,0.17323404748630553,0.12463265086666936,0.1015160521585224,0.08549207069420492,0.02472911790633259,0.0
01670104000147,1.0,0.9220301735827077,0.9134744577859354,0.8610347152859551,0.7948584653998698,0.7265669815099806,0.6396636575322046,0.5979732545160714,0.5767578550642519,0.5513058112865936,0.5997239323418422,0.6012725753242094,0.5949179996982495,0.5639496867407743,0.5496953646011786,0.508886744974455,0.5159064714854882,0.5627118755103983,0.5603786226613354,0.5259752336097736,0.5035762772091893,0.43155409364534403,0.33492091843149946,0.26836178307961295,0.22058777283900954,0.2043050441519921,0.14722891616727812,0.11798477996866683,0.09906793107099571,0.02328105312830712,0.0
01730104000153,0.011711463079466035,0.06339489127236436,0.0,0.1328373049886606,0.16803621627095547,0.15549466523992878,0.1538057016478473,0.14158870506880242,0.17471602664539737,0.13462501516754793,0.153080009501272,0.31789182180633063,0.30319280051693237,0.3016141421670625,0.3747892306461706,0.512941962552613,0.4872756486542289,0.46730385722597795,0.5643012260765811,0.5417482002926652,0.706179463482073,0.7496225888205756,0.7653622468011314,0.826978360667047,0.8684326157505359,0.8265369068588918,0.8655397974946938,0.8975015621052566,0.9513586174716734,0.9421015972929613,1.0
01740104000154,0.0,0.0537582003859397,0.014714349526845036,0.13088289264730274,0.16240533580709843,0.2088932657243857,0.23417498957143265,0.2147452962932721,0.2517771721335052,0.23569195644663574,0.2310979054813045,0.41013788634423476,0.339165094715051,0.3679271580154736,0.41017736397198645,0.5159490209594556,0.5274155109701926,0.521905742697909,0.5920792843816629,0.5655540344603263,0.699295020440967,0.7465233775600065,0.7669388007186371,0.8186509521670545,0.8614837222616012,0.8357612420346119,0.8979888969656038,0.8780235606121317,0.9111139969029566,0.9304998167120478,1.0
01780105000158,0.0,0.00714618707529443,0.019642981332311907,0.043134624951138394,0.04861874410055977,0.055153991708037996,0.07404147906916438,0.0881522864985365,0.08810094343371545,0.10640951599841955,0.12480807159492965,0.19805426590551398,0.2674161230047206,0.28695591780819285,0.3303747268411829,0.40695163426076514,0.3870918474510007,0.4375024211537985,0.4889975784534999,0.5035995919294151,0.5560412291132861,0.6262418153682635,0.6828846016485512,0.6416834238657618,0.698981784355212,0.7617992751004706,0.7857304588380511,0.7971016645726804,0.9422893950579924,0.9664647294436138,1.0
01790105000159,0.0,0.015928240064115296,0.02826975523680358,0.05115017189750764,0.055490273339290755,0.0649613489745942,0.08397607157075186,0.10630701582080578,0.10433007785642684,0.11983790679650043,0.14247559968617965,0.22914188612724565,0.2828212103643183,0.31232557637334873,0.3852505270029474,0.42986497251134365,0.40962227406087165,0.461955327762411,0.5354743627870916,0.5473576050178721,0.5911156848854898,0.6283301511133386,0.6634791713722972,0.6690002045571966,0.7396346895805892,0.8117640586513071,0.8421712141398566,0.8112494980979676,1.0,0.984374899155975,0.9992880226618899
01900101000170,0.0,0.11764705882352941,0.23529411764705882,0.35294117647058826,0.47058823529411764,0.5294117647058824,0.6470588235294118,0.7058823529411765,0.8235294117647058,0.8823529411764706,0.9411764705882353,0.9411764705882353,1.0,1.0,1.0,0.9411764705882353,0.9411764705882353,0.8823529411764706,0.8823529411764706,0.8235294117647058,0.7647058823529411,0.7058823529411765,0.7058823529411765,0.6470588235294118,0.5882352941176471,0.5294117647058824,0.47058823529411764,0.4117647058823529,0.35294117647058826,0.29411764705882354,0.7192697768762675
01910101000171,0.6938444047425703,0.788046126360241,0.8586974175734939,0.9057982783823293,0.9528991391911646,0.9764495695955824,1.0,0.9764495695955824,0.9764495695955824,0.9528991391911646,0.929348708786747,0.9057982783823293,0.8586974175734939,0.788046126360241,0.6938444047425703,0.5996426831248995,0.5289913919116466,0.45834010069839354,0.3876888094851405,0.31703751827188753,0.2699366574630522,0.2463862270586345,0.19928536624979917,0.1757349358453815,0.15218450544096382,0.12863407503654614,0.10508364463212848,0.0815332142277108,0.05798278382329313,0.034432353418875454,0.0
02180100000198,0.3165703947335946,0.30437393727883544,0.31694790606206863,0.2524420476911993,0.11786472881992438,0.19524894952030414,0.23591800876036995,0.26218331835514697,0.1716297032452777,0.21058433494489015,0.2204374686417138,0.19101777117084773,0.12795992539859224,0.06073176595673954,0.012302783168145795,0.0,0.19770445006858417,0.2561706425588334,0.33425987020245307,0.38054419804078254,0.32884781350939885,0.35905397409367,0.43001474232380865,0.5909999088572344,0.6194149854217303,0.6234797170727835,0.6812011154122126,0.9451840095208471,1.0,0.9053636343212672,0.9833580837390427
02220100000202,0.01260424402876717,0.0,0.06796114107582125,0.057206257922820525,0.049676343903100946,0.04334974525222771,0.015077755314471367,0.035426976912727046,0.13823474583804518,0.0607978479798402,0.051643448768471,0.33923509288430764,0.2719241853210883,0.29247591874907547,0.33099783968991764,1.0,0.3968279408552486,0.6566903565852451,0.8882024076808185,0.49350271594864953,0.32303802241495494,0.2472744551196624,0.14682025270476182,0.1532398451357569,0.2210169813530028,0.2565335078471129,0.17872428987890857,0.12789440634853316,0.27878705901991724,0.4136153352716614,0.4247870155896961
02260105000206,0.0,0.013184326777345809,0.03620642947941623,0.04952018869519788,0.06421552215316251,0.067728118569226,0.08343111402293517,0.09981911638010445,0.0995938725511423,0.1161442424386523,0.1430315613088153,0.2057531144063538,0.24279706983909347,0.2922733677385662,0.3783753974598361,0.4460249468661524,0.38424938111899487,0.4352201240802286,0.5100226404699553,0.5305688025371168,0.5781250425300208,0.6242172399943029,0.5886482963238266,0.6012411485289595,0.6684566814132482,0.7460589571857973,0.772513920630933,0.6203159563641834,0.7734756557325985,0.9113237818913107,1.0
02270105000207,0.0,0.01147561171432703,0.039147939398351796,0.050286584854842664,0.05695841671726494,0.058942822748376596,0.0728648578426137,0.09052432899225442,0.09277539071483136,0.10653022752523715,0.14294402671974304,0.2063877599369194,0.24594463849127615,0.2938926447309694,0.3776700544611209,0.4493050758924323,0.38308699415557707,0.43937151313806716,0.5108277603945574,0.5363121315650538,0.5831921906435665,0.6438577019880493,0.6082738903066619,0.6168764225718705,0.6860749369017868,0.7587200394152647,0.7926713242382164,0.6303798439425612,0.75527925668829,0.8967026997416427,1.0
02280100000208,0.0,0.04814345128405101,0.003196511637168316,0.08062205454195497,0.17565241856870903,0.18985411148590106,0.17532043003307157,0.18734124185694712,0.24216489198909766,0.28034954200676954,0.2389641061925045,0.22407099943434314,0.2165309615992289,0.2195708033322801,0.2269192606810642,0.25429954040350816,0.3538065788506785,0.31290157584398304,0.33248671976462285,0.34387361992569626,0.35166250502938845,0.4018384461531828,0.43664655513037137,0.49017617429350707,0.48844806677596386,0.5006661383517684,0.5507530561790254,1.0,0.9206753218584587,0.7039049517331047,0.7278704185996164
02290100000209,0.0,0.007191323442283191,0.005794368660613539,0.08822845089366727,0.08902899553966437,0.12262602567336793,0.12694508662451115,0.1369860343041738,0.1732684117580291,0.196487438938834,0.19260967417954894,0.19033687546002928,0.22308034109248712,0.22390388137332995,0.24760552094763616,0.29392020559367327,0.3946919538079178,0.3320923136154747,0.34325352452934293,0.3405243701392105,0.3775795964656397,0.39713743739575563,0.45227589405744795,0.494962770149019,0.493873161057018,0.4885504295387935,0.5724120405797901,1.0,0.8635961719267344,0.6201866482948197,0.598990180457497
02400100000220,0.08445642731461923,0.045528466676996594,0.0,0.12309505116898638,0.4355596197820397,0.4110096731394661,0.4247926216862498,0.4391938636248498,0.4644671052146426,0.49263291745113147,0.4046386898270631,0.38388467934676557,0.3332104927505634,0.34003277037196034,0.3851657329035075,0.3907531778511645,0.47989083587338427,0.4532329388776533,0.47843550577015975,0.4837061601758915,0.4939372043322683,0.5501730431519484,0.571366127117219,0.5982788756632508,0.6157185406042353,0.6253138778913616,0.6562095878968746,1.0,0.9277469201793548,0.7454230805621928,0.7614203368756696
02410100000221,0.0,0.01211735741159656,0.05752129019877008,0.11470272273571538,0.1353534997900611,0.237416415315155,0.3002323529661455,0.2644492631879626,0.28073193378002165,0.31334375184937113,0.3221130311521131,0.30504144250899473,0.29879029920936745,0.32720402608245536,0.3520266789044842,0.3978419328795779,0.4721293470261742,0.43048636578832167,0.4442011393557716,0.4514387599320925,0.4770416083084498,0.4841091207387006,0.5333659131820486,0.5637609935649562,0.5589559409873364,0.5682868240478192,0.5972315600723113,1.0,0.9174299613241056,0.6883796411750955,0.6569437177882078
02490100000229,1.0,0.9832525390019494,0.9619854855258629,0.9360293950908289,0.9099102822721856,0.8831770797296403,0.843331925191032,0.8101904267670333,0.7655935129013676,0.722231436619645,0.6966891151443125,0.644752910285779,0.5935754665846463,0.5401294907559919,0.49969392380078603,0.4531242472911641,0.4182403233468203,0.3984411013329211,0.3605284976959427,0.31685502807234184,0.27536275735225557,0.2354971863688704,0.18737143670217218,0.13668675939460387,0.10096314939147182,0.07062535011769239,0.0503738648831207,0.0649886574157729,0.025780077677834082,0.0,0.005142834445979233
02500100000230,1.0,0.9783440220350189,0.9511709206007714,0.920996098699521,0.8766599645910516,0.8580599484185143,0.8189793953578921,0.7743925437402799,0.748373651254984,0.7147422715022138,0.6876422221071657,0.6397638474627835,0.5749415110278125,0.538498209118068,0.48579522728180896,0.45436751517708057,0.43494584794907715,0.3944198948092737,0.35824004454997604,0.3301876029445248,0.274719383277427,0.24099564900648812,0.18120841162493379,0.1326941046740252,0.09389435172264227,0.06375742847688298,0.029189896783053632,0.06541011149513017,0.0300755033024796,0.0,0.03492480058025736
02510100000231,1.0,0.982159102054809,0.9589980212322082,0.9319510759661723,0.8986332837340829,0.8761975545937062,0.8377966766169876,0.8006818868060235,0.7637322506122175,0.7244921508302086,0.6983632397884271,0.6470649998433129,0.5906574337619354,0.5428030614317284,0.49705544745211483,0.45544305690449177,0.42697479462214505,0.39708184825538334,0.3588724456946273,0.3209097041987013,0.2730976309538885,0.23564964246569423,0.18270538485075968,0.1329146949051534,0.09620918726592449,0.06626740187959716,0.04060174204849122,0.0627002153887185,0.027316241667846436,0.0,0.020432550303868972
02970101000296,1.0,0.9783842431859336,0.9070981793030225,0.8484532021348196,0.770115969985732,0.7354382480198063,0.6672314147141729,0.6125645990381905,0.5678941675689186,0.5338550330640315,0.4962080963824664,0.4389230729203646,0.4093522636327282,0.361397365921639,0.34059767655978634,0.33854001056117317,0.2687276955538366,0.24320899300730192,0.18945065202958178,0.15656468276974356,0.11260591829110414,0.06613053638902922,0.059552312252516906,0.024488517834437347,0.013952610159405009,0.010436962802541222,0.0,0.3339603185899594,0.7489396850105514,0.5432395315102768,0.014745657916940132
03120100000312,0.21838402064739443,0.17447757963113147,0.19728881708794793,0.1808586378277841,0.26727711019384975,0.4365615597793128,0.7522815836959812,0.6131573419974513,0.27012931675962937,0.1823752735233669,0.29801959814106027,0.292347591072175,0.32095774287967865,0.4008488137342267,0.4077377933781874,0.16131067666905302,0.304446801158678,0.14233994266120734,0.0,0.02746800147846727,0.09012823796784382,0.13821935744238895,0.27406003086405023,0.33073175333620236,0.3570445805989438,0.338892251289685,0.5101783034471545,1.0,0.9139385005812803,0.7918596038265887,0.9650181103757289
03130100000313,0.37501205253632813,0.37750486954388757,0.38598049245462523,0.24546571533177938,0.27014632617555334,0.22875380631937622,0.33744307702348864,0.3463701931562736,0.0,0.009885618724554585,0.07275221697800731,0.11338001265493643,0.18792070914038694,0.27673295781732676,0.3904545812313819,0.4389864220191056,0.4781300929834064,0.38134562430005015,0.3333975562496369,0.3345401322780877,0.362589358354186,0.39917428021436996,0.5200493286775966,0.5602453709678711,0.5184326664656598,0.5841532382230722,0.6468039893879405,1.0,0.8844247679054533,0.9139460721231147,0.8775692214069031
03590100000359,0.0,0.06355818488604058,0.12396216923464305,0.15805092596603315,0.21693138553411276,0.25858600770227264,0.3659851766420077,0.355645653983286,0.4142775093502742,0.43974043259536766,0.4517505558834935,0.508126497581772,0.5539825963436955,0.6203985941579105,0.7137460389273433,0.7307622777272647,0.7367023589556515,0.7045308483459185,0.7229142361976257,0.7777856292754204,0.7998242694598331,0.7604439656237273,0.8021102541479583,0.8264438675889748,0.8380004178529247,0.9028751669421264,0.9163401346160553,0.9160086635629048,0.9293439681983463,1.0,0.9881234561080181
03600100000360,0.0,0.08069253167215996,0.11131511780637052,0.07514026226577088,0.15334300161521278,0.12522839109057435,0.19447119466047452,0.1809407009928357,0.31353081260676585,0.338658976401812,0.3716980767514483,0.4679679630635437,0.4526859491096879,0.5063553634422184,0.5066403999917887,0.5529200358972799,0.5576956996471999,0.4673201724787476,0.4829310731958495,0.531940623366308,0.4713425699100662,0.4957344991600466,0.5250055973893571,0.5344310070521925,0.6324149994652627,0.7524677037121923,0.6797319603032773,0.6009962508025029,0.480377936304761,0.7652920863491346,1.0
03610100000361,0.0,0.07516048084786023,0.11568359999976795,0.10074227343322537,0.17400354325578546,0.16640250293743783,0.2479555455735112,0.23263555274040323,0.3430844042493975,0.3679880296988748,0.39416528447082105,0.481832037367267,0.48536089354010953,0.5485202564363411,0.5815753577146171,0.622346129782299,0.6267262661760096,0.558505932695123,0.5784549753071002,0.6330703749654156,0.6004871978429921,0.60335082481243,0.6373501307781277,0.6514581429931944,0.7210553154477332,0.824239510134849,0.7765831751148373,0.728519055526644,0.6401160304565647,0.8583775569394494,1.0
03620100000362,1.0,0.9639889607403451,0.9190553036283409,0.8794744138233611,0.8571060967010619,0.8525851401600438,0.853756768615895,0.8375625157169294,0.8143659268125332,0.7930706173810045,0.7623813926553265,0.6961264809278335,0.6397503654874033,0.5735284877767436,0.516932829039703,0.4779211661210245,0.445989260511556,0.40531998074373266,0.35084516789043535,0.29962129799194004,0.24544676909277482,0.1877093601557576,0.14390905598367773,0.11145608057513282,0.07800363694314173,0.038538651347339165,0.008273193219087196,0.04815005047132685,0.03209571585266958,0.005899222978394621,0.0
03630100000363,1.0,0.9592590944769604,0.9129669450450015,0.8742858998926415,0.8577005760824766,0.8615261981242964,0.8767541297845671,0.8728413321940184,0.852287125327611,0.8401002812768208,0.8128950659558747,0.7439541793830396,0.6871015955471894,0.6079316898935607,0.5490497608254102,0.501937971522296,0.45794891309763835,0.4145735555827004,0.3554427449463139,0.29440871357715215,0.23174279853481608,0.17399898148664994,0.13450925987792114,0.10233827692906405,0.06979575713972332,0.028191843332425862,0.0,0.02396476351901331,0.03555228909336743,0.027866082415859434,0.04221053113007708
03640100000364,1.0,0.968016265196139,0.9251836754357559,0.8861440279860189,0.8607269296648086,0.8510993601211143,0.8433415187358596,0.819749108705845,0.795489502177513,0.7689155585110025,0.7368058032943406,0.6740150424363051,0.6194506487074635,0.5632589834210784,0.5096254375900922,0.47678458993780704,0.45342281985361765,0.4154271917179222,0.3652840212389485,0.32157923561205537,0.2741644775776436,0.2179710440491543,0.17262286039954725,0.14088295513608795,0.10780213672933095,0.07080859354456925,0.0401109910975217,0.08880320528570848,0.05595105323721359,0.01863235732693705,0.0
03650100000365,0.27033664170554367,0.24695866331536737,0.2342530599155721,0.24958980396281166,0.24512527598798434,0.17352249730910851,0.10620762731484273,0.10826002820621251,0.06298534829191611,0.0,0.0152089411523202,0.11245868688907915,0.23942576194656376,0.37864450853565057,0.5372839655257733,0.5672977563993165,0.5493097822264514,0.6375459666163125,0.7357905918882314,0.8559644015794492,0.8530150554069422,0.871635762665193,0.8342664706379287,0.8435881246958481,0.876772852491268,0.9116111091915136,0.9141589727036993,0.8859252160265462,0.9614587580679895,1.0,0.9603595879964731
03660100000366,1.0,0.9355051191497329,0.892229723125096,0.8958896868725055,0.8379487845602571,0.6578779957359685,0.4818098243256536,0.401330194000256,0.25625170156786936,0.03761673935656587,0.0,0.08210579161871089,0.23327674043918578,0.38949182009180155,0.5667954283903127,0.5233018709273717,0.4555447089184091,0.5320216278240075,0.6258563268976001,0.7844880505608974,0.6965486541812491,0.6255389081521311,0.46536326915049786,0.42377075535382824,0.4499542270368056,0.46125705130947614,0.4567325310460625,0.45436207932082234,0.4492068531953285,0.36860561189856106,0.35701525305479626
03670100000367,0.03977813879537437,0.03185142826893245,0.02973983055153321,0.04609094590655354,0.05646022739525473,0.026226729132814718,0.0,0.02399086785425039,0.012699121840063802,0.0013586674352712264,0.027897986130992217,0.11126999178024183,0.2111110908019766,0.3202338761355187,0.44652036560734126,0.48848080951141715,0.48698419767751955,0.5598513327477656,0.640346048360763,0.7285577674441056,0.746846252475856,0.7851641321596963,0.7860833427120606,0.8073762923143049,0.8378275348411608,0.8739994676211034,0.8796623642576211,0.8452474855292414,0.9361073168427226,1.0,0.9709118833473908
03680100000368,0.0,0.047888423833364696,0.1035655906124385,0.14604159632069338,0.1732975233746509,0.19631198492019739,0.21160960861904313,0.23003389580289885,0.26836282240411663,0.3088542884738349,0.34096676193412107,0.39434499254036626,0.4288159629214093,0.47176388119392393,0.49864936599505133,0.5368257642415233,0.5786107595071869,0.6043090008608063,0.6436689982869,0.6737985687203336,0.7378634593853551,0.8007528280323645,0.861211850961421,0.8968440430247735,0.9277361455149272,0.9652479549381395,1.0,0.9603713595046074,0.9604378620951232,0.9815208669526863,0.9982326175102229
03690100000369,0.0,0.04576649161415599,0.09420912659612274,0.1299629994182804,0.15235339947117346,0.1701376202905163,0.17677944716214053,0.18998796477392194,0.226429201298601,0.2637690105309219,0.2936835596796773,0.34844020610271276,0.38369387030857055,0.439228084256604,0.47327996488917984,0.522515305646551,0.5717077894633751,0.6032144009509564,0.6474017575278602,0.6856822921401358,0.7547421932177032,0.8171887324745125,0.8731362330562726,0.90816817790032,0.9355069019297338,0.9730884048903561,1.0,0.9778611008172541,0.967632008105709,0.9843852008797633,0.9723403503552868
03700100000370,0.0,0.04881017736958245,0.11038197293479421,0.1583461929186346,0.18969694406037305,0.2168159023418749,0.23950025839411337,0.26218983402054014,0.3015681679326984,0.34424396488384995,0.3778526875182455,0.42952986547180994,0.4622137003282226,0.4930591669550434,0.5126246709817922,0.5403868152496233,0.5741232646160548,0.5953905501195634,0.6304490444275924,0.6529505312979931,0.7119052590166624,0.7743484088073151,0.8381285508761118,0.8735548012617881,0.9067924207793815,0.9430157505907,0.983941285284327,0.9303743717064314,0.9363322471170238,0.9606460302225434,1.0
03710100000371,1.0,0.973724028012787,0.9445184206697741,0.9259939163059733,0.9176326987408857,0.9005129757085697,0.9149295647772477,0.9307324871475159,0.8920148778428175,0.8402199788731519,0.8140139092410644,0.8094437875785658,0.8236950523672193,0.7977955937431762,0.7935363450001702,0.7230787745975911,0.6103275453597847,0.541682806013377,0.5154684922882045,0.473283891906079,0.4346904159932463,0.4178648382688505,0.3976781723980875,0.38148658406877567,0.3683602701350573,0.3730105765255003,0.38533661020937093,0.0,0.24638103310636986,0.4069093779001386,0.5982384833844492
03730100000373,1.0,0.9536377618664359,0.9180422655524085,0.8865180598264335,0.870652902265914,0.8254869290424272,0.8010167544694565,0.7885414516972742,0.7421676689027259,0.6821792899634084,0.6491563682476699,0.6574524684053935,0.6461121532598919,0.6455418615611467,0.6373224836876329,0.5994642428982444,0.490276514539904,0.4736916698122415,0.47040917959938316,0.4431610177312941,0.41593599070209974,0.3947109998408066,0.36499962444883616,0.33782373642972635,0.3084308504156584,0.2949481791884662,0.2838050114526614,0.0,0.12842634388400134,0.2429152646676129,0.2863018690024902
03750100000375,1.0,0.9606757334675308,0.9265564995973969,0.8992443676997528,0.8858946750826313,0.8511208056412976,0.8413374384556597,0.8396246080191956,0.7960804113042789,0.7390334541755742,0.7086787549496952,0.7129417382357532,0.7114612032039961,0.7021935998043748,0.6959535788937085,0.6461813922363807,0.5348870208938217,0.49913118734842427,0.48794221194889864,0.4555952639755656,0.42462702209199976,0.40534977468972994,0.3795471300379912,0.35671731376932947,0.33330446471474484,0.32642203618689886,0.3239164489728363,0.0,0.17265650199188115,0.3063280265066852,0.40457478368839556
03770100000377,1.0,0.9473833687634707,0.88758520348126,0.8374376673675785,0.7906622536541804,0.7479002453771663,0.7125766734086536,0.6810108916662023,0.6450423981424199,0.6149617669714718,0.578118203629927,0.5577572546462959,0.5404878486287614,0.5138935602415418,0.48983344589610966,0.4481101710143284,0.3969839542137573,0.35714171712865356,0.32282531861618885,0.29197234739753697,0.26616640598632707,0.22356826475280484,0.18828325265641455,0.15254953510465608,0.12830262098292422,0.11401139586821435,0.11776156490373588,0.0,0.07784135617553258,0.11833085669944012,0.16459348708452645
03790100000379,1.0,0.9598179017607932,0.9219319036537994,0.8845627982234153,0.8587491047761217,0.8197382692347264,0.8020817905207168,0.7812355220483104,0.7416176022675289,0.6904004481501701,0.6541050367996961,0.6463012128061164,0.6109698041579206,0.5881486945766117,0.5516568623286235,0.5035557518192004,0.4165579080428614,0.3691106065493557,0.3305098425468477,0.29270144288926453,0.2708261799886662,0.23533377024539529,0.19492646389683474,0.16970690060969026,0.14309136381383733,0.13062381638626325,0.12072867636585927,0.0,0.05475210310799045,0.10827024844892093,0.11196141259983448
03810100000381,1.0,0.9536811377360346,0.9050104769176678,0.8613702669664153,0.8255006873546533,0.7847600053441146,0.7587805989674293,0.732904121605814,0.6951289692909257,0.654106436723414,0.6177257267907407,0.604266411709818,0.57775682531728,0.5533740300525323,0.5229236732816968,0.47789222349181254,0.4078172987945949,0.36403940775274957,0.32763635171229566,0.2932872297826643,0.26975646968534195,0.23099456859280193,0.19309294215484638,0.1629554182920347,0.1372882366104514,0.12370219154753684,0.12005582672615421,0.0,0.06582478651131647,0.11336087937966094,0.13738923110127002
03910100000391,0.0,0.16455838409388873,0.21079951369755992,0.17360278045217867,0.09004948851442929,0.07756716171708106,0.024429686871618828,0.009664530988284303,0.11618308564191718,0.14082642094766157,0.16664552356143156,0.11671634090097249,0.15045218017835904,0.1272860548249444,0.1154320689233941,0.23287759104520242,0.4838644364002482,0.47178439189856153,0.38207107747890606,0.38889613063119377,0.348272140021627,0.32401360549389746,0.321500285112466,0.3030854527523132,0.2758832119278539,0.26488120475954346,0.32745803166182147,1.0,0.8199422691285387,0.5023318754366389,0.5607637879353414
03970100000397,0.0,0.04614340298197818,0.1445944237717892,0.18131760029994182,0.25392368709502294,0.23865310162562525,0.24633694821707655,0.378477275700627,0.32901868507293025,0.3498105470989242,0.41178228763127406,0.5664776701734943,0.6723370879874411,0.8097669757207662,0.8875076946602852,0.9846179226719773,0.6051558579178399,0.7972004051055238,0.9460344653304991,0.9281266933096866,0.9271845435927906,0.8984067586396806,0.7640587263293704,0.6848235942944679,0.7626739351973589,0.835803157705664,0.7627735919430156,0.6033248130416894,0.8147145024823762,1.0,0.8614624339093817
03990100000398,0.6085604625878288,0.8599638000607036,0.8646878398670247,0.7481485434511504,0.9090666834042108,0.6571830381311681,0.7017137476282215,0.9960959263326032,0.48401164980690964,0.580817657904163,0.6520328348025362,0.9196873823228137,0.7736551489149471,0.8456810428270144,0.7602170907011477,0.5868932774895005,0.0,1.0,0.701945691215433,0.5745113005346615,0.5940613983878383,0.6113166936446719,0.6046181425934808,0.5684291594687856,0.6964631066965717,0.643494113190996,0.5083787192616641,0.05566218598467027,0.9175919009720527,0.7458941703492983,0.4895067241413244
03980105000399,0.0,0.02138277065480865,0.06007206611164842,0.07493478843887696,0.0819608371113094,0.07945736733669856,0.08961472015284912,0.12000863960391174,0.10982192121524992,0.12240896447277554,0.17362216634582833,0.24981261260127288,0.30669249220954153,0.37887712001300256,0.46977378690727817,0.563468740026648,0.4161700612832535,0.527930508976617,0.6578704908106037,0.6722270872524482,0.6990750265999853,0.7125406406071992,0.6142282615012047,0.5985677631459465,0.6794648254015182,0.7623377824053725,0.7501941415399619,0.6611446359975,0.8738857492268972,1.0,0.9778525037440854
04000104000400,0.0,0.03091669560751596,0.06496372710197398,0.09164980295921368,0.13536960425397154,0.15708498960057976,0.18464196752807974,0.24762935204014486,0.2520664530784946,0.2691047916835892,0.29613462730908985,0.3616466453526262,0.4113979925348395,0.47646685870820216,0.5318659127204861,0.5579988132635263,0.46989610080248284,0.5672762988769936,0.6172375079596003,0.6433196208303346,0.6742979211402066,0.7100590989041019,0.7455377625275058,0.7736465195168893,0.8335367080051579,0.8830880162498433,0.8987427129412472,0.7925305972815924,0.9079741362559381,0.9884603787268383,1.0
04030104000403,0.0,0.01994856089918743,0.0573225378210133,0.0681908790016672,0.07778255003755123,0.07511162286581295,0.0848106210680747,0.11417868412171414,0.10479717463954848,0.11922040309081275,0.16710606492011673,0.2426323492562172,0.30096602094310343,0.37385733799086274,0.4652648295175333,0.5576078551917321,0.4145724104748633,0.5295607955191856,0.6595650983488364,0.6719514901847778,0.696148092327453,0.7100141036598147,0.6132849073407176,0.5987933504160341,0.678748325750077,0.762159673389753,0.7468192350391063,0.6597231713216977,0.8723066208033329,1.0,0.9846798343977472
04040105000404,0.0,0.017492565518992337,0.055980507322693926,0.07040170498587495,0.07820725073415863,0.07689577595677709,0.08877445014251542,0.12032158766452519,0.10799473077972828,0.11704180299321133,0.1676492999389759,0.2467846709163713,0.3117905436366496,0.3953305967255656,0.502853468822629,0.5788251894730375,0.42300411874509947,0.5273169138023868,0.6493464582036623,0.6564471437116687,0.6820444421511336,0.6998819755541192,0.6066336306286202,0.5970807558314409,0.6816561558035181,0.7676749205946323,0.7594281246558376,0.6592708721974087,0.8674849395846645,0.9845956851410378,1.0
04050100000405,0.4380483349937026,0.4825067674856125,0.4669283680937582,0.4147795333106698,0.5297590986112749,0.442166327121433,0.29749471458169885,0.09365972240705372,0.0,0.22145603861729482,0.21089637748393267,0.28247372233934387,0.35490896104238556,0.5367427876269251,0.6753382310489695,0.582068591888326,0.6104085769065642,0.8166676710296422,0.8481852648737553,0.878173595717254,0.9307900258522304,0.7443371414509588,0.7321792274767798,0.7304498234950928,0.7454651213336646,0.6725515887518143,0.5692794655991897,0.7044126327833474,1.0,0.7552958292910643,0.8380666088615742
04240101000423,1.0,0.9241498864804585,0.8478538139763371,0.7803931091300318,0.7212504841485243,0.6716831480132038,0.6336930134956935,0.6464827445588647,0.5928666731442145,0.5548461779403187,0.5215757792755891,0.5096507041417196,0.4839545259523869,0.47287659770985213,0.47221938571361566,0.4721023401318423,0.4527466426174995,0.4174133846914045,0.38842745137425205,0.4104350511138479,0.3605104422733174,0.34929137231191854,0.3084721058978376,0.31289614200669097,0.2820853771708121,0.1943696939171349,0.1421561983976417,0.056100552588157514,0.018942609934840395,0.0,0.03750800258915978
04250100000424,0.03349956970030765,0.0,0.007543073069149087,0.07484950704229612,0.35702959686234836,0.356796413019065,0.46690926460476556,0.39264357824184964,0.3882866001097101,0.5452337325147361,0.5959238203710182,0.43820040785923975,0.39386572563179856,0.5822422985649732,0.4058336130796697,0.33141003555246373,1.0,0.2925148257884732,0.5107095635670855,0.45692404360361205,0.49945186744445325,0.34349231185881773,0.011676939916687744,0.17117879397614566,0.3828098874653029,0.3765489780798621,0.04976027375864277,0.5280236108791395,0.3338077558792346,0.23354076222963172,0.40807164920581745
04260104000425,0.0,0.04132999878882198,0.132968711997379,0.18717846564400178,0.21958994455725972,0.22458275391633095,0.2554180812449844,0.19904639519863038,0.23216551305606611,0.28713559081149126,0.34055454565284615,0.432534854856438,0.4347800871110118,0.48628587007947294,0.5976906925352543,0.46152907931539056,0.47410223675268287,0.6716924527798204,0.7493056168092734,0.7047132265548922,0.7461237308149835,0.8004185453866922,0.7673123702545589,0.7767582245308295,0.8500851736117186,0.8334742119548233,0.7994944223402385,0.9568217744925647,0.9233054544340996,0.760331952491116,1.0
04180104000426,0.0,0.025688127451248356,0.06511461431928454,0.09030280753326457,0.1172136753065065,0.13698158245410075,0.1541008511329099,0.18372177920341762,0.18618560615755278,0.2515524166602272,0.27568117579105955,0.3416098657245783,0.38708798822459334,0.3585075372956552,0.3614961115256604,0.3423023900152463,0.3597799444441781,0.40950455861604534,0.45353960262495974,0.503877185239006,0.5455113020543841,0.6097853463123656,0.5764753142771577,0.6227858549427093,0.678509554195208,0.7346134197066733,0.7813161321155174,0.8308062716897333,0.8882044582409908,0.9450099424636405,1.0
04280100000428,0.528561448352518,0.6090551454372914,0.5768797824927542,0.662989777466076,0.6548518395003525,0.6541688593337469,0.7384612675592296,0.7575628071313125,0.6118442356801032,0.6141708297406269,0.6117613074620136,0.6915148206314697,0.7119836390059515,0.6944300126207941,0.7298416226713242,0.5463898657403391,0.4100189289655051,0.6327103274952899,0.6086886546742968,0.5590609910103689,0.5726916714439596,0.6007293885401734,0.6381495460637722,0.6216105078686949,0.6412815421426253,0.6500713473131504,0.6074649014925125,0.0,1.0,0.6950619907971741,0.6608155430441156
04290104000429,0.0,0.020473191260152068,0.03913629386386261,0.0647174423415828,0.09048639692369587,0.1170060135485033,0.1513051674880131,0.18858305976436177,0.21438602046442845,0.2411041628678278,0.26832815701570617,0.30400586428923737,0.342969867719804,0.38153997483045354,0.4252608983413004,0.45020614746389254,0.4601544675543421,0.495740094976655,0.5295266017866083,0.558203264493376,0.58920763667541,0.6244991912208189,0.6655866625167467,0.7056760188819546,0.7496045201571873,0.7960977418747521,0.8377872500964362,0.7893050767612325,0.8880119471353365,0.9457418780312766,1.0
04320104000432,0.0,0.024567783011676503,0.06315617461541392,0.07256691667716643,0.0709461479093037,0.07224504961367918,0.08942648556352407,0.10237926198400946,0.10479979841560536,0.1242472088855299,0.18046481358193653,0.2400504436946016,0.28408962203370886,0.32855043087819075,0.4072319839357703,0.48139115830199775,0.46031354768493626,0.5184232971911797,0.6049496110592566,0.623195467242874,0.648923934643162,0.6747139104604212,0.6173118057181383,0.6367481525090195,0.6930483501754456,0.7515693029491226,0.7709471603655796,0.7444094927140195,0.8767095696170307,0.9248744895517231,1.0
04510101000451,0.0,0.060091991589906926,0.12985515842942272,0.20562250857718606,0.2877590137716188,0.35801099588309626,0.4585427135888347,0.5657171016819738,0.6560217862642929,0.7302579026506811,0.8097884003639909,0.9126682765774011,0.973108209197877,1.0,0.9890609664533737,0.9825279325296941,0.9887571044104119,0.9515340041475863,0.9099049042618139,0.8760242864715685,0.8198098085236278,0.7479464353631522,0.673500234837501,0.6162222397391938,0.5797587945837728,0.535091074268382,0.4902714229315103,0.45639080514126495,0.4401341858428064,0.41780032568511105,0.3918201210118735
04520101000452,0.017018389201990575,0.08067125573866338,0.1557242055066138,0.23683332142054633,0.3242652024414421,0.3940426386197154,0.5008271979840527,0.6130387142603176,0.7010715391119066,0.7671052046699375,0.8386627597512657,0.9405254976492623,0.9882352941176473,1.0,0.9529411764705884,0.9176470588235295,0.9058823529411764,0.835294117647059,0.7647058823529411,0.7058823529411765,0.623529411764706,0.5176470588235295,0.4,0.31764705882352956,0.27058823529411774,0.20000000000000012,0.14117647058823543,0.09411764705882361,0.07058823529411781,0.035294117647058906,0.0
04530100000453,1.0,0.9871817608763704,0.8800764144009297,0.8331724483609447,0.7596758046494897,0.6308275256241034,0.47149454690402115,0.1763410299239966,0.27050780643855304,0.27424779435235885,0.2609390558424233,0.1539545864627552,0.09506323001673724,0.0,0.07462833020282884,0.1742434819892461,0.41479343553504117,0.3365646484017823,0.36064492006144777,0.40428912760635083,0.44899245354413103,0.5290017885196305,0.6259521646687299,0.6765608042926866,0.6109834595238731,0.5123635448211378,0.5478903876580037,0.7939450967207546,0.5813197564463505,0.5570248161472482,0.694192841961262
04540100000454,0.6818886442206222,0.7595110898522819,0.751466482475255,0.8043179620023682,0.6124479360504307,0.6558055545860182,0.5743144764266161,0.2621808259930239,0.3665835109812207,0.4083962168991411,0.4004337259427294,0.2333745452445586,0.10377420924279204,0.0,0.11570040251649572,0.21367792986289205,0.5371153853158005,0.4011785201903858,0.4532388178803402,0.44572298307224517,0.5305358601391748,0.5874757190364014,0.7257095641035483,0.8283494960326138,0.7672058744268933,0.6336023082108794,0.6915091159012557,1.0,0.7886693212270776,0.6669339095626422,0.8409886933970613
04580100000458,0.036771800617806154,0.06335662111691168,0.11097408737673059,0.1149404464093008,0.19346428584195635,0.3642645368748452,0.6143417655785096,0.8099895754976952,0.4042217220462754,0.2866471110854894,0.21768991729079692,0.3228274301795421,0.5310899787865709,0.7199553092869462,1.0,0.6392914844752882,0.34073770017093286,0.40785752529998487,0.5137105711898855,0.4011894785816254,0.40380478861907226,0.35116458660637384,0.6121897195617807,0.5922497408783187,0.4232176080009765,0.10577386337870194,0.28491498513632096,0.1714224957928115,0.35641742775319796,0.2228040580581478,0.0
04590105000459,0.0,0.017121292279069,0.05238306572800405,0.05758280663597895,0.09748402920542633,0.18097888125905356,0.3198929095747963,0.4471550315465715,0.22824471875216595,0.1665061034501576,0.15893122532797246,0.25930984935584883,0.44659410840012204,0.6453858326567671,1.0,0.7420139030505987,0.4125033814023906,0.5328147320624521,0.723704646649708,0.6080799632250591,0.6359241842432334,0.5924549095325417,0.8559769381752109,0.8362295361895986,0.6875566399432161,0.3017948298641879,0.5535669152898475,0.3841966322137416,0.7310246010710436,0.5507907795849152,0.20913478505236396
04600100000460,0.019986046275803332,0.05412164613167563,0.09357534360712362,0.11422934422655975,0.17386755103361087,0.35905255592468094,0.6320137267644611,0.7254361468638807,0.3401320811997342,0.21861502788562473,0.20798539361362395,0.40086896294110524,0.45309386575576477,0.7162690926936269,1.0,0.6891423809633412,0.34434808393630945,0.3779918286388369,0.456105717362497,0.3192371166144455,0.35024364825349336,0.3001122978449332,0.4421528627894294,0.43908215699003805,0.3568582949463976,0.0,0.1753605824819142,0.08267649997215198,0.3517461626746406,0.2516081240184696,0.056478462399174055
04610105000461,0.0,0.02020372447944257,0.05000436119517125,0.06294170495296211,0.09194770568722607,0.1788321222625928,0.32364443884962885,0.39088963422287304,0.19937904219320468,0.13557884605075957,0.16059186189159294,0.3204825638830607,0.39561141012477374,0.6457431931265397,1.0,0.7987197597918603,0.42850745054277506,0.514916433034614,0.6708146638618646,0.5280872087691357,0.5874370064455783,0.5474628179551779,0.6701423696425702,0.6678741946828899,0.6209783281915247,0.18671865560435394,0.42717727307910447,0.29130505360577885,0.7461617399116611,0.6222744641344394,0.33527286306403775
04620100000462,1.0,0.968862834725302,0.9364974897870926,0.9037742583802651,0.8613386461019404,0.8321841737386164,0.7984676491710986,0.7562077611385707,0.734862296566064,0.7136559221433489,0.6911651821637476,0.6495327171750984,0.6276732740166636,0.6068522763822872,0.5856103643229558,0.5665034484395691,0.5454401524159702,0.5238406333917383,0.5053373774274795,0.2663458705474003,0.24783125426137959,0.22916485024950484,0.20994097920367005,0.19503186681227067,0.16739640047850426,0.14709829464060084,0.12587468069681265,0.1058713066052606,0.10594514930464768,0.08823184217503835,0.0
04630104000463,1.0,0.9432053025039053,0.8864106079683524,0.8296159134328105,0.7728212159366993,0.716026519920859,0.6592318231649218,0.6080177792539743,0.570717135552961,0.5334164918519256,0.4961158496311776,0.45881520667029424,0.4215145637094053,0.4090707629041608,0.37210614324824753,0.3351415243324863,0.29817690319630774,0.261212283540389,0.22930292208801473,0.396402206176055,0.3631907322126676,0.32997925750913376,0.2967677828055889,0.2726283555870771,0.22198002245301818,0.18622039495119966,0.14857842632637921,0.11223617364106658,0.07506585591277007,0.03732881933766194,0.0
04640100000464,0.8391508716048348,0.715803576559079,1.0,0.9263282114495403,0.7603941149620235,0.5961809280633903,0.14053499973213168,0.09313522781394425,0.032102742634718344,0.11151810296395746,0.3214253814597163,0.01709503548931746,0.0,0.07724286225194474,0.3134434013013334,0.40058575936766433,0.3312469295266399,0.4029694091594059,0.3637334431841612,0.3643829414027307,0.39209105491669205,0.5366677374042809,0.4742764429997582,0.5345953872136067,0.6117052673189199,0.2890709820372599,0.17409592999890008,0.2784072463082628,0.11964539939896278,0.21532322779734742,0.2038899961182672
04660100000466,0.12056135456945961,0.03381712554668347,0.0,0.21339128687953948,0.07491352916492645,0.11867583968743692,0.3652699962036254,0.6006014912022359,0.581538613716412,0.4604300092190622,0.4584275637288401,0.5316743385531721,0.6466785507407417,0.7732234768418897,0.7270006910416512,0.9537408939058406,0.7170015240722556,0.8679259077199838,0.9948958889893464,0.9382943528798496,1.0,0.9183707752913413,0.6020162555619147,0.46469373650010937,0.5764769875025065,0.7599935557651454,0.726774731984695,0.443964214136939,0.6601993347706898,0.8312690865495594,0.6093357820735128
04670100000467,0.19149191380948988,0.09048345916208712,0.05483218456215981,0.16021836097304393,0.1802274744020122,0.0,0.06787325316229201,0.3335794805563827,0.2909231757504814,0.25006803562069363,0.3161469419789368,0.4017346700736865,0.6071780073934124,0.6898960549801805,0.6503440578157496,0.9484920419391953,0.6659314041623016,0.7402655283574208,0.9395448200234655,1.0,0.9291819530576712,0.822487664617099,0.4043843081729083,0.25812302489348415,0.40196760330619713,0.5530728342381649,0.49310327761742134,0.20768553549333818,0.42014904743309817,0.8517527880408727,0.6185435786092177
04680104000468,0.0,0.022859199528851966,0.04475255484088265,0.07085604886758542,0.10069551221499037,0.12300337587478453,0.1519648093082079,0.18985523818604425,0.20762475283041046,0.2282771770014487,0.25649784815712817,0.29857230714513117,0.33807369108296925,0.38366111713239015,0.4303489854279355,0.453260265015539,0.43799496330037574,0.48867714544559965,0.5277986772404052,0.5604179400830193,0.5961660542940839,0.6362519508603782,0.677557632098406,0.7158663006439736,0.764179517341939,0.81170932590707,0.8517321313251806,0.8075308106896366,0.9022399110117542,0.9536004314334404,1.0
04710104000471,0.0,0.024726040834141094,0.06471673440344326,0.07365820149158667,0.07233559588079425,0.07161084792962155,0.0846313188330444,0.09845404581672407,0.0958386120156578,0.11197201842091119,0.16485094944908388,0.22680269744556278,0.2724384464717052,0.32235139797121226,0.40430631483151735,0.4761531415737528,0.4345417753363831,0.5067894307794616,0.5999304148837962,0.6201891486104075,0.6472120607815792,0.6739769023369544,0.6172796476120089,0.6326147913580201,0.6950670392340819,0.7595551944152111,0.7753258210965818,0.74556962558763,0.8962343311402459,0.9451367048109681,1.0
04740100000474,0.5113307395324822,0.6740761837464582,0.6475547158932728,0.7000780368097785,0.7402887399994614,0.6199815255902288,0.7008135460934782,0.8030894854314384,0.5322635827644613,0.5629108350081359,0.6471310123198815,0.7967017815551034,0.7475619951859771,0.7952522577765392,0.7857819881738167,0.5347047349899366,0.1664374167933331,0.8014112336000733,0.6734212635563815,0.6036015278652146,0.6232016640795283,0.65122777995163,0.6509364326031372,0.6167972012572144,0.6859001082232499,0.6675601043494759,0.601868341357264,0.0,1.0,0.6627731776872688,0.6189397939285574
04750104000475,0.0,0.025277718114568554,0.047947408827423724,0.07824291586595437,0.11507710962188443,0.13631428191371536,0.1700015152817298,0.21985561802251172,0.2309707338554728,0.2473066139045731,0.27703015718182483,0.3306003993665326,0.37825225643680477,0.43505058721723144,0.49222427752230286,0.50705608705367,0.457301341498652,0.5187236179770196,0.559423788721177,0.5874586174122787,0.6198437798811641,0.6585572467623261,0.6985513769489863,0.7331314216265762,0.7826258727962541,0.8307785150009034,0.8672719731355713,0.7786595559903035,0.8995994913412928,0.9543139264684046,1.0
04780104000478,0.0,0.032914119811421505,0.08998265226961367,0.09502390280657508,0.08356221204094366,0.07339839423394191,0.084970108934702,0.09754542471367238,0.08498618496955711,0.10078279057344072,0.17027132451627486,0.25108116936339286,0.3064423889757428,0.3663359495488377,0.46949185372298685,0.5558914824692208,0.48541353487138256,0.5702619497146075,0.6807262894041104,0.6920022997369499,0.7118011043031377,0.7309441372423253,0.64403004254878,0.6494524585851502,0.7133452185983469,0.7788645163623262,0.7842683835251513,0.7351014158844699,0.903952856236084,0.9491718813287856,1.0
04790100000479,0.43860635527084024,0.6027145277902657,0.5802194459107177,0.6329486082368689,0.6749908609345388,0.5605800988953549,0.643756565990823,0.7471753435278,0.4854835788532912,0.5186809689193783,0.6031804700878662,0.7495629137844012,0.7033086444821277,0.7498634706379518,0.7417677025227857,0.49597023986658195,0.13807108409972407,0.7620153198160667,0.6370818226460113,0.5642876816654895,0.5852939949790954,0.6156550646450911,0.6184734416984788,0.5873638547299028,0.6584568194818837,0.6464739300365031,0.5862493512649045,0.0,1.0,0.6649431605027111,0.6185960313597818
04800105000480,0.0,0.01256399097856728,0.030599564202216167,0.05623708634055606,0.08583775971640377,0.09872018144180383,0.12611141365749007,0.16941480273486248,0.18333354658626821,0.20226222499252505,0.23410837534325774,0.2870225386968781,0.33407054931856767,0.39184513031673823,0.4521032450527134,0.47616882101630204,0.44452298529740797,0.5058875971304643,0.5504695891415284,0.5815775981760967,0.6158652750250433,0.6544907448715814,0.692614579455332,0.7306623282179285,0.7805734291921014,0.8298905622861488,0.8670406335763609,0.7900504404066819,0.8987217879925044,0.9503519532845657,1.0
04810105000481,0.0,0.013721187726832635,0.028837770860465222,0.0459619683123945,0.06342522068520448,0.07144915567481547,0.08687158240265597,0.11393672855920678,0.13052753486969831,0.14762094796265893,0.16950922868283785,0.20537769950747592,0.241702100227854,0.29103911959770007,0.33635632218498585,0.3682946397318829,0.36522999190218525,0.40391536806320333,0.444759297569445,0.4767354492361333,0.5078476315944337,0.5309152294171241,0.5406002237083445,0.5675177301461689,0.6086369809714004,0.6599668584290835,0.70900316423093,0.6948693295096232,0.8084425715056617,0.9280427961642651,1.0
04820105000482,0.0,0.014429276799010177,0.033314936889553524,0.0593939908649246,0.08725326748507112,0.0987848630623089,0.12252400888661658,0.1604476312748,0.17367177104154266,0.19369418758184875,0.2241326503117241,0.2723700233076716,0.31481384734532863,0.3703684119103778,0.42909970005811005,0.4577037203346842,0.4383265307490279,0.5058986628479718,0.5517247454682942,0.5874455682312836,0.6267156265495513,0.6686730669621391,0.7103126940159687,0.751644276741159,0.8057926147289709,0.8552141013524626,0.889598370392594,0.8693318298350285,0.9427666376531688,0.966784184853329,1.0
04850105000485,0.0,0.01558802158329669,0.03419233116225203,0.05716856837058761,0.0826556485949662,0.09942871637566937,0.12431125239078653,0.1584579187694261,0.1764847146041158,0.1975159126082664,0.2263530182658907,0.2682584351671879,0.307452266543929,0.354027448466025,0.4030727010992469,0.43071656815161125,0.4235800747132537,0.47516230212333227,0.5169937241049821,0.5513512094767413,0.5883070411538442,0.6285851861537302,0.6689722470492826,0.7098284919293806,0.7592758113161334,0.80850287082108,0.8494668381470385,0.8089235034587611,0.8990565236956032,0.949627771242829,1.0
04860105000486,0.0,0.012131625989590491,0.025400680962070852,0.04028249953095068,0.055704248590233194,0.06513828145779235,0.07967968256347463,0.10246396591845293,0.11844456799452427,0.13504162243520249,0.1553629778517369,0.1862562547265325,0.21815103590514973,0.26045604316566645,0.30069270810503096,0.33171977185304435,0.33637180473474454,0.37343415055131457,0.41301997359177856,0.44667665857633826,0.480261182930159,0.5077799705875269,0.5245454230816247,0.5559127033538421,0.5997025913722368,0.6526766001912128,0.7043671197281977,0.7014618560975047,0.8094391464105165,0.9249703723616998,1.0
05040100000488,0.47182060772566287,0.31154759961854844,0.2691757299529981,0.17284612922055462,0.0587712809338321,0.06155477428279416,0.10456564096490432,0.0,0.18922167563681835,0.38803973777066214,0.5139518901088062,0.4389946395319954,0.367252624486013,0.29141160703160207,0.2565447432192429,0.437837590734372,1.0,0.743520207483346,0.6399560485319972,0.5580038992647902,0.5146256801704422,0.43656225027218226,0.35455220290480943,0.34682038845347885,0.2473613947759591,0.2505830068065465,0.31546436800006433,0.8792003825684253,0.47806153653603506,0.20663755161251907,0.26444175239751144
05050100000489,0.14892060294811243,0.13269426765554457,0.34846182697071854,0.1989400349237221,0.28851268170992134,0.48994284554847706,0.6661031485800848,0.559720174776025,0.7100311071480099,0.748934871145748,0.49765456488736165,0.47655901772028375,0.4050777910206477,0.5488158302287217,0.5772501114139156,0.6929773002905191,0.931445672576611,0.19539369748589447,0.0,0.0943284430599668,0.04189487676256259,0.18404624044280812,0.3195454744948795,0.3296623969556341,0.25284919476908585,0.4364210031725723,0.6685537192216081,0.21984584454039396,1.0,0.3360115187289534,0.4225679647271618
05060104000490,0.0,0.013423221478046045,0.03557374348926261,0.05204736227440269,0.07239559516473182,0.10143041042584747,0.138565676398151,0.17204954895716684,0.2130245298994805,0.25692948152919703,0.2902492654479755,0.3232674082538571,0.3534543218721372,0.3914135645637428,0.43170629506495006,0.4790419794833749,0.5405475862931693,0.5630792968245867,0.5748412750538362,0.5920443105093193,0.6063951666243429,0.6290790751408549,0.6599663147037211,0.6919514056758331,0.719816123793521,0.7593257434813631,0.8141206607326053,0.8415813954671525,0.9201192722508041,0.9567905818354976,1.0
05090104000493,0.0,0.01868516933294198,0.05721170514147595,0.06151847328174833,0.0546362611955656,0.054059388904210984,0.0690249484438141,0.07725351758847226,0.08447805860599475,0.11126266219287108,0.1729594958986325,0.23224540344645997,0.27397236228694893,0.318895559946539,0.39867398568880136,0.48890424112921316,0.49855819228547454,0.5517148292747374,0.6393408172266482,0.6511768902985207,0.6742130886038981,0.692431686134587,0.6245592108846293,0.639280651837786,0.6904031548378319,0.7557185486358363,0.7803750690457448,0.8244279204339332,0.9274738794991451,0.9356496582808225,1.0
04880104000495,0.0,0.031944427739887836,0.08733240486328891,0.11550318960416653,0.14568193941675756,0.17260627563058292,0.2019286647056142,0.23739780173886246,0.25648547647785996,0.2754062294763986,0.30150636541729897,0.3406039915344986,0.37681856562896865,0.4217462549183731,0.46164928372147435,0.4709726726358345,0.46432279528036896,0.51355125692233,0.5473547170849434,0.5803577690917451,0.6122155896152881,0.6549108259861179,0.6972224982491102,0.7334803300810996,0.7814555883741146,0.8247755923214699,0.8647594918120899,0.8182820257039544,0.9116269525330648,0.9522599224824724,1.0
04910104000498,0.0,0.02463311931558527,0.06394016109992365,0.07283152495676135,0.07206998890993284,0.07195726213243692,0.08687215573611037,0.10184370913456514,0.09935322225745712,0.11459582262250866,0.16761653273835386,0.2305021024988689,0.2762461889439661,0.32775890907446414,0.4070860044491371,0.47533855382878104,0.4350194485582288,0.509786723808583,0.6038720473268446,0.6266768869169513,0.6515435254968223,0.6814723823594766,0.6232877172959409,0.6373976424314644,0.7013070173235734,0.7651646506988135,0.7818903606844656,0.7491169840238373,0.9025626743430063,0.9489431491489612,1.0
04930104000500,0.0,0.03224059150968462,0.05532672858885545,0.09190806514438578,0.13166278700172113,0.1636945029939503,0.199998842792063,0.2477943849867681,0.26220332499714216,0.2761346593303098,0.3035268081848087,0.3545555911597412,0.39890189492913825,0.4578872402894747,0.5061504787379281,0.49784162540581617,0.4613920755669791,0.5241618750634399,0.5584391395991318,0.5893483589445822,0.6175948239478567,0.6634954334892611,0.7079759365227423,0.7417076555828583,0.7939821322284365,0.8386451304367153,0.8777031222897921,0.7812903256847255,0.9072580703058212,0.9490534462931125,1.0
04970104000504,0.0,0.023496254470864963,0.05924230909881283,0.08943082269015105,0.09525440638038188,0.06703772888673117,0.06709770147316345,0.08884343584398391,0.0857982816704078,0.08024505739847831,0.12691991754328474,0.223024214024996,0.30721951659348196,0.3637465385673059,0.42355233185787383,0.49284180724821025,0.49644232938652555,0.5476486904418003,0.6045938660105799,0.6729864695892992,0.7163662126055583,0.7297640649573935,0.6874312443182208,0.6572662604461654,0.6663434737619717,0.7488234988786857,0.7985139285295072,0.7442655604617342,0.8713984457438105,0.9609873500183802,1.0
04980105000505,0.0,0.03219861649915944,0.08958899103137533,0.11839454417653801,0.14738939361055048,0.17021860765253125,0.19815081975541834,0.2332400416027482,0.2477494486497751,0.2631769102960831,0.2900898809614341,0.3356902379375238,0.3760369439208062,0.4315298099124262,0.4834517003459092,0.49076657501444465,0.4736483931202933,0.5295702289548194,0.5649811589508784,0.594641778228479,0.6241439837431144,0.6643695810622103,0.7018293577658833,0.746139612800534,0.7945050405060597,0.8387441975074258,0.8747670907083666,0.8041637752755892,0.9074410329033581,0.9457389192117494,1.0
04990105000506,0.0,0.013732245744460844,0.02893284448261254,0.04648864401012605,0.06486474101858385,0.0733328217290524,0.08801400168772969,0.11607462772946314,0.13305642064799705,0.1491989394911117,0.17075694077784223,0.2069277096745004,0.24328799327882167,0.2951140082973948,0.33942082107788857,0.3691748694145332,0.36605071347425033,0.4060482592016584,0.4472211379963683,0.48134494335497197,0.5107520682364095,0.536626597385901,0.5452981468175921,0.570934776282996,0.6131082887102397,0.6633435133699168,0.7129529645536423,0.6969056303609009,0.811273504378205,0.929623327760546,1.0
05000104000507,0.0,0.019138329187732214,0.04610087878484785,0.07032333706416134,0.07986740749867557,0.0679411694549297,0.07358656206791284,0.09329161564743278,0.09700536229289626,0.09893384479722654,0.136114342282322,0.2080745392151393,0.27345124242062485,0.3209444001421007,0.3718167031394505,0.43076604093672527,0.44298122648840843,0.4903081493854101,0.5429673589644118,0.605862157805214,0.6508368352216246,0.6732119254821763,0.6518805972611414,0.639379164496199,0.6577065754699721,0.7354643279669293,0.7874251688169193,0.7537904000615275,0.8691601471121588,0.9552036626550825,1.0
05010105000508,0.0,0.0317547003108099,0.1075672841555859,0.13131475571358883,0.1555780087178876,0.17695307071366584,0.2013149849551177,0.22993836996557138,0.24756997695422495,0.2658417929777036,0.2908865719227726,0.32726955747799447,0.3612485349507152,0.4049788799115936,0.44744219766305077,0.4636760848799377,0.4649273818980558,0.5114135763239965,0.5459005977696885,0.577843409862394,0.6101410685969654,0.6498204187741317,0.6881352733587434,0.7315638206895082,0.7782008150712361,0.8221972556581553,0.860792507887013,0.8248468979056326,0.9087232347628932,0.9480946146992894,1.0
05020105000509,0.0,0.012140663447903361,0.025465503855981876,0.04063021459396283,0.05666004587921789,0.06640690685692462,0.08046551202578787,0.10394525340191503,0.12021951328225705,0.13617055419845828,0.15627151811271184,0.1873953591480016,0.21933091561052473,0.26349792685333695,0.3030126904343789,0.3324062421942158,0.33702359375424257,0.37511746564580406,0.4149829979908294,0.45038256421092915,0.48263226555517935,0.5124816964762827,0.5284638478395718,0.5588020036234588,0.6035185162070904,0.6555924961076222,0.7078083836357121,0.7032653384013278,0.8119515183579744,0.9263825103469095,1.0
05130105000513,0.0,0.023748199727693344,0.06643476613699603,0.08133941672163446,0.08572751977974784,0.08128751505436041,0.09019865276759319,0.12433542424221224,0.1110544416066032,0.12181611913344971,0.1792616237946004,0.2575291102188893,0.3192027393978982,0.3966804696846597,0.4863374073439911,0.5860913549819161,0.4143239669139664,0.5432143128798606,0.6876876943450462,0.6995192378223121,0.7187623609400179,0.7209391988904662,0.6046284342438749,0.5801471500622973,0.6632633801776275,0.7453367537101879,0.720598883342079,0.6553306965361836,0.8818707437044025,1.0,0.9413448406158211
05140105000514,0.0,0.022032086127162002,0.06114679219642566,0.07453875040027015,0.08037711415215709,0.07867215325123515,0.09038673166920959,0.1278566809096696,0.11484069948622504,0.12399322485928091,0.17762349340341996,0.2555215030908223,0.3171307449469978,0.391410333573531,0.47756826293262755,0.5809113456479624,0.4042304290822745,0.532079257828636,0.6797645646317857,0.6885129638066643,0.7045652213451208,0.7086267501056419,0.5957899160301257,0.5701385740777232,0.6518974731264306,0.7423807942535836,0.7175876172259745,0.6454256680666997,0.8665601002203672,1.0,0.9366402944979343
05290100000529,0.2725912981368779,0.35056163876539925,0.3695901397656417,0.32129113072527216,0.28826793376442966,0.21842765244613924,0.24923923335450088,0.3232120818773955,0.14796334103021994,0.0,0.03981328502255776,0.20134767398629108,0.288803422126036,0.42083543267724927,0.5307965903391005,0.5313088079025245,0.0717809245091903,0.3472974879266561,0.5093759005286537,0.5459273836657728,0.5677114231015182,0.6333156028218452,0.6495426933287678,0.5845402086456282,0.6885356600631577,0.8146442277437096,0.807380443031714,0.784828335726704,0.9328902577720205,1.0,0.7994864499212541
05310105000531,0.0,0.03215983346058642,0.18014870674089772,0.17509379768270192,0.19507445744484295,0.17780723451528987,0.18734646401896465,0.20972472174469017,0.20334917880348882,0.2420160557147508,0.2342944019516912,0.31104916691560064,0.33800674851777895,0.3960245649423778,0.48406920883288956,0.4942851331249215,0.42773679575814194,0.5127868588145362,0.5633786016580352,0.5928716948711721,0.6290551383178599,0.6761025863449869,0.7046149959038701,0.7315350769447527,0.7895170315338421,0.8463031151993826,0.8785953789460076,0.8378115802918684,0.9194402992839731,0.9841237308948287,1.0
05340105000534,0.0,0.026329819354226854,0.06350929495520272,0.068479244295021,0.06518068279652205,0.06007164453701327,0.07354382875635673,0.09080476387688602,0.0765743168300331,0.08013916612491732,0.12786785707557102,0.19487935799440476,0.24327269072573035,0.3014804336879394,0.38910181160678387,0.45591148315714686,0.36090673225383074,0.45966126615921227,0.5676308912455148,0.5919596799635558,0.6205495740987874,0.6561576269506757,0.6050169067989516,0.6095046066361662,0.6851969236465337,0.7688412725215437,0.7829246549088636,0.7500513775369354,0.9254144862372831,0.9877938946747026,1.0
05360100000536,0.1590825195504205,0.22497636655928863,0.3531521987446817,0.35200588363849333,0.3598757802187717,0.2904225568069484,0.17721024434827823,0.2317082073595258,0.06681079251812272,0.0,0.017335682854556646,0.1854915999395904,0.2837277411900588,0.45177929178559406,0.5736974731495977,0.5736253303204415,0.1889608600601543,0.48672771287389177,0.6342052039585769,0.6705401815511535,0.6975475479293779,0.7187482397446885,0.7116654723238308,0.6591315508643597,0.7606858709525095,0.8485168261296219,0.8069500882965677,0.7613794491739692,0.9918560075687298,1.0,0.7959565120591809
05380104000538,0.0,0.025131574956839434,0.06871565360188381,0.07645460815849336,0.07589604272240115,0.06998571231513562,0.0723437509709677,0.08839571776688497,0.07287565948385713,0.08051696287608942,0.12484057527331857,0.1928554772123357,0.24258242301352426,0.30646643675816926,0.3968093163576205,0.46273077492237163,0.36850186067690643,0.47697776184964724,0.5870687737594057,0.6124854865090145,0.6428254007491325,0.6720883262266732,0.6171972427794785,0.6220230938225525,0.7002399102090904,0.7800189632149513,0.7865460964073878,0.748542454733049,0.9462663416399875,0.997058433298827,1.0
05390100000539,0.3082741421200283,0.3174851536531563,0.31981646911765027,0.32747018110298803,0.2389341262406871,0.20257615695890302,0.2704293242209034,0.3293003297644659,0.19651858769140207,0.0,0.022815187338415956,0.1300773493345729,0.26840198032502083,0.37653451276985983,0.45122438740772175,0.4563674535139372,0.24384776624803214,0.22300594477767022,0.36256365865773893,0.5017061994680369,0.5541902619609005,0.6141644115155112,0.6879496367290231,0.6561495866093707,0.7285304229268854,0.8691501306418075,0.9332630430452229,0.9642629125554228,1.0,0.9795465794175734,0.9401826205092416
05400100000540,0.4959419942629403,0.7945258450941354,0.8152794560205379,0.9373252805786785,0.833113351435006,0.731938840099009,0.8176858080184597,0.9207409660152348,0.602092314042057,0.5415515126380673,0.7854337545631709,0.9359625169594048,0.9406163829642227,0.9165461298209027,0.8775575219420606,0.6063939434245563,0.0,0.8260220710737547,0.8789681369839619,0.7836270497754682,0.7381301536816691,0.7897646849173557,0.7665062543792523,0.6753015743761429,0.8404535790695955,0.825008841216284,0.7522639382588089,0.275154118615328,1.0,0.8157177723555938,0.7424249816325379
05410104000541,0.0,0.02676659546795058,0.05712139121692682,0.10499476819909676,0.14076114615338806,0.16301832892273468,0.1987540890711695,0.2519631377954362,0.25543110560099314,0.248887179463492,0.28251100471934876,0.34277828164129703,0.4072429783782519,0.47079233433051654,0.5299184526094928,0.5352027583603346,0.41343573567276803,0.46007525958888584,0.5189807077894267,0.56090933393184,0.5944553597188293,0.6401310877763958,0.6820479649522647,0.7039687963142565,0.7652052119448598,0.8251440093564124,0.8688213682139669,0.7886661659554111,0.8931490161212834,0.9555252214663738,1.0
05440104000544,0.0,0.02245273608102457,0.0582572230699528,0.06663469084266352,0.060891594462215544,0.05838262695995782,0.07341125179944413,0.08889459888095831,0.07931006628823137,0.08231568210749193,0.12876922297537305,0.1893597741518938,0.23969859210519537,0.2930090401238487,0.3738470228286815,0.4397466844263345,0.38089823499512504,0.4424262288520111,0.541167445132959,0.5764509883464285,0.6078426966135697,0.6403356371913661,0.5965845849230734,0.6070520729300919,0.6751280611069991,0.7559420716047994,0.7803143277778928,0.7556890455886606,0.9084890160910802,0.953094480684384,1.0
05510104000551,0.0,0.02673691713366561,0.04600502177982869,0.06230186110797304,0.08757516406809497,0.10139054911405551,0.12965882499201895,0.16418615203912248,0.18111857990177818,0.21339741833717976,0.2300709769303782,0.2806400427242868,0.31732313141969853,0.36430492904552236,0.42476285868492397,0.4454654142567491,0.4299046120900074,0.48325786020920997,0.5233705798577643,0.552834016199066,0.5865876478114914,0.6272478202169526,0.6662573185629899,0.7045858660992104,0.7552004892227246,0.8075605073041204,0.8485319898204521,0.7989714315711912,0.8976077063288376,0.9580668618980039,1.0
05540104000554,0.0,0.02505174452558208,0.06344552391386314,0.07168680465243205,0.06959610981888509,0.06912241615378453,0.08527951269072102,0.0993871739632498,0.09720278164968228,0.11227973806599921,0.16614583876215908,0.22774673771422474,0.27294238354218986,0.3210932124515303,0.402097585832828,0.4740459971428646,0.43259766136082545,0.5018227798664319,0.5940827575693098,0.6141403907750237,0.6408859489123678,0.6693089481607609,0.6136598222475557,0.6292769399279702,0.6909377173489881,0.7563612988124687,0.7742772463083972,0.7461675868731095,0.8903965465546066,0.9422212989043958,1.0
05560100000556,0.0,0.17044952197269608,0.15803256450468547,0.33348380261277083,0.4489878384043654,0.3892401615417385,0.2674330868288482,0.38781070185725053,0.256195909030355,0.2007861677162966,0.2972321241476604,0.5978719459942884,0.717241899639373,1.0,0.9951067030693825,0.7896361116600532,0.2520657112072604,0.5702533247900198,0.6400576727272419,0.6546275544864004,0.5670490502436114,0.6353237001252637,0.5491523110305897,0.4290784683418094,0.5865030552708318,0.622986016983549,0.5901878493153433,0.4104173531859141,0.7524710818501104,0.7348346793985251,0.49234666317911424
05570100000557,0.0,0.1339260572280863,0.22517303575527498,0.4948317700512761,0.5129828277679163,0.47899866449784567,0.43181843693800354,0.47745851912800386,0.3577981210222478,0.2866212264353769,0.285051198059843,0.40855852733552017,0.48098106329132934,0.6255773244709356,0.6538144464508198,0.5955911493067657,0.321225306509941,0.5564558902125568,0.6765491773793991,0.7246185902952292,0.713770323797839,0.7584674068119611,0.7623318615863607,0.7185407745145563,0.8203837546545509,0.8728278561209885,0.853168601255528,0.7995193973646202,1.0,0.9854294451832651,0.805882293387893
05630104000563,0.0,0.031584820708351696,0.08467675727832168,0.09272364871196741,0.09436716964637266,0.09513185696820786,0.11210685617567731,0.13046929840246477,0.12463348713964127,0.144647207113395,0.2156903330663799,0.297475335757608,0.3548337992190207,0.41327509034369636,0.5120102818185897,0.5940230555754674,0.5298119535649943,0.6067174303471176,0.7087419153730998,0.7207528404518521,0.736388160692852,0.7565156829922074,0.668172883149906,0.6864133989066161,0.753335233328131,0.814652005037294,0.8304646316815177,0.7844557342643828,0.9358059729662305,0.9776293756772552,1.0
05760100000567,0.829920991308845,0.8230879922283308,0.7176775307175515,0.7490386089663221,0.7789140393377466,0.8429207923699358,0.9269175234313058,0.9101031150378381,1.0,0.9862260560314472,0.9187144434774902,0.7859188751974459,0.7173764724532472,0.5852249762432471,0.48142967580727025,0.41890740840885704,0.578523453765327,0.3891880893482452,0.28845206763152226,0.2857135807727896,0.2705589454037243,0.27892405852412255,0.3148623617141379,0.36922412331272425,0.30536849821379186,0.2205451836336201,0.23650014878912104,0.08136691683211202,0.0,0.07338011831268029,0.28841478987771674
05670100000568,0.5558350409560975,0.6422384418041662,0.6257164047995782,0.6916162614286779,0.6685762011412687,0.6508727182434743,0.715979323074087,0.7494156364069181,0.6023842058856091,0.5948812976016695,0.6155978723414592,0.6983841797058409,0.7112142584159165,0.6874112164382652,0.7205381991040732,0.5356502435419698,0.3600914609421133,0.6608206185392375,0.6480070333651704,0.5890019107869906,0.6097011786165766,0.6272836576807341,0.6375893664868126,0.6332925458171903,0.676375623306617,0.65455704106582,0.5978109758896877,0.0,1.0,0.6961144038403915,0.6079589147712924
05680104000569,0.0,0.022393119611040836,0.044018443194025945,0.07225765037724816,0.09936290512476872,0.12566487792054776,0.15934996700286239,0.1978623906255414,0.22201860254442368,0.24596735957016888,0.2728982860824087,0.31033702526812706,0.35074945996796225,0.38971344429658417,0.43445133073127246,0.4556565213605512,0.4527599637973883,0.4917176609389499,0.5301216707697611,0.5609876724785572,0.5957575253233759,0.6342108824204429,0.6754384949545866,0.7172054255584872,0.7675586364343527,0.8158221132310464,0.8553160262257459,0.7842092157638442,0.8946046380602477,0.9549272085761363,1.0
05710104000572,0.0,0.026309897941970185,0.06500552492752655,0.0757912229507858,0.07560300909331333,0.07744005517900174,0.09498158299346805,0.10923286861044253,0.1102950806949053,0.12728614379527922,0.18152662196922673,0.24108443686101422,0.2856719293309011,0.3298853809039281,0.4080341624455362,0.4774502441904647,0.44701858277485523,0.506505720050321,0.5926961938955138,0.6130546876274992,0.6390400734087418,0.6671012933736183,0.612924718960725,0.6339456401539367,0.6913333475343466,0.7476158788805548,0.7653714208640789,0.7181129502768888,0.8580361802069812,0.9159786288776394,1.0
05720105000573,0.0,0.02363436744685546,0.04507795235629285,0.079339110639506,0.11038061583658006,0.13901015226226954,0.18169390988472442,0.23282765382027087,0.2551951925106736,0.27681701235347284,0.30352417316251507,0.348658685886354,0.39804293276630404,0.44327754635393324,0.49750322446197004,0.5087437915870151,0.47804226175516323,0.5199669968908578,0.559661907710964,0.5846278503237263,0.6154345169869759,0.6517483425289862,0.6919656018048242,0.7322584186211911,0.7855548398001663,0.8354199973464757,0.8713747446888478,0.7386956188087086,0.8864057687797217,0.9555932565137972,1.0
05730100000574,0.4978209648985035,0.5867791197992777,0.5732252303073018,0.6389337371770619,0.6186375761178072,0.6035144585472311,0.670719065708836,0.7063717109332369,0.5642441166492058,0.5594900725944915,0.5816135775056037,0.6630951250214477,0.67701018704524,0.653672515959164,0.6870535739525938,0.5052012906650497,0.33431008527582734,0.6323618344438477,0.6198450677372367,0.5583501553147296,0.5801161720922371,0.5997081714532245,0.6122523856263428,0.6097990199103089,0.654890803137671,0.6381294135923029,0.585532526001432,0.0,1.0,0.697212867242771,0.6077660882998491
05740105000575,0.0,0.018606985983703844,0.038700861107421325,0.06441747706327701,0.08780418219543476,0.10833802637507468,0.1350284664502393,0.16714311031782292,0.18918156541679942,0.21152467115761855,0.2376313161015917,0.2739064825073492,0.31502915595118314,0.35291346563099885,0.4002921812904713,0.42818216232284523,0.43059680693961583,0.4717287700370379,0.5159566433297826,0.54942513750994,0.5850173109738386,0.6231026525899753,0.6601863517234638,0.7029014417298639,0.7542728944404573,0.8050537170037223,0.8487788693689188,0.787591971649319,0.8931218930551076,0.9513527083516761,1.0
05750105000576,0.0,0.011690584314623899,0.024683597957100994,0.03980844728836833,0.05444448050067122,0.06469903094021465,0.08194363456869388,0.10636202233973328,0.1248631469076542,0.1404334879381938,0.15913393768897047,0.18538794357399352,0.21622699137182358,0.25015131561431564,0.28799119546090524,0.32091342161270764,0.32334934687533434,0.35588695713247764,0.3990358212930412,0.44228806786181507,0.4667660518034268,0.4962232436237599,0.5201352484793997,0.5539969706711048,0.5952455413826361,0.6490074124302997,0.6976959953302285,0.6764043422777696,0.7834777990091332,0.9115164453969689,1.0
05900100000590,0.0,0.06049172915385985,0.07183407614832754,0.07790686102588597,0.10053932610756001,0.13660761826361661,0.20830090506635518,0.24232666631066846,0.27572098029036635,0.278531123810013,0.32416808923542145,0.32390878635535386,0.3785075585704408,0.40534521321299377,0.411829897445572,0.4486540698847576,0.49845973557953416,0.485508864182195,0.5044696095436568,0.5149402701017751,0.5244643489955128,0.5598905334779892,0.5753652724795956,0.6069836338744105,0.6151654939383723,0.6591496108919975,0.7203328296001779,0.9929689187851265,1.0,0.9107869439682988,0.9435355766733622
05930105000593,0.1767824582430958,0.1767824582430958,0.1767824582430958,0.1767824582430958,0.1767824582430958,0.1767824582430958,0.1767824582430958,0.1767824582430958,0.16618218251257377,0.19025646339585667,0.32763631576692553,0.24978541549869182,0.30041274637377846,0.3786585410387603,0.0,0.5793814548078298,0.38313388500989815,0.3333312459932675,0.40787459640959683,0.3960586780656361,0.403596222705772,0.3199189783042218,0.25520070408678186,0.4141568809568428,0.6504760538810558,0.5648073668333375,0.4098891304255467,0.5655192590058172,0.2904787669477681,1.0,0.5789135794061703
05950100000595,0.0,0.1450611894272985,0.16804016397552524,0.11810747295919385,0.06458143823952799,0.07985996037914195,0.083088671908971,0.12449844492357091,0.15826467834224087,0.13969552998584855,0.23970928299606709,0.36531558929700475,0.4172092445942433,0.48923047313014945,0.4908927752672377,0.650124421673643,0.7729694678981928,0.7989112683697297,0.8613642795981591,0.8472971292834307,0.820288782042516,0.868081470590485,0.8788026233772753,0.9464999693496875,0.946012510841934,0.9878813085724206,1.0,0.811077429740788,0.6996987308479805,0.8686238401723865,0.8311352945952316
05960100000596,0.0,0.03924358720349959,0.08635232639553578,0.11080605650036714,0.12459754108697423,0.1349097026830821,0.17169127213677038,0.30790200959503455,0.33747074213756373,0.4047424375790346,0.48445323070411533,0.5370522118801019,0.6038560642067863,0.6511493543247097,0.7128023777588239,0.7870644238445708,0.8405026943533929,0.8355236521709402,0.8547627631567586,0.9220441802855227,0.9160383164816176,0.9445542079796704,0.9608026656502313,0.9757202971182131,0.9724365340557195,0.9806420579712015,1.0,0.9676331200808198,0.9447623204002086,0.9785035711484358,0.9714748138386601
05970100000597,0.0,0.09684479090900376,0.20709035368319206,0.19807854956899276,0.06966563285008992,0.04585874761355203,0.0884583820330395,0.12051567838107789,0.15864582414585976,0.12776815637602199,0.22392092922833737,0.33905392027664566,0.4250078724086913,0.5279533560291886,0.5623329884504817,0.6579055526665619,0.804352350274433,0.8531125434586879,0.8748251282647511,0.8526068201306296,0.8571061749604488,0.8778511067220073,0.8959779083532821,0.9166981312565867,0.9333589271191353,1.0,0.988509746396969,0.8450484695410774,0.7251690715426714,0.8326949347330643,0.8025091641448161
06010100000601,0.0,0.04349758153514815,0.1461021019092162,0.18848603434206979,0.2529340081643252,0.2450054845339463,0.26574200556776456,0.4196877222989685,0.37714715407659116,0.3788749862418707,0.443528082527024,0.5962270358073484,0.698639238822102,0.823803888985002,0.891435644543965,0.9995549983768393,0.6068970454621309,0.7860464854342734,0.9362735390551813,0.9152008907211935,0.9095636840824958,0.8965193854307738,0.7594683813300023,0.6781563332633538,0.7568657829234257,0.8385229470495151,0.7726007990715481,0.5966736921686303,0.7877869187076418,1.0,0.8502187244128743
06030100000602,0.5381107829875343,0.8380579984582516,0.8538979508676985,0.764250969653952,0.8850715496637377,0.6957731682278506,0.706858455295094,1.0,0.4999074584453391,0.6000107997057493,0.7033981829322248,0.9277694478733406,0.8200360825534636,0.8432065174403081,0.7888974475232963,0.6233014733909104,0.0,0.9771657096399423,0.7338587701807393,0.580499998433653,0.582950224980083,0.6145195762495951,0.5856919593783957,0.5633071103274967,0.7358872946781904,0.6580614286543691,0.5474862937047634,0.11761376285595812,0.9552109745586091,0.7986723712459406,0.49226367838597035
06020104000603,0.0,0.02000128135393381,0.057487199855191844,0.07075058312760023,0.07689258648473164,0.07579065338764124,0.08842628128158594,0.12225025583226615,0.11252180133712236,0.12314784255685722,0.17422091861375893,0.2507484642589666,0.3086805347213337,0.37882341067740344,0.4665290663437747,0.5651640347870325,0.4108696720735594,0.5246463326612423,0.6574488288131619,0.6702106761916633,0.694048435515743,0.7120857700420864,0.6146166271535298,0.5960090956356658,0.6769411214022351,0.7655312115932411,0.7540084613301267,0.6584045617527012,0.8613284173619142,1.0,0.9748404334995876
06040104000604,0.0,0.028283679361080283,0.06036731705260318,0.08698685069174886,0.12747584779793628,0.15121329113357085,0.17746616783627117,0.24075666869193785,0.24364112274759678,0.2602900612594632,0.2920397191240114,0.358937229686628,0.41527529695049586,0.48037898872020107,0.5406379738560108,0.570813090929982,0.467351456557808,0.562633065048668,0.6172451211479066,0.6403570175478447,0.6646049719013797,0.6969947825894907,0.7233378743474154,0.7446999435126345,0.8110096308566048,0.8601062009916637,0.879729468478012,0.7748333394525243,0.9011671867510843,0.9957144307121334,1.0
06070104000607,0.0,0.019632922513245867,0.057566531930249965,0.0692495311282639,0.07763714519041996,0.07602207419579966,0.08769113370023829,0.12044437812549288,0.11209303209528747,0.12379975838680168,0.17273879844530976,0.2485503943953879,0.3066028528988516,0.3770442288836553,0.46619156597093936,0.5617759975132857,0.4151802994875865,0.5262280721059279,0.6562313790949335,0.667491316118094,0.689924674807468,0.7093416262571618,0.6118366286066755,0.5966893641598775,0.6767703925039783,0.7633452705844969,0.7509391385222104,0.6575216255545789,0.8606383748718787,1.0,0.9795054772467042
06080104000608,0.0,0.016574828369073733,0.05403609091802572,0.06713271169760517,0.07367050606125747,0.0745745798383716,0.08775103269645076,0.12172705558695289,0.10981338143347608,0.11782913030420829,0.16697375075608456,0.24391047284649847,0.31025855424638316,0.3919124355363372,0.49804200870012305,0.5799642543685374,0.41521887321093187,0.5191986710157895,0.6447005810870947,0.6497619804501961,0.6745422223845772,0.6921150754194446,0.6026540580518651,0.5895732849983811,0.6712058032040549,0.7635914939373969,0.7536448932252247,0.6530366622844114,0.8516835483413298,0.9837661154123157,1.0
06090101000609,0.923339011925042,0.9872231686541737,1.0,0.9872231686541737,0.961669505962521,0.9105621805792156,0.8466780238500841,0.7827938671209523,0.7316865417376471,0.6805792163543417,0.6294718909710364,0.578364565587731,0.5400340715502522,0.5017035775127731,0.4761499148211204,0.45059625212946774,0.4250425894378151,0.41226575809198884,0.3867120954003362,0.3611584327086835,0.3356047700170308,0.3100511073253781,0.2717206132878992,0.2461669505962465,0.2206132879045938,0.1950596252129412,0.15672913117546217,0.13117546848380957,0.09284497444633054,0.06729131175467785,0.0
06100101000610,0.9420540828560008,1.0,0.9710270414280003,0.9275676035700009,0.8841081657120015,0.8261622485680025,0.7537298521380034,0.6812974557080043,0.6233515385640052,0.5798921007060057,0.5364326628480064,0.5074597042760067,0.47848674570400723,0.4495137871320076,0.420540828560008,0.4060543492740082,0.39156786998800835,0.36259491141600875,0.348108432130009,0.3336219528440092,0.3046489942720096,0.29016251498600976,0.26118955641401026,0.24670307712801043,0.2177301185560108,0.18875715998401119,0.15978420141201163,0.130811242840012,0.1163247635540122,0.08735180498201266,0.0
06110101000611,0.9347140927510131,1.0,0.9782380309170043,0.9564760618340086,0.9347140927510131,0.869428185502026,0.8041422782530389,0.7606183400870474,0.6953324328380605,0.651808494672069,0.6300465255890734,0.586522587423082,0.5647606183400863,0.521236680174095,0.4777127420081035,0.45595077292510794,0.4124268347591165,0.3906648656761208,0.3689028965931251,0.34714092751012937,0.3036169893441381,0.2818550202611424,0.2600930511781467,0.23833108209515097,0.2165691130121553,0.19480714392915963,0.15128320576316825,0.12952123668017257,0.10775926759717684,0.0859972985141812,0.0
06210100000621,0.0,0.0027000712199088885,0.007498779117529148,0.01707145969622007,0.027724826516691035,0.04405726205270925,0.06625751695551065,0.09731009667050168,0.11668443957380467,0.153212585196714,0.1782502436754344,0.20616218548732562,0.22940740025854342,0.254697118782877,0.29932603382581846,0.33651679636160303,0.37519518939881896,0.42131173494319185,0.4585024974789764,0.495693260014761,0.5239582395419573,0.5551984800720163,0.5909016121063695,0.635530527149311,0.6727212896850956,0.7203254657309,0.7887564687967435,0.8795019293840578,0.922643213925568,0.9553710849570585,1.0
06260100000626,0.9782517023335985,1.0,0.9925219124500251,0.8324222556753116,0.5947335664838997,0.37003122312312253,0.35585501871355096,0.4500897557180204,0.20676859602255876,0.07720908328186941,0.07605435815462225,0.17774112460766597,0.30464517730108964,0.43597323551153927,0.45339898889447117,0.5393494420809191,0.1437098072399618,0.3917787908721599,0.5346464079815423,0.5335274666742906,0.44123556382352763,0.3753189571353023,0.1911568785312095,0.044142702168504945,0.1722213604447206,0.29583126038434876,0.15592350171052122,0.0,0.2808380727872844,0.3188528893836747,0.03202975783178535
06270100000627,0.6341705259541446,0.6321741212099774,0.609033732369333,0.6345224177383342,0.6109075436870028,0.44374560787303136,0.568481348201044,0.7715290494738972,0.4290240484736955,0.5136854366153214,0.6706722835586937,0.7945727727784033,0.7053042692057633,0.830706041608122,0.7882896961063506,0.5143901362061003,0.0,1.0,0.7013238030231053,0.5610538579382962,0.5733001713244528,0.6483128101768479,0.617819311023771,0.6047797828680831,0.6560461067691847,0.6191936343823556,0.47739592219186305,0.15716999933136827,0.9342740185685302,0.5108704309741661,0.518209218909449
06280104000628,0.0,0.09477067780417608,0.11476078031551029,0.137259117198467,0.1588000280143144,0.16810620814188532,0.18734393573012148,0.22353901523435557,0.23249771136326114,0.24885284408872912,0.2793796600832947,0.3224780900452647,0.3593196998745264,0.41043958125358176,0.46004570361920766,0.4815094484842938,0.4442784759729618,0.5191497989702845,0.5642463053394616,0.5938384901295946,0.6258164727803189,0.6686108158783738,0.7088498099226797,0.7486208009557711,0.7971821796812171,0.8420286881904182,0.8661596525938755,0.8395594679500096,0.9352283599980243,0.9666430101681982,1.0
06310104000631,0.0,0.030661955529562742,0.07805281137671582,0.07894325497839669,0.06290124761980792,0.048402489359116306,0.06182345922133191,0.08311277341279913,0.06448742941520032,0.07312457003309004,0.12877825710875676,0.202691338121617,0.26315252699779684,0.33057969566756146,0.4234513372309899,0.5139351074466932,0.42091531636463875,0.5295374256516036,0.6525512971123626,0.6751708991071628,0.6917564401000242,0.7113431246718626,0.6222890282708932,0.6170732000561341,0.7026804015402559,0.7922218866422909,0.785698587268739,0.7282970068453722,0.9380827763591753,0.99859302041233,1.0
06320105000632,0.0,0.1759186735146587,0.24044889970134548,0.261602774325546,0.318850932381899,0.33725816566987254,0.36851569845123344,0.40736781959568763,0.4266784518012469,0.45358949909966767,0.48420857518850124,0.5108233730639106,0.5159982865289392,0.5481401625388248,0.5639206437946778,0.5690383260203762,0.49631642766343664,0.5780460530960294,0.6013471649298922,0.5969352538634836,0.6278673791173793,0.6666701682971129,1.0,0.7519572892562267,0.7917297271395135,0.8220279111317637,0.8311649595163023,0.8351887694103899,0.8892720224435824,0.8820369813469452,0.8000278917340555
06350100000633,0.6475101244071875,1.0,0.8670440499299567,0.5772595712495978,0.4668600763601447,0.4149706704111309,0.18151695298065898,0.22599281372404179,0.2717735269030674,0.16630262899330692,0.17959722808427636,0.2355887524839991,0.3025181517776464,0.32068290680949313,0.38236595722561395,0.852570348811625,0.16090172167111824,0.213819932465646,0.3837470576887094,0.25913779663881714,0.13718826510527787,0.10343312473597167,0.0,0.018364441429247782,0.09205044449113148,0.1130021021522521,0.08779098833874027,0.052453689666490416,0.23075055973498423,0.7368257975674334,0.47612157002978767
06330100000634,0.7834716043680434,1.0,0.8576589585216869,0.5991336003628268,0.327188914601794,0.3567784749697303,0.31249421482123313,0.38756518639143633,0.26247025285599745,0.21374289322245613,0.2665899456431609,0.47463957754120695,0.49373017972196764,0.49705037044457145,0.5019826172888009,0.7545271005797152,0.03964064363673243,0.3165470028705765,0.45255782897286745,0.22030821280866897,0.05049718838974567,0.009658785511232788,0.055135002280595605,0.0,0.14033189791134967,0.11923519207886366,0.06789632975552712,6.360893470436869e-05,0.34832808922465885,0.6704787212502846,0.36515416469096584
06370100000637,0.11228442899348634,0.13505862829328474,0.2874189916103579,0.0,0.027910099910916992,0.08052405174708523,0.2583666746974814,0.2669604945862341,0.20030860694754854,0.28072113355398515,0.2729772397377319,0.3643771336837122,0.4284155591846827,0.5530110422529658,0.673600021234411,0.5921999926635497,0.674222561963144,0.6227776203081065,0.626005777473711,0.6161523893026358,0.6130578718092622,0.5934894016717823,0.5811670256356977,0.5803274386370901,0.581237980776053,0.5761556195481353,0.5601939773093532,1.0,0.9582464685750931,0.7008099492667371,0.7562883174313402
06380100000638,0.0,0.07188287554032272,0.2754906399799635,0.00400843049854087,0.12659772070283462,0.002097008586202759,0.15435566416368526,0.2186449823230548,0.3487643159633503,0.45741206940897666,0.4916568299327004,0.520272831867212,0.5156308121613908,0.705894353848429,0.7173327354810831,0.7042566973322051,0.8092813707256349,0.8004388752364293,0.7591977389073276,0.6749580611713679,0.6660002110881716,0.5999456267278536,0.4954773410103141,0.5236104638402196,0.4955490170999255,0.43117452812737606,0.45641141036133775,1.0,0.9128360784608666,0.6259460955434858,0.6124129161720169
06390100000639,0.1895807246878126,0.0,0.08323090870577712,0.08735367284557882,0.10997551004002522,0.12490858529479883,0.47130954999125596,0.5295657905132299,0.4889274505965938,0.5190543590541817,0.5823431194289052,0.653590914894822,0.7262339392200787,0.8581104302011607,0.9433622351465969,0.8280219227685321,0.869372571601203,0.8174367987569973,0.8430777988676031,0.8163372834408698,0.7834241571671502,0.7563539445814995,0.7541096323352094,0.7531676465912003,0.7193049255038297,0.6961837665668025,0.6562545112104382,1.0,0.949427329440441,0.717780982563547,0.7570227122929989
06400100000640,0.26128216000287974,0.0,0.08315272909133539,0.0035355101233477937,0.06524149466775457,0.02295719312333874,0.2534643688059496,0.2748106265889227,0.37811889263621823,0.490449606522695,0.5196587003318579,0.573881599114511,0.5847637649227003,0.7949369516242006,0.7867809731340523,0.7273245139569103,0.833480750617142,0.8288187259710882,0.7717797988858763,0.7038829601596074,0.7035320078867082,0.6579101041879181,0.605231610852945,0.642070511250573,0.6103564905754153,0.5658351851501113,0.5520494796871765,0.9643986061527087,1.0,0.7391405159610818,0.7211759201748108
06670100000667,1.0,0.9658362596066147,0.919469724502598,0.87220792134868,0.8293341148836739,0.7928731715909616,0.7657560278637962,0.7265490040969849,0.6916852928995533,0.669883126067002,0.6342854636929427,0.613164446391196,0.5923282703052521,0.5488838540620321,0.5056604764048901,0.46004858127252085,0.4236416752310402,0.36892467409740193,0.32728364096483203,0.29067111993316885,0.26069613582113266,0.20840851564706614,0.17728023592346973,0.13952696840782153,0.11187875015608158,0.08703262727173947,0.08588423163103193,0.0,0.05770396985686556,0.07548249120591144,0.11303563963243012
06690100000669,1.0,0.9748638748517167,0.9463492838070731,0.9125870690704799,0.8872668001662141,0.858558458741734,0.8532433669925202,0.8266136652620224,0.7893697511224037,0.7492728996363498,0.7094304287582128,0.687051318506032,0.6473163432207043,0.6041763624346891,0.5525619802715068,0.5050742176174461,0.43999646716988056,0.3761705898788366,0.3321264645038619,0.3020338142073487,0.27424993432786615,0.22933039179726553,0.19307172445888912,0.16777665363335814,0.13709876400470467,0.11445409475657668,0.08339771978186776,0.0,0.02076417032584558,0.034708402510498906,0.023463310645327466
06710100000671,1.0,0.970411030067375,0.9331228620433745,0.8927793801470624,0.8590807923081822,0.8267862588082975,0.8113205311545796,0.7788121735025683,0.7428204173018218,0.7115742461220578,0.6739293955045884,0.6524828971544371,0.621934817029877,0.578818356819836,0.5312290119640127,0.4846531819634753,0.4330810482771857,0.3735468465912352,0.330797626606921,0.29783997746460833,0.2692332486890576,0.22092803789284118,0.18719054086140038,0.15609249134394168,0.12662996841446084,0.1025951710790359,0.08523052784628442,0.0,0.03814167627264264,0.053940364422777796,0.06576677607650516
06730100000673,0.9640299082526145,0.9795050993688976,0.9734005955686118,0.9654714875521321,0.9692104528863773,0.9699932579136468,1.0,0.99350403496064,0.9561733741266952,0.9250870977812767,0.9107231175918739,0.8959254602895932,0.8975209365390573,0.8315194526530649,0.7959160181065125,0.7164555362632676,0.660855990980536,0.571032885069532,0.5274758936372231,0.47559913932231973,0.42471258881760615,0.3861500808542881,0.37381486570192346,0.35203759565885023,0.32824622238210394,0.311463921692369,0.3085961456992438,0.0,0.2211428983192111,0.309013150908028,0.47143882652087343
06750100000675,0.9596610340867283,0.9823398331024912,0.9759111057783112,0.9648562189550075,0.9667077896450381,0.9646594506809658,1.0,0.9855844541589891,0.9439220318677007,0.912159499022687,0.8968557454965673,0.8843283730580623,0.892650971693256,0.8146395118836317,0.7694907041353071,0.6700106368641155,0.6010480701203835,0.49241231764021687,0.4452602988732074,0.3922151426124636,0.34477602718440903,0.3182030312729004,0.32731933255690476,0.3280265011644171,0.32945814483986585,0.33576830089630405,0.3591878848302874,0.0,0.31409143515087823,0.4399101247254574,0.690726362482143
06760100000676,1.0,0.970600146909023,0.9415663387169068,0.9114771483862877,0.8920359506295731,0.8597183769066328,0.8476171604548282,0.8144411305654742,0.7750160794966291,0.7373351461047266,0.7049772061455629,0.6886629471540526,0.6622384990619317,0.6340012328531355,0.6038854485847208,0.5733948620505686,0.5253394039783782,0.4888666364277564,0.468607510691003,0.4416232656313516,0.4058347311625623,0.3667072415637386,0.3353659954197158,0.30180334287339095,0.26085229420842126,0.23245200108638087,0.19752158824108332,0.0,0.07288047335218736,0.10225012917881966,0.11322185079961988
06780100000678,1.0,0.9678393674776391,0.938109722753303,0.907407996735053,0.8886540350441202,0.8535351160087526,0.8458215941435285,0.8080092133578429,0.76688148421129,0.7292241745333323,0.6951116321962916,0.6823210552944307,0.6557623386784941,0.6254789248095775,0.5927267139140948,0.5563082654442492,0.4984591810684077,0.4576739536749307,0.43976187310969983,0.41595787265988415,0.3875839932200136,0.35493016268145744,0.3305027082794472,0.30704394830581844,0.2769725822368212,0.26234636117109905,0.2378539381244691,0.0,0.12107033357167031,0.17331124868046788,0.21857496840979818
06790100000679,1.0,0.9868946453784817,0.9652470210434181,0.9425120010634476,0.9312510957171704,0.9111993511838755,0.9153423817193609,0.891970821782403,0.8529332483921402,0.817319570967809,0.7915541340719112,0.7760739868837242,0.7602704390492049,0.717739471543889,0.6855017245083321,0.6363030976211209,0.5845080698064455,0.5271412928650058,0.4982440444777853,0.46200018821854993,0.42041667283625433,0.3811356596832896,0.3569714439991933,0.3276951226127102,0.29250803634787653,0.2678510317722172,0.2443297059220441,0.0,0.1301867574601106,0.1835684575679234,0.2520039259852329
06810100000681,1.0,0.9884409287072605,0.9659022202483893,0.9411544679397336,0.9294572511708689,0.9066788801932681,0.9160653580946233,0.8866951674981728,0.8445602256446011,0.8083730172377616,0.7811868387663614,0.7688087426916028,0.7559821415389301,0.7066253101734763,0.6686520769533973,0.6065381911761532,0.5426723747865965,0.47379763999804353,0.44451913466313314,0.4095484317268554,0.37397025121323624,0.34391525010706175,0.33364081176049654,0.3204932975983403,0.3031370372864804,0.2972629266452469,0.2919132142847224,0.0,0.20133023378534826,0.2856811733264465,0.41491801712757376
06910100000691,0.0,0.11893874867220001,0.19853672926156582,0.27003916018918983,0.33638034472662415,0.41568574134904707,0.509565766239474,0.5736285195669026,0.5783615914532407,0.5950808259933305,0.6365909546483909,0.6293311520496135,0.6916959457552001,0.5890991880673525,0.5680419857326063,0.4413947232130791,0.43112803403495525,0.30259522762567964,0.23270260458126701,0.1571992317309873,0.10931673010765643,0.10787135426582828,0.14701908544582173,0.17101436724889904,0.2215777924728525,0.25860877396065557,0.3499405769609505,0.1218361519595492,0.5018818473917167,0.6118749517080575,1.0
06920104000692,0.0,0.03556055937493176,0.07083679035279072,0.10706308541076444,0.14676264205213146,0.18585425194304947,0.2292724791671026,0.2677810863553231,0.30378555168147925,0.34069839821669573,0.379307070267629,0.4202734035542893,0.46142786394420066,0.49596432280402125,0.5304754314905658,0.5602208953618835,0.5880221685213993,0.6133097604182899,0.6446109125122832,0.6749362417459422,0.7032502140539996,0.7315174223726771,0.7634577540069558,0.7942259833901327,0.8226170360067723,0.85306542375581,0.8841177995653562,0.8593574628190076,0.9257050863720677,0.9581308529806668,1.0
06940104000694,0.004779047792758281,0.0010732916225079249,0.00014348311468988765,0.0,0.021855752075856404,0.013650452347811474,0.015789946477479715,0.04475513092646405,0.0443831908178505,0.04369070266812546,0.04593691869982763,0.0921264760591523,0.09299085862939059,0.12444384976894346,0.12437209497328923,0.11936662163689749,0.11887521144830213,0.1196244985698372,0.11994282194436096,0.9079416740148115,0.9073830973659895,0.9071878278712492,0.9083329133739563,0.9114211319813639,0.9091246299114857,0.9093977520199205,0.9093397048645424,0.9081039574218039,0.8571502743673997,0.8369009786800045,1.0
06960104000696,0.39884541028148823,0.4302210956097906,0.26071615032398926,0.4469856162235385,0.48920384385359356,0.21892505719461625,0.1032345788683695,0.12289785356770559,0.13504458686670542,0.0,0.11241817654413483,0.18932950453496114,0.40359840007323944,0.27933974867464384,0.45350892982784285,0.6616355221758269,0.5039102393325945,0.43680321243281744,0.5937944783577949,0.5967609085586487,0.7904355990692719,0.7951138119326306,0.784937510598182,0.8449094932105994,0.8559448431798524,0.7833434217293468,0.7201347162772151,0.910019644168645,1.0,0.8987682372966453,0.9167734135921833
07040101000704,0.0,0.026706722760202674,0.049724163925720405,0.0757986362711899,0.11740090976134042,0.1556261501955123,0.18591726035194636,0.22682517822246798,0.2803509621849271,0.3150274863187171,0.3522240926399047,0.38429134042456503,0.4303735305858297,0.4802030600383126,0.5159562643853787,0.5347776003486003,0.5869930817241185,0.6200826462765928,0.663592726035963,0.7001914675608781,0.7381149153180516,0.7719349609150322,0.7957323397452314,0.8294801827577986,0.8582314834956275,0.8847549318829779,0.9100146043622186,0.8325487591672162,0.7151208649505553,0.7913116872071099,1.0
07050101000705,0.0,0.03486596018621271,0.060150934471920416,0.1005613130587208,0.14550850248348365,0.1779119900821828,0.22171759951238543,0.26106033590581046,0.29851831624449343,0.3355814410375776,0.36850057486506393,0.4011550665833417,0.44127033904465646,0.48666694192007476,0.5182877819392013,0.5423179813584462,0.5905255504550309,0.6257741945291365,0.6681980534531142,0.7025667591767861,0.7397442252845664,0.7824179068092398,0.8129685987280805,0.8435524726755301,0.8659463865845496,0.899272729685563,0.9239309270557672,0.8176203863770859,0.7011011203835453,0.7920950315999136,1.0
07060101000706,0.0,0.031271089530357156,0.05524551989884966,0.08870760618785427,0.13230566904251204,0.16726495732460614,0.20471879011183475,0.24466539936537804,0.2895329735337883,0.32544061846069305,0.3603505147653051,0.39272654126295836,0.43563407157401257,0.483164732964358,0.5166474740128939,0.5383317987844577,0.5886436220762381,0.6229738842708715,0.666020217283276,0.7013459292752693,0.7387659396295543,0.7775777662857001,0.8049475109522735,0.8370351023062161,0.8623022389681831,0.8929677353537097,0.918031726089728,0.8241848645579923,0.706891565099671,0.7923629155229167,1.0
07100105000710,0.0,0.0863827755350089,0.2204714155488996,0.3176194817033468,0.37530928506315925,0.41793636324174155,0.4390328601814472,0.5031905195989061,0.5146937535269349,0.4598689065416504,0.5535008898728133,0.4524894734557451,0.46863740938490256,0.6426183964925989,0.6829882363154924,0.6792985197725399,0.6237357294786647,0.6566393193558189,0.6955332725615314,0.6716152276772149,0.7185397404175891,0.7571732430437991,0.6807744063897209,0.6730911142943959,0.657203628944741,0.7270912011112558,0.9385336632374007,0.9349741719841993,1.0,0.8519338455528064,0.9584264992997238
07110100000711,0.0,0.034290271551056274,0.07044650174756446,0.10453988683490834,0.2969378642071414,0.3761844033368834,0.40563861830854925,0.42041245351510814,0.4487200017220967,0.47615074887735087,0.510883096168274,0.5393402780876922,0.53245502719396,0.5401115479948816,0.5990992575542738,0.6316721541111721,0.6533653671985051,0.7168888158513002,0.7364089274097996,0.7531652780483127,0.7774222154084924,0.8138588119293231,0.8438354323180443,0.8731216375073464,0.8902906621738077,0.915694266298656,0.9283065506489123,0.9452450868951863,0.9616297158902086,0.9818460179843991,1.0
07120100000712,0.0,0.03778358165803062,0.07492145486787277,0.10911990902257307,0.25777741369672996,0.41026001811839496,0.4410689847921292,0.4574333571056894,0.4826728474778874,0.5215078737880903,0.5773047936624255,0.6089165590485942,0.6233717545922386,0.6014176673541467,0.6407422755922265,0.675015901775217,0.6913147395000103,0.7305102060484651,0.7409408068464433,0.7584799830381109,0.7900319962992278,0.8196854339739029,0.8634529018330441,0.8906902334187903,0.9037884774773053,0.9229332510938545,0.927723058537811,0.946747364160295,0.962589387251602,0.9827432007864222,1.0
07130100000713,0.0,0.03545741564448892,0.07192429749219471,0.10608818626244504,0.2831101863885423,0.3879889114645925,0.41796036302817785,0.4333545531400204,0.4606148862706495,0.49208731713170456,0.5342164298251451,0.5638068739970578,0.5644705861615662,0.5618523467546891,0.6139737511669149,0.6471817317124952,0.6670117427562796,0.7219703641332337,0.7382872429640773,0.7552237672682046,0.7820346201485102,0.8160941047580527,0.8509705180276834,0.8795148867452088,0.8952338144738051,0.9183796745437559,0.9281929877013192,0.9459240683454068,0.9619243449486339,0.9821679049406871,1.0
07140100000714,0.0,0.04872683822407936,0.09833195965304924,0.14998495493020722,0.27933854023575294,0.22768467278063417,0.2805090030569789,0.28797222985377446,0.3560143211620948,0.3724025450152817,0.38659636912315587,0.4477613372232422,0.39391307002281073,0.4741002394128449,0.535118681615805,0.5731639563736617,0.6098913702351909,0.6234999629324384,0.6886158971876655,0.7186127137381144,0.7585602086249645,0.8072870468490423,0.8511855078910333,0.8895229622652239,0.9083995098359934,0.9171788531732064,0.911032615094792,0.9302022144598416,0.9520049190836898,0.978489474992484,1.0
07150100000715,0.0,0.03314840445834675,0.06711029034733652,0.1003113847561544,0.20340120055980385,0.2534669344858287,0.29301652536764466,0.2955160852137852,0.33929500846252486,0.3820227029430596,0.4240018145904955,0.4695278594900439,0.4721925573517231,0.47711778260126736,0.5223919438350824,0.5687809473139076,0.5870945604694268,0.6259321944593353,0.6654535126847843,0.6994796546109476,0.747778347514644,0.783770724178391,0.8188596609594461,0.8453215821892516,0.8626597887004515,0.869399604439832,0.9362914242607643,0.9496971612967898,0.9660136968168822,0.9855346809109451,1.0
07160100000716,0.0,0.01851431037876083,0.03762528325600231,0.0526345188297869,0.1323689405432144,0.29592682632678535,0.32204921830865224,0.31916746539040847,0.3374113734028241,0.40991475343239625,0.4831112775559665,0.5117002976965066,0.5768621900052684,0.4985204039532017,0.5265356124994517,0.5816342204985353,0.5795700221526893,0.6454720298585148,0.6560024882095634,0.6935871476358811,0.7494601473883344,0.7701072088255388,0.7940892327808939,0.8062395663406229,0.8210266403458151,0.8252540576223564,0.9682334346813204,0.9744196822454798,0.9836082847222664,0.9942682315304393,1.0
07170100000717,0.0,0.027835827492356083,0.056378836394785865,0.08332725420510913,0.17830583707879266,0.26760465469549805,0.3025706559193357,0.30325380689312936,0.3382335397948321,0.3913030418241202,0.4441408217894261,0.48383910249753465,0.5082617498105474,0.4845977776995802,0.5240085514023954,0.5735155412555377,0.5849179832628016,0.6332054284755465,0.662967982018372,0.6982137661787022,0.7490553034743735,0.7797207148368238,0.8108787501426811,0.8323722589210822,0.8487884798088573,0.8546647797052738,0.947775854389286,0.958586117788624,0.9723469754692156,0.988673082220999,1.0
07280100000728,0.0014029145864684104,0.0,0.023248536757211318,0.050273906697023196,0.09995936740314973,0.1475963941749449,0.2057352214067783,0.27236556499444414,0.3529109077328184,0.4415461338931893,0.5254463908595425,0.5818200315069142,0.6431501223065392,0.6504325009908353,0.7059059873130613,0.7383236540755074,0.7806729932810869,0.8291187358962957,0.8825236536516201,0.9109107605834756,0.902789085636376,0.9090565577287167,0.9132902805435577,0.9388921470996907,0.9234908184561619,0.9285084294471896,0.9461672591496745,1.0,0.9833827212152714,0.9450996694589736,0.907975948651541
07290100000729,0.015543558639606332,0.0,0.027744940087598806,0.04700761153188318,0.08638089354767405,0.13842766720680333,0.19953063437400714,0.2743422827689956,0.36497305341971986,0.4718324183662171,0.5492288313468783,0.631984679990964,0.7095245188537528,0.7020712423802209,0.7609289747506235,0.7897810386999764,0.8211970616286407,0.8745718527148968,0.936785485123657,0.9285163632773965,0.8841450876746072,0.8923066401092693,0.8859224176645787,0.929790817334968,0.8998488937504139,0.8913664037708595,0.9249656873497241,1.0,0.9840575934597814,0.9395393505950481,0.8951663043023568
07300100000730,0.00900724419869525,0.0,0.02310717706670579,0.045501307559766745,0.09144129939167665,0.1416252292199148,0.200922566317759,0.27137791911518866,0.35622806117060696,0.4536250165245138,0.5356058015625705,0.6037706168683705,0.6723623000349334,0.6731045183741508,0.7304115286817556,0.7609517823948749,0.7984131298054945,0.8489570909176877,0.90621831263123,0.9185011029881486,0.8938129270063347,0.9010128141596054,0.9007775937207587,0.9348745872564453,0.9129540363753464,0.9109493083337448,0.9359210781884595,1.0,0.9998504485435932,0.9588024510191319,0.8970749950703426
07360100000736,0.7820132158117503,0.937155305377341,0.9511201706333307,0.8434276269479063,0.9635171828603817,1.0,0.9300975942457664,0.7542905211247196,0.7691665113621811,0.7950979815058569,0.7476415957747864,0.676096409587855,0.6073314105081219,0.5044345057645725,0.524846233586613,0.3156186364823154,0.26933620036347694,0.20155888714317358,0.051765871502485135,0.04944128090930072,0.0,0.12100638535141131,0.2858256201195693,0.2829394613020815,0.44455124654555384,0.40913213073105814,0.42985459495673767,0.4530473251121584,0.33830176498917763,0.28317010670160364,0.3735767508470604
07370100000737,0.8230184864307073,0.8815017705433034,0.8816505183271084,0.8115644723783015,0.8229338868973867,1.0,0.9710044986813336,0.7174858890346139,0.7824704197229014,0.8303718541859453,0.7861764206589281,0.7081207514913809,0.5555878957893675,0.406854722526637,0.4041034928678011,0.1407733524044098,0.3098049204111178,0.2644116950100021,0.039994823796874246,0.0,0.009411048160234418,0.16766571628612748,0.5097975670291878,0.6191764744937551,0.5509158971571657,0.4585602871764507,0.488765192043591,0.5997691289242632,0.3882439979498839,0.07284763334458573,0.2341348886132327
07450100000745,0.07208511210478309,0.05959032121991921,0.09998641492126496,0.20442505022813448,0.31350211908037096,0.4271192373506214,0.7642079114574194,0.581557910785221,0.4176437870422432,0.2141676933082982,0.3733217635855712,0.4284318741045376,0.47189640135440086,0.6465210295266993,0.7484861137201662,0.0,0.3571788317263357,0.4021634559131001,0.16221154812425534,0.28713536110142485,0.42380013928025195,0.44102757426666467,0.496209434306894,0.5274832484242059,0.7084242982762002,0.4497313858391236,0.6723018140132058,1.0,0.9769006535960565,0.6494391504114008,0.7068595777928023
07460105000746,0.0,0.007634377277615671,0.034611077668205995,0.06075659990931091,0.08361314873832625,0.10957850582073923,0.1982664823954374,0.17507420137288549,0.13257787722693004,0.09156108275306554,0.17694534522007785,0.23281055174771592,0.2736432725238425,0.37196051978491984,0.47869419654499384,0.1904253489885361,0.34519080149042575,0.41498408276396886,0.34570537562419074,0.41748988656397495,0.5189130408548588,0.5477980714691849,0.4973253544121607,0.5266228660866141,0.6745146690978657,0.5668290251689422,0.6735922468892933,0.8358879724050844,1.0,0.8203783535136521,0.806323698703315
07510104000751,0.0,0.025170599309401222,0.06476642234252583,0.07656455259417688,0.08577892875513067,0.08101523941861923,0.0914332262107395,0.12614828060565866,0.11390437604538227,0.1283350224475854,0.18004002461745183,0.25738434508155433,0.3190936082995628,0.39583520126387145,0.48586751775558595,0.5877374807173661,0.4167728596534553,0.5455147714542892,0.6893105520010304,0.6976127352286918,0.7189718766821976,0.7212528643576902,0.6053583788136325,0.5809519324752631,0.6609360656709639,0.7467339876812571,0.7211428583450898,0.6567433811022217,0.8771517970983426,1.0,0.9488367070013761
07640104000764,0.0,0.02435176855763093,0.06236016530457528,0.07493146193338328,0.08411059868924621,0.08128759760981853,0.09199580071729407,0.12840240314839604,0.11728313733901002,0.12874879872412587,0.1798767305506327,0.2579000957146463,0.31915345305734655,0.3919726927090325,0.4793346803556603,0.582612330075291,0.40941368105563564,0.5322297564715628,0.6694421908209068,0.6798322574585686,0.6940053531813557,0.6980846835545931,0.5904870930340886,0.5664572303023581,0.6473643349276975,0.7318280088874992,0.7094693675463511,0.6429808157317495,0.8588968850067463,1.0,0.9356864835427501
07770100000777,0.0,0.07550172021866988,0.1703600799889212,0.20902248881105517,0.26742324153433583,0.24834341281865313,0.29616347815726596,0.44573687392564765,0.39050741872205885,0.3998601400325574,0.46948550997211674,0.6100610169606644,0.7119164597573985,0.8352282821922821,0.8880422991832722,1.0,0.5812532775841277,0.7814785446350414,0.9370787025035323,0.9128356144676444,0.8954752847058457,0.8443418347148176,0.6910248107879143,0.5998689666253272,0.6739563520943744,0.7458539080373939,0.665473087804727,0.5732862942032483,0.7755018101013377,0.9465278059483471,0.7482972273267816
07780100000778,0.0,0.023557152111575774,0.061596352073480444,0.09367680037691,0.0921013817234678,0.0537497070590773,0.06291339402622005,0.10327747180668144,0.10168859641185779,0.09699381491942646,0.19092803164979985,0.2608894431706389,0.3246139523487524,0.39014553900273263,0.4230110327874959,0.47931428797282105,0.4712642524881795,0.5422925821045734,0.6257116114318092,0.6631004313232567,0.676864971898582,0.7037154688259376,0.7169969396862005,0.7355489922662711,0.7899748901505593,0.8559973435022143,0.8872139807004766,0.8449583976890243,0.9040337517980401,0.9729865796426856,1.0
07790104000779,0.0,0.026382383396421565,0.06218033495210673,0.10160180663574236,0.0856601452653234,0.040644901319193925,0.04268555732906751,0.0763975781250075,0.06981848763234656,0.05215334345570363,0.14944969094854893,0.2176008517159474,0.2800495826044158,0.34271422681652997,0.36999404600246055,0.42329536201070816,0.4103066593859877,0.4714414559699313,0.5599465529051884,0.5948871777627299,0.6041455923229362,0.6339395898170985,0.6445601818904981,0.6675588517323775,0.7226412009023611,0.7866076774126984,0.820600684965174,0.7795478787145954,0.8589647755381118,0.9428458530160547,1.0
07800104000780,0.07838426682358154,0.09325529033190519,0.10608595378475913,0.10640238424692265,0.028806027931317323,0.008002475207854137,0.03758112203486358,0.002047237526478166,0.0,0.03587188413046694,0.08348645554146808,0.1832441779336813,0.2579614385060765,0.3238934829489125,0.3880473701501925,0.4828336544406768,0.5011766244450206,0.5434015346484034,0.5787395029722949,0.6161518245604074,0.6614396172883518,0.6827394563221072,0.7167843780040815,0.774929814096972,0.8042911467508441,0.8128577786352142,0.8140419220936733,0.90241290643404,0.948684660911667,0.984292733233589,1.0
07810104000781,1.0,0.7775246337084171,0.8408942756009776,0.5040747124049368,0.7311129926502841,0.5067866104640056,0.5670741056008538,0.4858148342847949,0.3857875374261943,0.45272934252281805,0.6395756822214824,0.7350642930055614,0.8063670992985738,0.8579543934697867,0.7643782641644002,0.846247651182239,0.7869267428639083,0.820844940401994,0.6187503694831935,0.6209780886440472,0.6354992792204806,0.5917951812252827,0.45724788912020703,0.35376586113184477,0.39492371425838835,0.23888451870812993,0.10890994122536887,0.06768189925296185,0.07117885863473636,0.0,0.03119043410242353
07820104000782,0.0,0.041779846177780466,0.09941692693459207,0.1899408254753032,0.197810370963167,0.11562944062639263,0.08952188170511342,0.18240651036023206,0.18273698133685803,0.10633923111581188,0.26635651202797134,0.3253770623626678,0.3944214778593333,0.453419120403715,0.4440932345295049,0.4852072913657875,0.4376367286823138,0.5214074113505361,0.6716031917587153,0.7089726375894847,0.6654112094609108,0.6909266660223518,0.6599881411782096,0.6404743049366436,0.7076552102153956,0.810089514177885,0.8589602623017428,0.676314966950609,0.7815606707370029,0.9164412796426582,1.0
07830104000783,0.0,0.034993841583789626,0.08805755469721975,0.07324240046741323,0.091894408638257,0.11230357777901462,0.15896698326658318,0.1760422647827284,0.17239183578643913,0.18123868173407984,0.28040826901946503,0.4496003356969654,0.5933247098956254,0.6802263346903478,0.7483947368910254,0.7859515746840835,0.7403481976474101,0.9041563828084407,0.960034922303698,0.9798416854305424,0.9912593877732202,1.0,0.9810040793880217,0.934058357447075,0.9132801161706116,0.9163644844911037,0.9102050491016663,0.9100551405686189,0.9285283456044984,0.9601493187364718,0.9984284408354422
07840104000784,0.0,0.025475001726262745,0.05225714700703377,0.05050348796918878,0.06736268151896099,0.0888932635176391,0.08335932114684676,0.10926840275936743,0.11913830486104948,0.14610057069462745,0.17918448531157133,0.22124381045819896,0.24866504957036484,0.31288431603740907,0.36216501043249283,0.3681863441276344,0.36586641470969977,0.4711269069866285,0.5460138484842394,0.5917289689484249,0.6446317753415728,0.7482198653706279,0.7334529716285242,0.7919328908323289,0.8339455001733246,0.8815639689593635,0.9484133510774664,0.944481217259018,0.9998708566650893,0.9697670441831285,1.0
07850104000785,0.0,0.02167274232327989,0.03318336997077454,0.05691573422978836,0.08646620843696481,0.09884654478501538,0.050538460428280425,0.06669633348298738,0.0928234506760011,0.12366640274585973,0.14971627894960604,0.1910255415941262,0.22692449667406733,0.2493521648863067,0.2898946387899105,0.31750558152722597,0.3392933477153221,0.44037977704634146,0.4710706982022379,0.5354403889368933,0.5631545240592039,0.6000779197621972,0.6297533737452877,0.7082285281877791,0.7638230232442677,0.814510942704314,0.8507051923263171,0.8692542870877191,0.972243605685549,0.9929198590985314,1.0
07860104000786,0.8982714671584247,0.9422089464018615,0.9652252640526564,1.0,0.954863078598553,0.9243880165015929,0.8981047491916778,0.8334770245912442,0.7399104571059233,0.7593614962680504,0.724950999272458,0.7381091374026089,0.7275538996193746,0.5998286551176317,0.5215610419450604,0.5547578077715155,0.5197617323185787,0.5547882587644173,0.5191984987685304,0.45154000948912876,0.39999111411534505,0.373986833730663,0.3107888647119234,0.2671272800643626,0.2207684141659481,0.196154878671657,0.27417716021488225,0.0,0.198017963638932,0.34033151413201007,0.4386145439138405
07870104000787,0.0,0.020556504910425974,0.03996628420439368,0.05322504712340486,0.06544767881046158,0.0674592764965492,0.08006061277539597,0.10129967931346091,0.08337030205713755,0.09486153762134428,0.12798022525020386,0.15610304150654675,0.17908994566769013,0.23414196044581428,0.277057076621183,0.28769258745249654,0.2986872934601008,0.3309513716888363,0.3803422088335695,0.4031327786337603,0.4539989026033172,0.4985789670878574,0.5562903063794591,0.6083931043127037,0.6672598387078496,0.7354532639546052,0.7854776778389709,0.8308320201078986,0.894195614240911,0.9451003085503916,1.0
07880100000788,1.0,0.7237830015382474,0.3719868999535762,0.25699561217082545,0.2712952597248897,0.1916636888856311,0.11941824719029583,0.1073240483703067,0.16158040961591477,0.3176808275132904,0.408222207225004,0.40814535285589487,0.3941535089668559,0.3501910200673193,0.29125735861749147,0.3817860878099855,0.7350994955594253,0.5845876273864574,0.41992201763317755,0.36307802754032015,0.2583018975470814,0.17838870627923423,0.183695457225571,0.11919713494929306,0.04082469603299881,0.0,0.07410013980485841,0.3081626490915253,0.07695278503078289,0.17408776039565618,0.3414660498684945
07910103000791,0.0,0.005745282823130464,0.01639532962594736,0.014789660254596576,0.016020013147955384,0.005299794599322539,0.01292551752982153,0.0267466117818495,0.034147149537004644,0.06985678362145299,0.15087904789334322,0.2238013772050907,0.27336722669439617,0.3008362753050493,0.37855008678514435,0.4805295552516119,0.5127378472424772,0.563115658953415,0.6230357580119933,0.6276650014317147,0.6260924521143177,0.624617421856541,0.5650599030367256,0.5629148168091063,0.6036858122025466,0.6558331499513036,0.6864858610590137,0.7326650694134865,0.8106674325391141,0.8891173392149645,1.0
07920100000792,0.03461840976002319,0.04950480315685169,0.05262353296403302,0.03325391105769564,0.022561450419812976,0.021083944133589223,0.011018053481029258,0.014915588879004038,0.0002746371739579704,0.0008768630410849843,0.0,0.06179149561823304,0.1845371246313276,0.3949232741498018,0.6390431759780789,0.6709321121317904,0.34080088541868375,0.8134991464860467,1.0,0.5674082254318634,0.5054212435802936,0.334171623023976,0.1610926707150255,0.20307974411124377,0.28786839677376547,0.2567260628501326,0.22773099450847292,0.26515169892765184,0.9499298040649014,0.5795575151317863,0.5995628693073115
07930101000793,0.0,0.002410332055176643,0.006388227451445757,0.012518867305265245,0.020412234708082164,0.032057809878501375,0.05157773967009933,0.07948509211613614,0.10464335079250255,0.12759649216218985,0.1559076677577695,0.1949694402224234,0.24513402727766959,0.30602415547312156,0.37638708499547585,0.45114205232017224,0.5200146245419889,0.5934260121790793,0.6611017823262217,0.7029898549398184,0.7482651032364552,0.7860208215167429,0.8013534367753047,0.8375397636557838,0.8651339548869509,0.8898264656163137,0.9235740260050039,0.9296822328200861,0.9546231364328721,0.9690750860138433,1.0
07940101000794,0.0,0.003385315042096183,0.008793117153628098,0.017098327112701567,0.027605547904730788,0.04286572465336445,0.06822965231050336,0.10389117194968202,0.1350800215843492,0.16264202888673532,0.1962499339441054,0.24226823361883668,0.3026057023552123,0.37352715635298733,0.4544503538632691,0.5371920501940066,0.612659751242921,0.6908552005225191,0.7599581556998385,0.7990558803396375,0.8408813532101201,0.873614331978324,0.8681588355169567,0.897254816644249,0.9163490542590347,0.9318062942329086,0.9572652777192895,0.953628280078378,0.9709040188727078,0.9772687647443029,1.0
07950100000795,0.3724734971961087,0.37805884983849236,0.3829088787646854,0.24499751309064285,0.2681063021757251,0.22787234417155963,0.3355666180871587,0.3440230381138704,0.0,0.010070196697466966,0.07367474518006181,0.11377821009255663,0.1874659042436285,0.2752052074786038,0.3856715782828865,0.4323804252279489,0.47181157650509004,0.37697617216060725,0.3317749508758762,0.33284399806335097,0.36091761325461025,0.40824875944131517,0.5135197238898178,0.5556450925407704,0.5176759704558193,0.5831707907206045,0.6450740144578582,1.0,0.8863692542522643,0.9138647925469592,0.8880422454620749
08070101000807,1.0,0.995810301792229,0.9632363683700844,0.9448882831387835,0.8884714996980171,0.8467444440489188,0.8207487952648538,0.7856100093441102,0.728081994808969,0.6930212960231769,0.652164770398379,0.6302803031344798,0.553288995588247,0.4775168228992875,0.4307756067252627,0.4183098095971126,0.33909942521288194,0.29809214037909326,0.2484994296821742,0.2070707281982694,0.1699962688358749,0.14851187370207322,0.13226163040997405,0.10871047808050152,0.08048924278498043,0.04876208867671383,0.021871388415407925,0.18336584204998824,0.5152629863143043,0.5155812187565335,0.0
08080101000808,1.0,0.9758482098307483,0.9491185139919527,0.8991715365270072,0.8385665248306354,0.8148472950501966,0.7825157523707312,0.7534350402206007,0.7280328847577754,0.6935261563433031,0.6667879291379264,0.6313202892964582,0.5850491441578406,0.5267472282922329,0.4931086020913803,0.4743359798315226,0.41684890849332895,0.378787916102263,0.33148610919972044,0.29044270739854317,0.24813853773041947,0.19671236521969793,0.11622216345134427,0.0866661957610148,0.06760538178272377,0.027591723694386738,0.0,0.17739074822801643,0.5063093216565201,0.47763297649177044,0.024860435282446962
08090101000809,1.0,0.9821833969152994,0.9516406487700987,0.9236431296369978,0.8905551524796969,0.8549219463102957,0.8167435111287946,0.7709293889109934,0.7352961827415924,0.692027289535891,0.6462131673180898,0.6054895031244886,0.5596753809066872,0.516406487700986,0.4756828235073847,0.4375043883258836,0.4018711821564826,0.3713284340112817,0.3407856858660809,0.30515247969667986,0.2822454185877791,0.2542478994546784,0.2364312963699778,0.21097900624897709,0.19061717415217647,0.18552671612797633,0.17025534205537585,0.16261965501907572,0.14989350995857534,0.13207690687387474,0.0
08100101000810,1.0,0.9839478458747195,0.9571942556659186,0.9277653064362377,0.8956609981856766,0.8635566899351157,0.8234263046219144,0.780620560287833,0.7431655339955119,0.7030351486823107,0.6575540453273491,0.6120729419723878,0.5665918386174262,0.5211107352624648,0.48098034994926353,0.44352532365694236,0.40874565638550137,0.3793167071558204,0.3472123989052593,0.3124327316338183,0.28835450044589755,0.25625019219533646,0.2375226790491759,0.2134444478612552,0.19204157569421448,0.18401549863157424,0.16796334450629377,0.1599372674436535,0.1465604723392531,0.1278329591930925,0.0
08110101000811,1.0,0.97810684307947,0.9489159671854297,0.9172925183002194,0.883236496423839,0.8467479015562887,0.8126918796799083,0.7640404198565078,0.7251192519977875,0.6837655111478972,0.6375466243156668,0.5986254564569464,0.552406569624716,0.5110528287748255,0.4696990879249351,0.43077792006621485,0.3967218981898344,0.3650984493046242,0.33590757341058386,0.2994189785430335,0.27752582162250333,0.25076751871963304,0.23373950778144298,0.20941377786974275,0.18995319394038246,0.18508804795804254,0.17049261001102237,0.16562746402868234,0.15346459907283222,0.13643658813464207,0.0
08120101000812,1.0,0.9762261304884847,0.9476974870746663,0.9191688436608478,0.8811306524424235,0.847847235126302,0.8098090439078777,0.76701607878715,0.7289778875687255,0.686184922447998,0.6386371834249674,0.5910894444019369,0.5482964792812094,0.5055035141604818,0.4674653229420572,0.4294271317236329,0.39614371440751134,0.3676150709936931,0.33908642757987467,0.3058030102637533,0.282029140752238,0.25350049733841956,0.2344814017292074,0.2107075322176921,0.19168843660847992,0.1869336627061768,0.1726693409992676,0.1631597931946615,0.14889547148775228,0.12987637587854012,0.0
08130101000813,1.0,0.983753198005565,0.954508954415582,0.9252647108255989,0.8927711068367289,0.8570281424489721,0.8196604978617714,0.7757941324767972,0.733552447291266,0.6913107621057352,0.6458197165213172,0.6035780313357861,0.5564623055519247,0.5142206203663937,0.47360361538030615,0.4362359707931057,0.3972436460064618,0.3663747222170353,0.33550579842760875,0.3046368746381823,0.2786419914470863,0.2542717884554338,0.23477562606211186,0.2136547834693463,0.19415862107602438,0.18441053987936337,0.17303777848325883,0.16328969728659792,0.1535416160899369,0.13729481409550193,0.0
08140101000814,1.0,0.9853962048783763,0.9561886146351293,0.9269810243918822,0.8961507902462325,0.8604526243933751,0.8198865268333098,0.7793204292732443,0.7371316878107761,0.6965655902507107,0.649508917081035,0.6056975317161644,0.5586408585464884,0.5164521170840205,0.47588601952395504,0.4385652097686948,0.39962175611103207,0.370414165867785,0.3395839317221352,0.3087536975764855,0.2811687512356411,0.2552064487971992,0.23573472196836778,0.21464035123713382,0.19516862440830238,0.18381011709148415,0.17245160977466578,0.16109310245784741,0.15135723904343182,0.13513080001940567,0.0
08150101000815,1.0,0.9821320547576905,0.9512692402482467,0.920406425738803,0.8879192525709675,0.8538077207447401,0.8164474716017293,0.7709654291667596,0.7287321040485732,0.6864987789303871,0.6410167364954175,0.6020321286940147,0.5533013689422613,0.512692402482467,0.47045907736428083,0.43309882822126994,0.3941142204198673,0.36325140591042354,0.3323885914009798,0.301525776891536,0.2771603970156593,0.251170658481391,0.23330271323908142,0.21218605067998825,0.192693746779287,0.1845719534873281,0.17320144287858563,0.16507964958662674,0.15533349763627607,0.1390899110523583,0.0
08200100000820,0.14425455105494642,0.07339209295030202,0.0648646599691446,0.21751809712289785,0.28223605864342916,0.0,0.06570058805307948,0.6580465681197505,0.7530554439438735,0.4538730321205534,0.7613437577796384,0.6473939366857354,0.881918514494934,0.643891428788405,0.5173557596333361,0.8873605244802618,0.33701145627554757,0.24626424309547681,0.4479263719609935,0.464356384093834,0.44091125228446515,0.356918493094763,0.21292673974290774,0.02310620585973087,0.10391956141388455,0.38950743637632396,0.3009639819161902,0.14218004613279608,1.0,0.4708536404487622,0.4757652689244564
08340103000824,0.014135523304518527,0.0421245769434373,0.06909434102526683,0.05103948018427394,0.029453320176292874,0.023208231447273634,0.018114373215951163,0.025298554274038557,0.0,0.029862059188806956,0.08137755942292482,0.13798429675431276,0.20363530450298503,0.29340257716847723,0.4155258233337344,0.5151186222637294,0.42684406965104893,0.6788515820107212,0.941256406817437,1.0,0.9007306426960694,0.7333913182924252,0.5407301967874812,0.4212949078028728,0.4528255714553827,0.48849813218934823,0.4052036079562862,0.42869894832206956,0.6226173930939698,0.3245633281546003,0.7234154399775223
08350103000825,0.0595847640048331,0.04782209585591087,0.27531977154938975,0.1895100167656071,0.030595844370751853,0.05197864704600431,0.05296424193606683,0.02875323603165113,0.22820475919373656,0.12385106287125665,0.0,0.12928244363454497,0.9017847025551293,0.7514623073951034,1.0,0.9035308993331931,0.1251473063381401,0.23798557965513975,0.10682835780151291,0.15559315537417792,0.1638742186462507,0.2637606498158828,0.4201036510917586,0.6383775944893779,0.225055184094427,0.09893300615955056,0.05576030797821538,0.18203241586186913,0.330201586798946,0.06493047288480144,0.3296060937210635
08360103000826,0.0287185984777412,0.0024585142239588924,0.053701988120161165,0.06378890357135789,0.003596146273601524,0.06072366382673028,0.0,0.024875977796897444,0.040948022464795064,0.1775762178562964,0.6569189661429545,0.29546531837573076,0.5469678883907411,0.5774561881567009,0.5023036938102385,0.5900521316805563,0.7220603447424554,1.0,0.819567078379289,0.6258682441440228,0.5463233015928647,0.553945318671986,0.4228345895382399,0.6211786919586413,0.5390930513311739,0.5646768594959709,0.43869173336526457,0.45427715550442727,0.5749533706450498,0.10987517548918366,0.7002287658436909
08370103000827,0.09827847677916603,0.03934572939205942,0.07970712514346429,0.05928465599536534,0.025858542099493866,0.01449429692215269,0.003481925427646149,0.0,0.005556216422257368,0.07877440667461043,0.03357203233228372,0.21706237059692546,0.4324338615431708,0.3469330619953572,0.5232906849623745,0.576541274835385,0.5204525050158145,0.7347825197117377,0.7834411143670144,0.7439037142284163,0.6165336135935906,0.5501706211913392,0.46641790914457415,0.3763793884934817,0.5108420751096473,0.6108515259303482,0.47794811995375514,0.6735465800776835,1.0,0.8861828579361347,0.844081498072867
08390103000829,0.030261211389040168,0.04392806404546219,0.15689563694267747,0.2583427159326982,0.20947728328509602,0.2329126674706929,0.2473909952899273,0.2394578881877495,0.24390225386835676,0.23335252126401987,0.24351544916439344,0.3180308108800042,0.4032399617148779,0.4870688178318659,0.6254891679021439,0.7603448598784688,0.8188346749590139,0.9730151410549205,1.0,0.8310150421375093,0.9925749791149909,0.989708106337865,0.7998588397885025,0.6279540526408283,0.6788596069869599,0.7367123700885749,0.7066559410948444,0.6247155584942246,0.8399795975898084,0.0,0.8880944038032912
08410103000831,0.0,0.07580891236242468,0.0834547887176082,0.13090267149024362,0.12518779023321658,0.18342951080147146,0.195802921237274,0.1635369030911128,0.22093361903422515,0.15061676439321345,0.3132275114539129,0.4807836793949634,0.2546968394681673,0.31793947348492874,0.4180902420082398,0.5159685883418982,0.5348994467656076,0.4905988854861641,0.7757200663533871,0.7824172056825487,0.6889499852278844,0.7342435008405402,0.5572472577879675,0.762393561155568,0.7136675513683367,0.7571754922756082,0.6366628213963619,1.0,0.9914199530370144,0.9550030072419045,0.9727393584407746
08420103000832,0.02788014345100412,0.0,0.023486413384174534,0.008773059016682056,0.007038683759962557,0.019208245113627415,0.04788331698964687,0.003121888694363218,0.01089769792741924,0.04889505610536281,0.1418433495895413,0.27778980566321276,0.5069158111362988,0.3019844320176315,0.48889275810170446,0.6462298790978817,0.7880587834628873,0.8567546255869473,0.8573183201505042,0.7936521508332856,0.833268234256552,1.0,0.6535576437787787,0.5677202822310174,0.5092138147952404,0.3328130111996801,0.5144459412833607,0.5916836526702001,0.659830267509018,0.08093771713172013,0.7822173966799473
08430103000833,0.4325869923427349,0.4932722256701369,0.46806968991946873,0.3759672054411729,0.2217211660122915,0.16307948833764296,0.13115357121723997,0.051181231693572984,0.0,0.15987823773069995,0.43759052100118945,0.5013946501649439,0.5187884434733118,0.5975554535353782,0.34738127884115005,0.39692645927166653,0.46179724855322496,0.578777083878263,0.728855068623859,0.6475717568865998,0.48439541171722045,0.442966869070981,0.24687169193783087,0.3170971644095139,0.4626325813891129,0.5668709975325675,0.574123368928307,1.0,0.9635214236549929,0.5070023008440361,0.6650453575186605
08440103000834,0.17952570617201327,0.15527557639515419,0.29071988388559683,0.11970742201269671,0.04902455571133508,0.03960142620414806,0.029506010209897304,0.0,0.008831321144897805,0.03239997533886703,0.07512141136981769,0.0674659885796364,0.219830257045248,0.19974689394442116,0.24389338107427472,0.2974041804385446,0.20263363486745348,0.2479507257385515,0.2816842141922938,0.2743815538490428,0.31619069268133815,0.41917859601910956,0.5407414623769473,0.8070921465116028,0.8158005384974876,0.7983726476032343,0.7460594192114932,0.9471238953671426,1.0,0.4310287092573313,0.7578190859951591
08480103000838,0.0,0.019285883183297426,0.05466581749274859,0.08330242736931226,0.09027052556764935,0.0929341298439598,0.12128977680099709,0.12759477781449022,0.16153613087152835,0.25544804031450524,0.35061873086158757,0.41780459885975146,0.4961057499258265,0.6647111460541965,0.8801376017763345,1.0,0.7332906216876303,0.6118885051640406,0.6323432436535822,0.5566944127303267,0.5672927178526194,0.5375883511317596,0.434561742883464,0.43403351510263144,0.507794157220588,0.5500522767923687,0.5912427252655494,0.5379255718019205,0.6518538877404753,0.42291829323947727,0.7407024863139813
08490103000839,0.6019086618160832,0.5514348760401094,0.14273174874165584,0.14460630956379514,0.0003058011722253496,0.09599513423321265,0.0,0.0499098273777773,0.0018824873397817745,0.21804728928913353,0.24463646547900214,0.10300879338051874,0.7193181803444916,0.6125364009263639,0.3224620214663443,0.5476937536338184,0.16530974340274632,0.11941110967380661,0.49377665950585375,0.06579187808036539,0.16239067602032875,0.363007056091469,0.5123037188493754,0.7788151550508665,1.0,0.6657267764032017,0.3430105609697125,0.3347061399326804,0.8047253171361534,0.33442812987933324,0.5598665389907361
08500103000840,0.41136323024170846,0.6747939122782766,0.8252502553970539,0.4456621273984565,0.14461474660903514,0.495074124148255,0.8150291472941399,0.6724184668084977,0.2940715853498181,0.16720963125048466,0.044302454171822374,0.03410376706440052,0.7949321807031089,0.2560336921816472,0.0,0.18034631166195209,0.06875305549280673,0.26903576233070464,0.24476815342029756,0.10765921435483164,0.4698070108598536,0.06057234226913961,0.06723567669261658,0.21957529914328197,0.3976827142553701,0.05565430533687124,0.29011672403969024,0.7688225100051586,1.0,0.9100331307971977,0.3544226319223069
08510103000841,0.011667335034892425,0.0,0.008615046647775418,0.025881255665817646,0.023759102150737565,0.011622183492094528,0.030369388605738883,0.026088958963403488,0.043504178062720444,0.0647121749848506,0.07709743574098687,0.11553553284835191,0.1740528141940049,0.13475684121832107,0.1864290425746769,0.20845883409105365,0.2273866419310479,0.3715983615835852,0.4117386790886005,0.49922564776841555,0.5562800012142367,0.5952283207452619,0.6281984891998221,0.6641667724577589,0.6942471870557818,0.7775214172366198,0.8271663291341647,0.774134999854146,1.0,0.8175669418563317,0.8718093272991948
08530103000843,0.0,0.02698746364139359,0.041658307608779935,0.07335420888491145,0.10220783100491944,0.13338696122213214,0.16625997464495268,0.19586004263317422,0.22167040507989813,0.24644718160070497,0.3458414277416353,0.4044673712188335,0.4415607674136468,0.49352599904502875,0.6330856172502299,0.7042004556744399,0.6689445017620655,0.6575752537133338,0.7082772355615211,0.6995780899640848,0.7627689667592864,0.7676496249069336,0.6593552636034238,0.6943815755625647,0.7782149946951021,0.8913038874617695,0.943699752515566,0.7817462763750709,0.9462837282823806,0.6457180231290388,1.0
08540103000844,0.21730124577050433,0.1858993675059305,0.3311728432454415,0.30154936267419996,0.2692686331057842,0.2935546962272761,0.27525652384619265,0.3275930157770616,0.32497732589065537,0.3763542416053659,0.48359212088478654,0.4287206921364085,0.6501438050255024,0.7884306761634788,0.8718506236057353,1.0,0.9073720628036983,0.9173964807256936,0.8009047164682729,0.6904630126779414,0.6418931389612865,0.7295919291049741,0.7609176438230465,0.5290365016936229,0.6158010565423534,0.664698391274087,0.5819495840515593,0.6454637873848768,0.6693231093933376,0.0,0.7522249640986534
08550103000845,0.0,0.02280506150801044,0.04750060421642934,0.056355967412105336,0.07808644296227948,0.04903287491528856,0.055301285411526895,0.02294435884427031,0.02228766489521448,0.0366154624840846,0.1114184508833561,0.17101806494395644,0.29859508274481894,0.257024597662608,0.34506090891792834,0.4063520101531751,0.30309243578419337,0.39313857607211233,0.5092732931601341,0.5727732630005521,0.5508039703278301,0.6663814980708119,0.5626641782317232,0.569091805203752,0.5880562228037127,0.7717504060764065,0.7538207513374937,0.7132652010704299,1.0,0.18932579899190108,0.7768426728693307
08560103000846,0.0,0.049664101784642554,0.06998705271712138,0.07841702153691013,0.0719211088809973,0.08048428159346839,0.0894692017103413,0.06886600604649129,0.07148545678544765,0.13176056541860015,0.2213546383687063,0.2395881088368444,0.36840177735486873,0.40223817428458414,0.6041217569276737,0.6565163268087488,0.6802689942950302,0.7327855731834648,0.7906077486457279,0.7797858680950188,1.0,0.8815587229911325,0.7199935960513794,0.7600706080555326,0.670285053451174,0.6962353734631527,0.7181982819458472,0.6472067211449417,0.7446008685503522,0.3440192571119161,0.9113260908501019
08580103000848,0.1044099777738522,0.14545805787505986,0.08783879243010509,0.07764115048999215,0.08535376985373191,0.10210519615377185,0.1420717126356336,0.10562028774011067,0.11192944814682441,0.11577930381145636,0.11038435445534084,1.0,0.15590034341531828,0.14686151683208584,0.2226227987934962,0.35559135003096576,0.2309406026107634,0.3847293222848958,0.4891779151687102,0.38636453645452584,0.26461084707345656,0.19191399536685785,0.06302711394742067,0.035356983647439555,0.022082013241504373,0.044305670105593324,0.025584236087232738,0.0895255208560451,0.07426769363811098,0.0,0.15206122596165217
08610103000851,0.12887475522736863,0.11171237252588193,0.10157395900342625,0.11843820375136214,0.09619644798844675,0.10869501462627336,0.10566184554520004,0.07804034562746431,0.17931843427921548,0.14338788969780716,0.1722131898378331,0.2378814513867818,0.34102279196971524,0.38928929752499125,0.6695651098697566,1.0,0.9260475615915305,0.8200334106668282,0.43427190202041066,0.14128748382946574,0.13310943625163577,0.023702994275918276,0.0,0.4920240963784007,0.06385468319441051,0.06441478775001785,0.08465323787322193,0.07382596963397135,0.1817711662042793,0.053736580490852864,0.26782968476611313
08620103000852,0.05861937818591251,0.08299747475810602,0.038306524261460105,0.10250379737679416,0.04388982258598727,0.0,0.025640866692640516,0.0581034036781341,0.04683901552262811,0.06126438981298977,0.20083368750986183,0.2852025638347323,0.3014908497481906,0.4634721706422674,0.4850640711717981,0.5420677016234633,0.506077576377736,0.4844313766998778,0.680488297190974,0.6768955366928817,0.7529600245890956,0.8684255391767859,1.0,0.6262166630826371,0.7280686717815051,0.7302031785952374,0.627962788442264,0.6410547838295547,0.7347898322955225,0.1847707947651427,0.8407208770312085
08630103000853,0.02602037160232306,0.07413276829385088,0.09614489784058533,0.06561022489552158,0.0,0.024475670263049986,0.05849036437812943,0.015353896749980023,0.021608181585310485,0.07620569051869687,0.16002841452863634,0.26700399437073735,0.33502455047243196,0.26795835190857187,0.27207759160319367,0.39938746750772486,0.4883947322043121,0.4714428433276612,0.7636682809684294,0.8005016161305011,0.8235701603559641,0.9446922362204235,0.9216148056816617,0.9420822609815395,0.7493175352021956,0.7452116249775304,0.754315652956415,0.9563485867713972,1.0,0.4128104394244573,0.9915639607573226
08640103000854,0.05500641128747796,0.08837607752987543,0.09887866442089871,0.06358615286946641,0.0,0.03952784347533911,0.06974716812355632,0.04659176998183025,0.034016150677917696,0.08745383162645441,0.19071576554618888,0.2657972896224117,0.46085725508286757,0.417094076765487,0.3948101945028666,0.5356285736627352,0.5081417962219934,0.5640347894680305,0.6525446162874435,0.5925764039248941,0.6260843451747307,0.6459025759207512,0.6128514380548788,0.7281153465263415,0.7431126473808735,0.7452435380323688,0.7100140032227509,0.8648791558524321,1.0,0.5654980665048277,0.9076165033069252
08650103000855,0.0,0.021845647444522012,0.019678961231995935,0.026833610269614266,0.043625673508596204,0.05527518154589761,0.06340392595062076,0.10215994486749902,0.09342238163444734,0.17179885070345347,0.1991549231188873,0.329936067908905,0.566410012399542,0.6155349051718345,0.3444724950223944,0.49284879279060856,0.4985207148777374,0.5521024642277826,0.5918481273529153,0.6086531040362421,0.7683455848538475,0.8307478175620208,0.8727681022112297,0.8493611402834896,0.8296666723766931,0.9095715661767904,1.0,0.9085828496282115,0.7034295630907407,0.10613235883406959,0.9402272576857053
08660103000856,0.06652242983584235,0.08840608215447462,0.0,0.053353506316665404,0.018591421438838036,0.058733388809037494,0.11016160450866178,0.09289933050911567,0.08363072723604913,0.19036229417252945,0.29098059611165744,0.34773123282144386,0.6020273217843004,0.4596586983382505,0.3872089416748619,0.5341518521320322,0.5893761504904557,0.6135062536248329,0.6577832412940969,0.5969466298509721,0.6268575535214465,0.6635962755629523,0.6354047204780997,0.6965953677787023,0.7437253196157046,0.7416537433492195,0.7066625059888544,0.724382454547747,1.0,0.7291003496978687,0.9236490308963818
08890100000879,0.8715984126715821,0.6722438254669655,0.695241795287745,0.7578158654431627,0.8533070365291466,0.814204830474673,0.8979283018306883,1.0,0.8912655531905157,0.744205629115067,0.6770383325416663,0.7350901710111932,0.7969794020960831,0.8779523648709596,0.8973182040010437,0.7149041904157958,0.3005100882901567,0.4085234451210297,0.5063889429393087,0.5615483735903781,0.6744406280854587,0.6845821809738812,0.6894040030660086,0.6947316736616163,0.7493910749947713,0.7414618488099665,0.7108802506131845,0.0,0.2664022089423428,0.6228376908001517,0.48264971920172317
08260100000888,0.7067219834646644,0.6998302449057157,0.4394473684246471,0.3042341145944104,0.07536842790355333,0.1630144353042153,0.15000051603042155,0.0,0.07668270295919181,0.31214745354685125,0.3690653507572361,0.35744104607171096,0.8310433519154123,0.6183460381986029,0.2658152713013039,0.4402098105019952,0.4707034442124998,0.5166833413171622,0.4651991815388166,0.33999191394424644,0.5258985957351938,0.602389352766203,0.5252955919611456,0.6575161026978446,0.60262427339913,0.509155002699253,0.4283894267669451,0.8509079329719469,0.6593981281376401,1.0,0.6804939463428199
08280100000889,0.8494096761862424,0.802958742029846,0.4834249480929842,0.34286660131054103,0.08616310978980558,0.21861138031962624,0.20048159813927283,0.0,0.15269147168293754,0.4996289586833129,0.5519568642801329,0.4701961427200452,1.0,0.6910226660439822,0.22976565481180172,0.4177484577269635,0.6491205499408491,0.5902403796564595,0.46559524263686375,0.31409740321170493,0.5122263133329943,0.5795172193923728,0.4842465253457598,0.6559502992327307,0.5546019503842117,0.4019856652586005,0.31811722853731433,0.7821297457914789,0.5204247881182498,0.8497477942403076,0.588579335053613
08290100000890,1.0,0.9647996892019008,0.6317131556461937,0.478114986737437,0.2667859407139865,0.32826258888003285,0.3017207169849255,0.1018733608053134,0.19149123653209169,0.36790885987416455,0.35775337075512126,0.25249389990140236,0.4577845087154698,0.24589278418314878,0.0,0.06598562029701079,0.2916618835993585,0.24000432250271914,0.1469364127446643,0.09704487054444916,0.1956596595085777,0.24901340124367735,0.2618196805232576,0.3789827117787373,0.3008682543707813,0.19831471866131453,0.18111345903847179,0.5387929857666197,0.31724625350425045,0.39871676641979775,0.16337655312876598
08300104000891,0.08646892434779828,0.1108866382846569,0.09456115533257275,0.06637484558912692,0.006913121052964041,0.021578525903364735,0.027153490967469617,0.0,0.01115051101107207,0.07520044788147351,0.1352826481680607,0.1867727618717127,0.371703485062256,0.35229462261413513,0.2968520324836161,0.4180914390626674,0.381810590448869,0.4627941593915925,0.5203539096858704,0.4737999817791128,0.5703336596117804,0.6228889048395555,0.5222993223419993,0.5828236767971605,0.6082577613540112,0.6116935641180892,0.5770467168967262,0.7380342596507448,0.781722866480793,1.0,0.8158316982727052
08940104000894,0.08360049354485156,0.11827965699076703,0.04809462157419508,0.02197474382412014,0.0,0.05369582880629934,0.06111968934078749,0.06568747244129415,0.1103031157128842,0.19631144512061904,0.21259202449068013,0.24633647617737092,0.41842300681199207,0.37284402993177185,0.30883412106127794,0.4132674936565363,0.4440698039075665,0.46862871962135144,0.49302537330392354,0.4677892857745739,0.5923053711810385,0.6698250197748751,0.6835049272673729,0.7910762298144883,0.8181498830064187,0.7857289701133622,0.7769713565070169,1.0,0.973667801345265,0.9296205935121545,0.9647076975368669
08950104000895,0.03768237410968921,0.07438839738224308,0.07925276272512492,0.042939263161449234,0.0,0.026456506550823242,0.03614802445929009,0.01704848561434273,0.025400654055173093,0.090149798114718,0.15979284893841916,0.22889504137961145,0.3636191343596758,0.3533236842906151,0.3608310099208153,0.48149854419268007,0.47979459449060075,0.5065916641424244,0.579307045658718,0.5397244959468847,0.657553700399188,0.726820704423133,0.6284150204131123,0.7086271112134787,0.750128552413517,0.7656805058419599,0.7370294456159414,0.9406289994849144,1.0,0.9312286269358345,0.9671088609860501
08960104000896,0.07078962823483954,0.08190570814291433,0.025463338413837834,0.023878642338934334,0.0,0.025481964266109734,0.029268107625398228,0.025787000062856898,0.06650593912060972,0.13304330669080006,0.1442812895906406,0.16099771368733815,0.3355422452313108,0.30551955508961903,0.21362126988406072,0.2996949727668631,0.2979216203583734,0.3751016286445227,0.3919042026602341,0.3755710001217745,0.4611251487713189,0.5180687037896887,0.5263353280265212,0.6009224035861659,0.6180861050456963,0.597407726671484,0.5901331110448478,0.7428097787522786,0.7302016610320966,1.0,0.7734349700591459
08970104000897,0.036881117838146515,0.057111207971204635,0.05086819166813552,0.03636696620628435,0.0,0.013649702946133116,0.021167291294634846,0.005514319120953444,0.01689586086601431,0.06702943341630689,0.11543320255891429,0.1585976138387463,0.30386700409072165,0.2959641110755751,0.2597095818913985,0.3615436671975805,0.34023993211108833,0.41270273158756526,0.46771735498036787,0.43820880785252664,0.5275273106914667,0.5814616693238944,0.5050186909850193,0.5662787034430175,0.5977962423423588,0.6099407965940694,0.5878004136182987,0.7420129636556647,0.7900485957634831,1.0,0.8032824857720708
09010103000901,0.016320946114360194,0.0,0.029012925653374752,0.1516456546945112,0.08171754357714427,0.07902872363431787,0.1364904955688545,0.14965254842412887,0.18859340587613124,0.13650928817274563,0.14863717399404838,0.15909159995710706,0.240188657659366,0.3087441340357375,0.47834658080407283,0.5553257916653367,0.3026707948231407,0.419850684872061,0.6042698230590273,0.7604846196524021,0.7313588379571876,0.5918975186231472,0.6162537087598272,0.8222216228991474,0.8950366222661522,0.8406678690585883,1.0,0.7794469594893866,0.5743017310355193,0.7990147579056369,0.9300377488187737
09090103000909,1.0,0.6845806431830547,0.5617555796702041,0.689334852007769,0.969636782035566,0.810493511854859,0.5838602201280201,0.2888790253161421,0.022815266417427135,0.0,0.058643319166184295,0.27170022982041503,0.29605939881731896,0.3884967890206719,0.39530950968902856,0.5327647777218524,0.863524965018387,0.7938538557553438,0.5180855877247618,0.5037344134568721,0.45990878978948213,0.4440965021377858,0.3492007888531488,0.2435861557319358,0.1687830885679851,0.05858588275942983,0.22879231728230173,0.2956073862620783,0.3090004644271961,0.2817868941341775,0.21472206513547462
09120103000912,0.0009032208338629694,0.23400862064624103,0.3326007485616932,0.28379104243897463,0.2904611154658013,0.2837215476028224,0.18415670401735845,0.0,0.6224017425975938,0.6183024484181079,0.48076681376141867,0.21597855381935008,0.23119468938591314,0.26906126470742087,0.2818803320125063,0.4806278240891142,0.7343340165666992,0.6205258591027438,0.6209773900061349,0.685434248104834,0.7592797472487114,0.709773873556824,0.6214092015509812,0.4296852997111913,0.28089510621180575,0.26796159241453354,0.9316269409056938,1.0,0.6753456758494728,0.631171442877027,0.7546304745243249
09130103000913,1.0,0.8085678702524404,0.6604002139375424,0.10525440510002142,0.09098387294307778,0.06298811694402334,0.07813667643932451,0.30469057666728006,0.3546374674226724,0.433763105747617,0.34067189949786914,0.16816856567920332,0.03722907558097924,0.0,0.06769258228943065,0.0865381984624405,0.10657608600916531,0.19157076267402537,0.23505707699511993,0.21886740255600148,0.21568287871793657,0.27359107906849217,0.2525488291116619,0.2918332541776462,0.308821640433406,0.27081540248763064,0.44725842175989144,0.4055417856564026,0.3792470542548069,0.10169341613721927,0.18069610524819776
09140103000914,0.30636536866640174,0.3034467696817953,0.30619020047376233,0.18746161515643192,0.030995506965548866,0.0,0.0778682589118898,0.08886163654476448,0.11362103709427011,0.08078685789649619,0.14170774261819044,0.16218656695103595,0.21615143367446513,0.23931537857379534,0.47569274121417376,0.47915614296741077,0.5776587993188336,0.5378491851739842,0.580129917795058,0.6334479091657313,0.7213916050020192,0.7839144176901581,0.8810566406647791,0.9258169235869456,1.0,0.9754491386683118,0.4975442903868245,0.46379941472447345,0.39140067871439976,0.30754835129442637,0.776059861661471
09180100000918,0.09533258973183466,0.14087277842230345,0.1701050987896816,0.0,0.04075448466727727,0.09330555393668236,0.07501632451958874,0.09754255689116594,0.18683971393869628,0.2368760234656331,0.29457851995084466,0.32310971970198715,0.1727265103546927,0.20579955215536944,0.2311453833644641,0.36031306612268776,0.35976441156589517,0.46971309171354414,0.5656858714521348,0.6562240129206383,0.4600661483161734,0.6756656215594266,0.8147843426194217,0.731194337155668,1.0,0.7963369726891798,0.8050949803549946,0.8196653030458287,0.7476919275826227,0.9368597431323649,0.9235665444204612
09190103000919,0.5847887312130863,0.48326936752606314,0.8847040912833106,0.45323649515712294,0.7174293050770044,0.5143079217961938,0.7186003198130623,0.7530141444325323,0.6917360570052135,0.7687193973578155,0.8219657354889398,0.7196886365996775,0.9050933611101438,0.6196020453676884,0.7461120819190125,1.0,0.11168839330420277,0.11168839330420277,0.11168839330420277,0.11168839330420277,0.11168839330420277,0.11168839330420277,0.11168839330420277,0.11168839330420277,0.11168839330420277,0.11168839330420277,0.11168839330420277,0.11168839330420277,0.11168839330420277,0.027659950008833693,0.0
09220103000922,1.0,0.9313771123879213,0.7141299363697912,0.18131264283863777,0.113613509894134,0.1069125241314589,0.16898106507043503,0.1705206636410524,0.1885635140002265,0.16709686240191937,0.14402460898089653,0.09564399026673864,0.3158458186454947,0.2564312796603429,0.07994723109685913,0.14120197431145962,0.12216938840659813,0.08779928001513582,0.1563048832043332,0.16912799502179887,0.17594803275207113,0.1355507311189201,0.11926280655008613,0.13390322282462022,0.11865631497225533,0.04542205981093593,0.13245929540856868,0.14538293353507564,0.16130466311168015,0.16815610441604298,0.0
09380100000938,0.0,0.05425381415493222,0.14363038419134938,0.21779572410407066,0.17440852444410013,0.1858282421023196,0.19950375967964706,0.18436054365094287,0.18509914510170083,0.2152454509980352,0.26660068626106537,0.3642965190938802,0.40168994328217905,0.4604335455516582,0.5354784540577936,0.4978394140171708,0.4985917375013042,0.5394482321867453,0.6293778958930061,0.6768364023009183,0.723578056628678,0.7237733983669316,0.7455372124021821,0.7728048186832771,0.7850766291854505,0.8086392164200881,0.8564473860360278,0.8845816062937677,0.9593755790254606,0.9887342377280182,1.0
09390104000939,0.0,0.05250302290515068,0.14163570197637756,0.22943904554748565,0.1719322338731858,0.19116536702995562,0.22240315877817876,0.20826562772752466,0.19405241962152134,0.2095218850643746,0.26618482793981707,0.3576056093169678,0.39701111270073147,0.46049803548648716,0.5313987444667351,0.49201414033858754,0.4911853391080412,0.5453792739811911,0.6339664426620952,0.6612350244839235,0.7155332141908306,0.7134235368495636,0.7401205686896049,0.7798854439655067,0.7959094898642965,0.8173122478638314,0.8691973937085897,0.8767696801874919,0.9242675343167622,0.9567764118420666,1.0
09400104000940,0.0,0.035290077004135056,0.10870339702891567,0.18614182595169004,0.11555022552681264,0.16763937954725322,0.21097180480490768,0.2078179584183361,0.20960357549627556,0.25564663767606305,0.2959104861051238,0.3790119214424207,0.3964507653040007,0.4637980612608788,0.5103511085408803,0.49859232500866263,0.5819405352504541,0.5969692540534436,0.682369706928019,0.7094267564618152,0.7673933198377124,0.7524717703269996,0.7874533264735321,0.8276257299565648,0.8254906486040549,0.8222421572683863,0.8825205342138079,0.9525169085454311,0.9431098046336646,0.9740846968650704,1.0
09410104000941,0.262291919935448,0.34862580774353297,0.7439402947305006,0.40226708359043273,0.9573460867321336,0.8719788473671118,1.0,0.12784852984721512,0.0705252533604473,0.0,0.12865869711350986,0.5651249575861144,0.8602086554653143,0.9532130270266289,0.8032065788891214,0.8266261387323135,0.5440519388594868,0.8409536055017841,0.7714068723618245,0.6492685754983594,0.7038599174265565,0.7419957741982379,0.5460886935060443,0.40053299445206375,0.5599500207648601,0.5847244077313676,0.4890349305514718,0.2307521878118976,0.5680180671871503,0.6322887294836581,0.8073432557917166
09420104000942,0.0,0.052995927030869486,0.07363270147486342,0.09577584864026878,0.12270679969547069,0.12847033606537683,0.11100964466242376,0.13400167546320196,0.18345333414793313,0.19123823067430856,0.3012778930751874,0.3150820231796319,0.37427302736874296,0.3906446693238678,0.4987001095758917,0.5623944169978722,0.5748571724333437,0.665905954419324,0.8914440858855052,0.9595802424092879,1.0,0.9130521899510163,0.9175405729956785,0.8549350005364819,0.8484906571256877,0.8735584125699175,0.9124966705733495,0.8001038231072557,0.8474515990204792,0.8375759534525952,0.8874727549435127
09430104000943,0.0,0.0322601684410118,0.09072452910929221,0.08563085480585196,0.10255498156456364,0.12903728182230115,0.15883910433477608,0.162529371106431,0.1563364711298306,0.16250662663192914,0.24868429865404398,0.40780790030147734,0.5547835089375566,0.649312646425229,0.7170817132619539,0.7529726883723554,0.7581248624578845,0.9053007406784533,0.9561494766466518,0.9769990637308659,0.9952225305796447,1.0,0.9731364799734608,0.9321151351043326,0.9021015772261725,0.8934501917609364,0.8739204716933102,0.8725187320315793,0.8922466836435379,0.9065467859851389,0.9463863552510354
09440104000944,0.7017983651260734,0.7772270042792452,0.8916518467763374,1.0,0.8365853462490805,0.5799324729466923,0.4612125374750195,0.505497891716067,0.4047151315375017,0.2750370887033563,0.3305253422407548,0.396582388991746,0.4850558495603414,0.46843287752527457,0.5814108643071749,0.35384350752992866,0.0,0.10337913848365342,0.15096527511350472,0.12531617905962691,0.12768124224932834,0.12747803113713144,0.10561436141853285,0.10400936840077654,0.12533807720314402,0.16475229525745624,0.16063638381596954,0.045648312146098095,0.1590703351405948,0.13968216024083008,0.1744751889958689
09450104000945,0.0,0.029576509395197955,0.056279355962700665,0.09504595347145807,0.11304017931366649,0.16495245603489628,0.17686319479159485,0.2662772318057743,0.23791772763851485,0.20647520337325817,0.25390871102458623,0.2757337354636877,0.3036823511774386,0.3360267908579016,0.39894958766997407,0.38388255419535877,0.38794941474164224,0.4610418928102678,0.5375266028107873,0.5844791755840901,0.6301301628014317,0.6537771181694958,0.6580671895445599,0.7079511620243203,0.7479717929009567,0.8260794984056532,0.8565717553705239,0.8116595688365433,0.944110996648041,0.9567251229902375,1.0
09460104000946,0.0,0.059818611503631415,0.12955447208021464,0.22562480175376623,0.32188451308847443,0.4407654629357522,0.5768293299443412,0.29625568577311717,0.32215071208109214,0.3800598874035661,0.4383769681136727,0.5282833916119503,0.5379177505552094,0.6057111471408291,0.6705706564128668,0.6956217598482083,0.6057179486263694,0.6845482516008156,0.7091446467561665,0.7313027899908526,0.735895985933439,0.764399980115136,0.7938748567072553,0.8193227993159286,0.8661738274688557,0.8993966992723151,0.9294089663673258,0.7211460888634382,0.8429326608514324,0.9239178703348665,1.0
09470104000947,0.0,0.040612444484911865,0.07353851230138503,0.11051960568821433,0.13828958170811628,0.1737077676411371,0.20209556295984213,0.21575360499185314,0.240285075440071,0.2614218604474783,0.2948207277395899,0.32049235233702256,0.34416461322483927,0.3828360866740575,0.4246188146685509,0.45918257175691196,0.49700870506189065,0.5340142812421003,0.5762470694215404,0.6093782801666746,0.6495786330104373,0.6826860382849652,0.7228487566293824,0.7653946274000126,0.8039191591448921,0.8385997133926061,0.8665011305158319,0.8995169601571815,0.9309415747397498,0.9650856399313481,1.0
09480101000948,0.8285217460333886,1.0,0.8099538955041231,0.8018185199790968,0.7899731288541814,0.7786031529019464,0.7459550156229222,0.7115651704215548,0.6785393668838592,0.6390221468294714,0.6082934427709886,0.6209652565325261,0.5544560068142744,0.485742963398364,0.4515841610846544,0.48433893354259755,0.3811693979384954,0.38162259744890104,0.31693058890472675,0.2884190079412675,0.2652214133939369,0.23722523579525268,0.21729778673477043,0.18789313614786485,0.1704138530700639,0.15551602994859298,0.13589515702750277,0.11854916792335055,0.1068815020966334,0.09442740182538885,0.0
09490101000949,0.7075640634712437,1.0,0.6799701275961416,0.6756949669149731,0.6670979395000378,0.6635264833446843,0.6581833109274338,0.6324576171562655,0.6197255472179566,0.6068440179113331,0.5917610766589076,0.6014385707572847,0.5601597614708675,0.5158450587655581,0.48076569952736126,0.4634252990660158,0.3935156795368133,0.3675159769237347,0.3055308176520515,0.2791574666181861,0.25052977011224065,0.22477605270951334,0.21301858240209,0.18550560368482505,0.16224287575400947,0.1366853237721952,0.0966084169059755,0.0632384991928781,0.04049576531432409,0.03330614695101888,0.0
09500101000950,0.5561917974930838,1.0,0.5542443124751739,0.5388977715506316,0.5170326901437154,0.5143133907869105,0.5366900235579781,0.5252773425390446,0.537351151344396,0.5496971892382725,0.5515250131183691,0.5711404651343972,0.5320022984841463,0.5000408085742416,0.4777329809574166,0.47278499290884096,0.41852464996744737,0.40353110939945397,0.34632710246785575,0.31758748869357145,0.26201087323623273,0.20086104028524437,0.16036771124925894,0.10697192002856569,0.07311080955587664,0.051565821692610744,0.01970006069295672,0.007045895369211274,0.012227222636522648,0.05408768017202384,0.0
09510101000951,0.9810121019848513,1.0,0.9175762960747217,0.8804317543503349,0.837257772146775,0.7949378183396986,0.7394273959489353,0.6895407505490155,0.6473446308594292,0.6091539043493502,0.5740889217704006,0.5681875855507,0.5198083002705736,0.4759852564856862,0.4459803921559011,0.4537904818417422,0.38602759872276304,0.36847019827172417,0.32657156514024627,0.3011215189250395,0.2790947031990706,0.2546296364011414,0.2359264145181539,0.21339002851561653,0.19690585708282518,0.18111629541250704,0.16119181292254822,0.14271917870661124,0.12810105932013624,0.11295913585048471,0.0
09520101000952,1.0,0.9717249351292714,0.9357684749305638,0.8992040513399492,0.8598160566942947,0.8200718445924544,0.7803454839348878,0.7467344600849387,0.7114133490165124,0.6705655930868529,0.6261146854164349,0.5886921753567622,0.5478081079665917,0.5110288584727306,0.4788280987203919,0.45161965764500767,0.42055875318099917,0.3924518570296202,0.3620837103178181,0.33623339900847254,0.3083845373697748,0.2783535395259572,0.25011133754127757,0.22608167069051255,0.2010046514899256,0.17589314654471935,0.15111574760767824,0.12660287461759967,0.10518276434791318,0.08670651952479169,0.0
09540101000954,1.0,0.9668530647704313,0.9328226350064599,0.8914894480499563,0.8509582483030567,0.8099148236250813,0.7725646528662045,0.7465125937622495,0.7054714124051402,0.6611733030373742,0.6145342883459115,0.5762639821451535,0.5361990192515759,0.501852655132306,0.4752902405313306,0.44774450361741436,0.42171450383530873,0.3932949934440759,0.36579262740023616,0.342081473619978,0.31178430366388254,0.27983268456909394,0.25275954058428685,0.23059590431477467,0.20313242249927935,0.17752117594549832,0.14899772502080635,0.12027798352033721,0.09805489924787537,0.07794913598612976,0.0
09560101000956,1.0,0.9734896409790322,0.9342161468418186,0.8973648376107739,0.8588238616566134,0.8199161134633375,0.779191951092505,0.7422036314552432,0.7040770221790619,0.6627455496368506,0.6179041475870507,0.5824602739052661,0.5397227769696641,0.502717651748868,0.46894304717354324,0.44160523766558907,0.40725398348731806,0.3794705052984661,0.34947241040312654,0.3248862265533693,0.2987729154792577,0.2719645459960776,0.2469665612062853,0.22384400256676484,0.20157185776883085,0.17953973775557147,0.15722949174916695,0.13533322756004998,0.11582014906035093,0.09836799956428532,0.0
09600100000960,0.18975124043696204,0.14469672551487944,0.14521684383840788,0.24358328159250076,0.18722514712695218,0.0,0.12146182170306613,0.4199333842456513,0.26159997755628733,0.2534141445207807,0.29152696280715035,0.42640656806908334,0.6720808057011344,0.7562067393030057,0.7167380950239254,1.0,0.45796379116786384,0.6180414358546696,0.9234151988483681,0.8702633348157176,0.7765317190881934,0.6600474995824569,0.18188821537052113,0.11711076283742183,0.2281227317367271,0.41653369047715816,0.321619710251003,0.06546961162958895,0.32583105863561707,0.5367930938906574,0.5454696898104135
09610100000961,0.5684934160727012,0.05296855964382263,0.2635797503809632,0.21358658641837022,0.24532896494621617,0.21902417909442884,0.15836410031918585,0.12058975721747021,0.09132445080417459,0.0,0.007742752839729851,0.20572903019718788,0.3051010292504865,0.6428464954809402,0.7216262464298621,0.5840987734656039,0.34162778281089184,0.7148497586837607,0.8002118785859934,0.6033905707342697,0.5218181435218947,0.5247185940197691,0.4519190940690115,0.36468173033358864,0.45817727075644316,0.4698046883234262,0.47949900804387735,0.7244285211557614,1.0,0.6930289722079532,0.605808894611833
09620100000962,0.1394356515238386,0.15093012576993742,0.2974796856202414,0.13623197273874535,0.1747225433155269,0.14711593471376977,0.0645702043446756,0.14048137956651874,0.1025265913653014,0.0,0.003944470969398493,0.24821743105974506,0.3479823323600404,0.6885691288759493,0.8534732865241242,0.7937555544049418,0.49927620797273725,0.7683104546083062,0.8910174102573792,0.6620723148648195,0.5542133082021712,0.4944677052672332,0.37739319323299153,0.2949565273942834,0.4787212543801932,0.4842637708620583,0.4918589636688073,0.666762996552604,1.0,0.7551788480714348,0.6417679443586624
09940105000978,0.0,0.014524024048080517,0.06318571145703404,0.1076267423050069,0.16386078413219043,0.20408115841918265,0.2272947695045763,0.2589496937119313,0.33057671829092666,0.3238733225764279,0.3289629378411399,0.3817211448533982,0.4596791542738646,0.5243545092230094,0.5655679791714089,0.588036768510747,0.5156649221856963,0.5789747706004063,0.6193192818450743,0.6736912693071193,0.6967807434348371,0.7281873937268403,0.7691525897598879,0.7644353853682037,0.7739939311092481,0.8096212379622318,0.8683380189429335,0.8395382447621242,0.8960205605046596,0.9678362365685907,1.0
09950105000979,0.006862352231245391,0.0,0.03706795180648125,0.03976789366795485,0.056305037569480625,0.06716105380415571,0.08684812987740069,0.13375961972050443,0.1459093580971356,0.1416906989385831,0.16188401411085437,0.18539600782118695,0.2260076333208523,0.24648219243702707,0.2744940892498156,0.295418638676236,0.2865313300488854,0.33743648389541886,0.40960367990105684,0.49650805856723823,0.6028182693627611,0.6537234232092946,0.7512025741662475,0.8876621357482255,0.9080804460756196,0.9839600621407838,0.9012180938443742,0.9418859681328202,0.9833413254641961,0.9617435916419903,1.0
10140100000998,0.0,0.030334647616867213,0.05652961756102177,0.07649328913449065,0.09571376162209179,0.11769662686716366,0.16163193682576987,0.1908279120643557,0.21529019459667842,0.24168823699784694,0.2742704809029364,0.320693336090475,0.36507691073897236,0.4096865481187554,0.4626763760201043,0.4833769866697158,0.5194990066591074,0.5618006496635629,0.5987085278030818,0.5967161895352668,0.6311718780069663,0.6617111965378533,0.7069947744159709,0.7183958469581855,0.7905921547561994,0.8456244804568419,0.889610580796853,0.9215097886713685,0.963184200710291,0.9751035452130915,1.0
10180100001002,0.06660577001945818,0.09545064761720298,0.18480765359004453,0.18628334091434112,0.21127681627357486,0.2130485358706089,0.21076379309059412,0.20192085424325576,0.3520867665371695,0.20998680158380942,0.11291878872839835,0.06885248346469638,0.0,0.05373395870461669,0.13424951717658481,0.33000887351145536,0.31211569865853656,0.2898498959785896,0.31360331675453035,0.15837950293422065,0.1691984758439122,0.6383417718687343,0.7185419105639584,0.6116638206805067,0.7845078929511542,0.7518667929340077,0.9730446583698146,0.9825266391761884,1.0,0.0876859522620015,0.7186942936027542
10190100001003,0.18465469541546903,0.1944571771878669,0.2647300534775165,0.2546954154706455,0.27099011296292,0.2573396230613481,0.27925650667912844,0.23374869273046436,0.32332836385482866,0.24343620895544496,0.15368594379297004,0.11530821892407205,0.0,0.08288422598518046,0.17088553140042986,0.3748766901789776,0.33493988414439074,0.31959309613344306,0.32853370715678615,0.18085564035809473,0.15765410946203381,0.5580865282629797,0.6426418341084214,0.5916008396193478,0.7913026709092638,0.6852324900054094,0.9196516914769681,0.9711518064425141,1.0,0.06947701801621099,0.6688051179234445
10200100001004,0.12880526564883407,0.14736045161304345,0.22640759444577782,0.22176545454409968,0.2421216243626132,0.23551727391671093,0.24621767386292326,0.21776227756103692,0.33542952796242853,0.2276966649850537,0.1345039233066189,0.0931377611482307,0.0,0.06917070785947195,0.15382066391219631,0.3539460789594706,0.3244950892727794,0.3058715491358794,0.32194518143946005,0.17085348357382682,0.16383603617124412,0.5965328088884194,0.6790021182363736,0.6013495491225027,0.788062686720193,0.7172655953388427,0.9451584070802996,0.9766132141989408,1.0,0.07896764395797364,0.6930544893007732
10210105001005,0.0,0.009684904120058221,0.03509949045258763,0.041456538060564166,0.04089187866390893,0.04823231923002993,0.07336849741780628,0.07989353720176459,0.10038849038962849,0.13322835112482964,0.16497880257027508,0.21405804760989472,0.2521570240937273,0.313129253658049,0.41408445788271186,0.5452980286004211,0.5204002626107748,0.5377605596917054,0.6310209387252855,0.6551989598267834,0.730065586691331,0.7649576451659293,0.7005518944982586,0.7080164211958132,0.7668213076476273,0.8401226780163898,0.860158186828555,0.8097911393401714,0.9084926904683884,0.9475395474712012,1.0
10220100001006,0.05521114231622181,0.07171090159780209,0.0,0.005531608621483292,0.1017098209077498,0.09526611755104844,0.10048086822049909,0.11703158548309175,0.18665669427429407,0.283392830589586,0.37409513032794245,0.3923281418933654,0.46794002829065456,0.5453334704291782,0.6191130308519158,0.6939826328172748,0.7091469789011293,0.6809565128048952,0.6917023972711761,0.7256167136768735,0.7774495461571908,0.8343454937342806,0.898113486371304,0.8468907857498342,0.8789521683709972,0.9000012147888852,0.9328372242856575,0.9821449315787285,0.9521060215113455,1.0,0.9708799282749917
10230105001007,0.0,0.01424282312195422,0.01816264950778647,0.022309211044171932,0.04034441161778525,0.040062014708838446,0.04583771948645515,0.054888759284839155,0.06889148213839542,0.09705375921257907,0.14467847775514764,0.18251183146544786,0.23444620284395792,0.2887277187087533,0.3669272097441773,0.44335424126585304,0.42080165994735136,0.45915307841872754,0.5279091155289055,0.558046944108798,0.6027496295932039,0.6512346598874375,0.6359171211029253,0.6248250457991481,0.6882830146448721,0.7513675055877533,0.7807852471107031,0.7831953347363171,0.8902954667989582,0.9610947883352258,1.0
10390100001024,1.0,0.9234685071804428,0.8410901151779042,0.7693292072886824,0.7134128362290343,0.6641404601518389,0.6203104843788183,0.5841014545824226,0.5545687320852156,0.5291378985905587,0.5071392129936593,0.48737424719543054,0.4663613419450109,0.44563518102284877,0.4307178874174719,0.4221172287887545,0.417112392024066,0.4116775510236072,0.4048912625970506,0.397485261118431,0.3863501921069609,0.3688786172826773,0.3480476564305363,0.32585965383445364,0.2980914018164584,0.26074040531164117,0.21740399625758555,0.16694473797881826,0.11111808361140064,0.05314489511944723,0.0
10400100001025,1.0,0.9287755567871528,0.8522642942176104,0.7851388047954718,0.7329810994776575,0.6856572353647007,0.6429595907978458,0.6078029216692409,0.5789147859766733,0.5536616714396915,0.5315221058427972,0.5115003695722673,0.48996757357899146,0.46829896572812074,0.4524920040736954,0.44334268576390723,0.4382110543172167,0.4327187795502387,0.4249267249072705,0.416194971388637,0.40343701451917724,0.3843024775730894,0.3612286985319207,0.33639653520896784,0.30601596468247266,0.26639514517568125,0.22137509327778446,0.1696944548802982,0.11284939956099983,0.05356678267328131,0.0
10330100001026,1.0,0.9713381138052487,0.9374140403570267,0.8997258164565689,0.8560582500127496,0.8090700707842824,0.7617808525221637,0.7131688061436997,0.6626124721518366,0.6101195457016835,0.558620819259754,0.5078590589086086,0.45705136456487394,0.41238512647365727,0.3766295837500577,0.3471020219725256,0.3222253131779169,0.2993488802750691,0.27865397622301147,0.26070785464709595,0.24493973609959738,0.22952537523292935,0.21209174920733695,0.19357868865688937,0.1760828868111779,0.15606737888804134,0.1323764978336225,0.10464929474755319,0.074737417936994,0.039961837626945586,0.0
10340101001027,0.0,0.07023617754657535,0.1272252838004806,0.17505478207795927,0.2078929566866734,0.23099664446856155,0.24890067986581843,0.2593891748830342,0.26251053207871544,0.2580882187540454,0.25298813345681415,0.247993557373414,0.24075965544730632,0.24691973440776055,0.2724558233777511,0.31326879846887257,0.3638802233418727,0.41649678036431226,0.47484138193710074,0.544279914106222,0.6184619164594791,0.6920295554561009,0.7588573351169567,0.8222320585540056,0.8861192733765515,0.93826232753209,0.9761514165849494,1.0,0.9996334943098498,0.989132317569449,0.9662646712779188
10350100001028,1.0,0.9694907226108163,0.9329831499420946,0.8930345527282293,0.8473999372937718,0.7992945424924682,0.7510036315868188,0.7011942888162103,0.6495317172335713,0.5961809474426203,0.5441024837537676,0.49297980112542233,0.44206471612500153,0.3975365790173455,0.36204767019468415,0.3327622353695811,0.30794060404204,0.2851568833190596,0.2651895846769005,0.24817145733774162,0.23346587445771363,0.21906856447818984,0.2030747649999829,0.18618312523486655,0.17007717354371077,0.15127448244526065,0.12866221351236823,0.10177082620172415,0.07244357489383514,0.03886056367619552,0.0
10360101001029,0.0,0.0746464807153553,0.13718699414018862,0.19119369152590743,0.23078481675402607,0.26056210313707634,0.2853667782472067,0.30401211887189405,0.3154442950619655,0.31814972448930245,0.3192808871728603,0.3199961092965402,0.3171964572860815,0.3260546567581624,0.35258983402592353,0.3927400063463736,0.4417982627125742,0.49193011135861997,0.546780041774686,0.6117493465017336,0.6803861205744391,0.7473413368213487,0.8064242273510968,0.8601841759507497,0.9130882111943951,0.9546858124977324,0.9838713330978186,1.0,0.9922023070567254,0.9739915910636034,0.9433527067431781
10370100001030,1.0,0.9730841997257524,0.9416424616161462,0.9061179023284941,0.8643302196166751,0.818382670087388,0.7720213508347911,0.7245255278423814,0.675000386993815,0.6233124056696339,0.5723521707485518,0.5219165863355025,0.4711989825898474,0.4263859597874083,0.39035785889516533,0.3605892152368008,0.33566097975980175,0.31270380989176333,0.2912978160088357,0.27244251110253165,0.25563837926259303,0.2392451815303833,0.22042623962654645,0.2003674709259325,0.1815686737789557,0.16042820078955372,0.13573616315232087,0.10724858768535642,0.07683646612918041,0.040962201617588345,0.0
10380101001031,0.0,0.0725733868576178,0.13250443907477075,0.18360755368096057,0.2200244420194646,0.24666478771160097,0.2682257788051455,0.2830369680493038,0.29056266856699137,0.2899176482282338,0.2881198060320071,0.28615113630183975,0.2812671666380377,0.28885709947875776,0.3149226365074234,0.3553844103621772,0.4051727120356023,0.45647250984572574,0.5129651053779465,0.5800351796195589,0.6512784668823792,0.7213418103481852,0.7840652337822505,0.8423445950806424,0.9004113510926068,0.9469657968982631,0.9802424464598376,1.0,0.9956952275150847,0.9811084011215729,0.9541223455561655
10410100001032,1.0,0.9985440075510472,0.9900256145654581,0.9541460276243215,0.8823399635619289,0.7983274357260955,0.7081206907865445,0.6098279268261482,0.5238035372146003,0.4594262455596178,0.4049502799950913,0.356723626881884,0.31816445783235947,0.2871359367181653,0.25759102114959104,0.23077202861389348,0.20701920882656838,0.18145721157930933,0.15875015916624713,0.1444133079965241,0.1384778723756676,0.1377485514473185,0.1372415980207748,0.13430427299855163,0.13234459359516923,0.1265462366409796,0.11185832625398309,0.09273250673603592,0.07319266179966318,0.044068649579820214,0.0
10420100001033,0.9957807395858055,1.0,0.9997290885553106,0.9709095058778884,0.9038007283426935,0.8219594164534693,0.7335194486976763,0.6365243868171813,0.5516532069379793,0.4890346769590971,0.4359222477744978,0.3882700060435458,0.35018031744249767,0.319089172293593,0.2881677734487371,0.25958985016079106,0.23469346967879853,0.2077845304762909,0.1825954459085168,0.16623723812432573,0.15865899750104684,0.1568234798623411,0.1546613133062647,0.1496527506497833,0.14647373398833527,0.13969139413478207,0.12317395315803495,0.10198697250241623,0.08062726550504341,0.047809111502711145,0.0
10430100001034,0.9226368399724368,0.941555958973218,0.9562933151338108,0.9740553532301905,0.9875238038973368,0.9950142056500291,1.0,0.9955680275725752,0.9548564386042416,0.8707339620865143,0.7722084330599095,0.6650896591889699,0.5481795278742326,0.44666334873146846,0.36924529288343694,0.30178153543523034,0.24175341509985224,0.19323627032951618,0.15485696337995328,0.11842473974529119,0.08704181412514621,0.06163500652644311,0.03562815886852237,0.011722153193500374,0.0,0.00011379493160794198,0.007657098132664762,0.016858696840038403,0.026598954102266918,0.03580046947893119,0.034611440533990304
10440100001035,0.8887266531101441,0.910214766291225,0.929343909533414,0.9521260404502822,0.9718861285264638,0.9850162195476849,0.9963941989119165,1.0,0.9663790829072136,0.8862982293309051,0.7901874574738685,0.6846690455004795,0.5678801376854301,0.466351056981332,0.3896587269456062,0.32278333200276366,0.2631569154602046,0.2151752706901139,0.17578736947306947,0.13678693870672712,0.10219637851906373,0.07393351812030462,0.04372781399668435,0.01568756286488999,0.0012269400553523223,0.0,0.007841887785487821,0.01928948949577051,0.033061025899531374,0.044525383771885696,0.04413146396371476
10450100001036,0.8706953129401013,0.8064163115341362,0.7878924430480174,0.800131473635037,0.8419935603992955,0.8876383963696306,0.9162329173717688,0.9397579557771538,0.9635036050043245,0.9810616028680861,0.991785261026596,1.0,0.9996720741150958,0.95986767349097,0.8698230305927677,0.7638496910912652,0.6494520482451529,0.5228849231904883,0.4124607267249032,0.3271124412115461,0.25287481130629136,0.18841666437418567,0.13974918663438873,0.10317276384632999,0.07155763310503185,0.0468533302204108,0.02810019289187025,0.009973053377585504,0.0,0.0016144218095109437,0.009763494387114578
10460100001037,0.8068951520929712,0.7423797680690688,0.7250114665547909,0.740625403406638,0.7881984402995001,0.8403495681475058,0.8732224379836726,0.8994229645340241,0.9281246355648874,0.9532278222980902,0.9724429375089395,0.9900135487284807,1.0,0.9678951798237091,0.8806406403966281,0.7758561387396743,0.6630635157062892,0.538371594088509,0.42980617318936093,0.346604136551759,0.27416387765230854,0.21087933039742687,0.16235485136382646,0.12500064522214752,0.08907795036107571,0.057524940869675925,0.03251794545218092,0.010229008629952017,0.0,0.003921308882664008,0.017489086560394378
10470100001038,0.0,0.032272234349742725,0.07514935577504156,0.12650498861630152,0.18833711586687824,0.25639122602761366,0.3255061268837142,0.39619625944144093,0.4689378038839843,0.5442753849952731,0.6181542699108197,0.6917377432444556,0.7659093102078307,0.8290486435792876,0.8779601269503432,0.9186036987700686,0.9513322590684975,0.978929086100555,0.9968271522924868,1.0,0.994963660570652,0.9846871898526877,0.9724439086310122,0.9596249875360048,0.9410553269148733,0.9235044993090704,0.9108621732349825,0.9057048437941578,0.9128528626420288,0.9249908047303734,0.9396366595963597
10480101001039,0.0,0.03337551140513588,0.06867023516001869,0.1052508086326994,0.14315333679903267,0.18151338719258314,0.21982391152927078,0.2583134659140997,0.29718482899414506,0.3364249506031488,0.3755238642964055,0.4149694804975382,0.4547399621592325,0.49346820242027195,0.5304436045896732,0.5671071680032956,0.6029714045440691,0.637684265839419,0.6706871140558008,0.7025599403207998,0.7329447850873125,0.7621768189895642,0.7902762267166896,0.8180613534601925,0.8446304049130421,0.8702894829417323,0.8959570741342686,0.9224994532414934,0.9465969332486912,0.9724251841543137,1.0
10490100001040,0.0,0.034864549084184654,0.08205039836959908,0.13727981577904294,0.20184154008237137,0.2708604002315398,0.3409083735577989,0.4124952277528132,0.48548663371481554,0.5604470379376559,0.6333623106319801,0.7051887697872556,0.7769514953503179,0.8377226297385653,0.8848103414814723,0.9245173230248421,0.957021016607054,0.9841871599131161,0.9999782031673492,1.0,0.9911958277168004,0.9765046300895572,0.9581873984278758,0.9385609456522888,0.9132559892937653,0.888939270938599,0.8695542707509272,0.8568407663412078,0.8568798051217295,0.8609831586180287,0.8672772869224681
10500101001041,0.0,0.03212164865865904,0.06499637878571908,0.09938752737733532,0.13539547142332076,0.17284617691846932,0.21031853427409358,0.24794952317009986,0.28610503522989483,0.3245920688347785,0.36315681991120385,0.40239303643530067,0.4420494132396407,0.4807943923277004,0.5177930866087765,0.5540552235180504,0.5890521629811837,0.6228304202289097,0.6561669217903174,0.6890019410397077,0.7206308311890398,0.7510337447883094,0.7810898142659694,0.8108136868760856,0.838703271854956,0.8654427134565313,0.8923231387397609,0.9200203558804686,0.9444064670245973,0.9714928592655198,1.0
10510100001042,0.0,0.02932254948838515,0.06745583644341242,0.11439120521314391,0.17280963193576038,0.23910563666557627,0.30648085929226676,0.37545082213319886,0.4470884688135657,0.5219165087502994,0.5958803329235051,0.6703320546953667,0.7460097988777946,0.8107402091368079,0.8608681262305568,0.9019545154883435,0.9345239734666505,0.9622282652631489,0.9819794876875299,0.9881970362706572,0.986905744592222,0.9810800216047213,0.9749359023670406,0.968952612671394,0.9572375141852171,0.9465734217348093,0.9407369065167416,0.9431168953941022,0.95725800047966,0.97721978816484,1.0
10520101001043,0.0,0.03273363245635837,0.06678950135140659,0.1022492711137299,0.13918192387656866,0.1770764544186407,0.2149579084225467,0.2530079462187096,0.2915128344447189,0.33036744004573837,0.3691929136651256,0.4085313282762169,0.44824339292818327,0.48698021207925585,0.5239675326346737,0.5604255988339608,0.5958458467077166,0.6300802645230391,0.663253915045512,0.6956193094388652,0.7266410026986297,0.7564724430735124,0.7855735069077199,0.8143511198630375,0.8415961762865357,0.867808315973326,0.8940967909945229,0.9212303415888405,0.9454755945710126,0.9719479072553916,1.0
10530100001044,1.0,0.9427633796331809,0.8655523498574724,0.775861097820959,0.6913000282893895,0.6163121612985135,0.5691903935923109,0.5600482591124945,0.5766604842659879,0.6165612654510868,0.6594859829912134,0.6862604538878198,0.7078213801230602,0.7289985728551818,0.7459472799095686,0.7587609151827561,0.7706771756525883,0.776245103210573,0.7458976855250691,0.6655290526492008,0.5681031258328374,0.46246722328953327,0.3464519184357722,0.2473123573945214,0.1779097428163599,0.12383328516663472,0.07921256937056617,0.04905653782579541,0.03291890234851801,0.01700723281813086,0.0
10540100001045,1.0,0.9334759593410513,0.8427656458520332,0.7418787389450973,0.6486647699183146,0.567716795232786,0.5190188963703164,0.5133601337036063,0.5365778427881296,0.5857974385798689,0.6395116807958837,0.6755618278053699,0.7055410204288857,0.734972811685856,0.7601003841388274,0.7812383885472809,0.8026380565722997,0.8185884687891803,0.794960326010578,0.7139078733382851,0.613150313535924,0.5040003984828905,0.38293363439161954,0.2787653391765514,0.20381846870266773,0.14273522590845175,0.09150275438511384,0.056641011869490464,0.037491154988571376,0.018883895782748527,0.0
10550100001046,1.0,0.9601925400667691,0.9550299861650197,0.9625753105531734,0.9718298346198755,0.9488959605677914,0.8852382868421236,0.7908153174569673,0.6803936057418543,0.5744721719437709,0.4811476130420666,0.4245684842409802,0.4152085721353887,0.4367404045052226,0.48955658359736726,0.5472802747425428,0.5848692001568899,0.6177716625567355,0.6520123387850474,0.6783189228825819,0.698175386511627,0.7168020353977854,0.7268081327668092,0.6913992817784854,0.5964673035506074,0.48336629374298595,0.36154710774743865,0.2303687204675733,0.12893433929309525,0.06129246575038119,0.0
10560100001047,1.0,0.9506745944335493,0.9413282328161251,0.9436924313206011,0.947733159245809,0.9176723236930721,0.8390319982219877,0.7237808518663668,0.594477357077897,0.4736515988604589,0.3681253361118396,0.30803329390705303,0.30580961331398576,0.34160886361336545,0.41663558173199,0.4974016154113246,0.5508275943981573,0.5966572254778736,0.6485616858538921,0.6943888842529806,0.733937925092681,0.7730409729166446,0.8052973096476082,0.7821490844084469,0.6801671300109238,0.5506520583939595,0.4102913839808682,0.25901948969483735,0.1441883927592178,0.07103725445524854,0.0
10570100001048,0.06319512473340605,0.3568430050169062,0.6378730746775862,0.8961167772410614,1.0,0.9392054787011687,0.8898916636446579,0.8954749320218955,0.9226882034899477,0.9505276186494386,0.9175217614131018,0.8117952099198057,0.6519377149938813,0.4631100203434691,0.2818840311464633,0.11733870163806824,0.015668908827802246,0.0,0.04156666914037392,0.14097734687871283,0.25227529296009765,0.3269272500338132,0.39243541734073,0.4624313052207863,0.5276704034786661,0.5906686397860185,0.6549597203945652,0.707944937876171,0.6846686683785619,0.551881155259303,0.37804242679450595
10580100001049,0.07641181821602297,0.37426149631939837,0.6534349822553445,0.907759042302806,1.0,0.9242830885935139,0.8674731308666082,0.8733870562931808,0.8987211822073341,0.9225146734737626,0.8893936191318051,0.7835208614101032,0.6198974320148667,0.43218752358684537,0.2580599070322379,0.10005273139638356,0.005467338058532497,0.0,0.059323008653014216,0.18234630347026765,0.31924731645354176,0.41584288022706023,0.50386769552046,0.5983122350227754,0.6896343793706718,0.7807590154968824,0.8752604141499971,0.962583365313917,0.9668937314712411,0.8519946813977495,0.6866569033842164
10590100001050,0.24486964510803852,0.2192816749028832,0.12329917770030985,0.01879039164265004,0.0,0.16791010007405882,0.4309898498758914,0.6777275844544692,0.902776591520139,0.9983206473087524,0.9536502931405976,0.9186151493787219,0.931134868997539,0.9647236621829601,1.0,0.9775815310910747,0.8868561703907307,0.7514427647601354,0.5967985889977739,0.44990806206084943,0.3171129443589174,0.23751716053961147,0.23219224404148903,0.27758805148142435,0.37158097383816846,0.4782613923060482,0.5611531566083611,0.6454343314112322,0.7433785201338171,0.8352483940762581,0.9141145636931473
10600100001051,0.24689460849627148,0.22220997335753528,0.12758556626212977,0.024471039153470906,0.0,0.1488422559574912,0.38493597283639486,0.6057883642204931,0.8064541265047027,0.8869731588653711,0.8386694972325905,0.8040368353003744,0.8175215078638184,0.8503711797213797,0.8848832388485552,0.8683245474747041,0.7877866138730028,0.662482083105687,0.5245911379343602,0.3989689020301689,0.2872368060131932,0.224795824201382,0.23395126181051412,0.2921705572398256,0.3984482131483405,0.5183239476906647,0.6121546961748047,0.704135722200619,0.8049396931685123,0.9061399526270887,1.0
10610100001052,0.0,0.1307144310618397,0.2401003678289519,0.3284230470261198,0.39836876164920404,0.4469198923973791,0.4427105791768115,0.3905654871077934,0.3301626833647015,0.3239532717148234,0.43524384808757055,0.6061648736383358,0.7678063439454649,0.9192848564898038,0.9895209472226576,0.9685317084920253,0.9487273810385518,0.9564073510138219,0.9770677460996194,1.0,0.9888965304074582,0.9370621742227117,0.8573569560516064,0.7627181793408778,0.6710138964724801,0.589628641362144,0.545397342910617,0.5531792134928077,0.5996310785509739,0.6845482645660288,0.7794874642903921
10620100001053,0.0,0.1240046473485846,0.2300116742378707,0.31734017004991477,0.38848312371769683,0.4406400226667563,0.4363713609070937,0.3796589715925965,0.31304828460978124,0.30263485009015423,0.4151809897684419,0.5902695668265824,0.7566174796371647,0.9134358125121265,0.9854369968836408,0.9618133958125421,0.9422756816788104,0.952853052452647,0.9752192439322058,1.0,0.9920830854045286,0.9413840355616306,0.8607883800164489,0.7674447599339874,0.6818867031247876,0.6101233324148333,0.5787676341652332,0.6045416085806093,0.6688282031045938,0.7713919090632304,0.8814025544356107
10630100001054,0.0,0.08641017456629578,0.1925700565632392,0.28781004931140286,0.3693977011640568,0.4502967868161102,0.5204054265178338,0.5795609755898044,0.6270694377881965,0.6650862020133548,0.6911214473287948,0.6900133403621362,0.6650580056214296,0.637209813391232,0.6372113322798765,0.6958333009516057,0.7837562248910849,0.8673046570633032,0.9440201792532134,0.9793000184780666,0.9697065717220078,0.9629347882726352,0.9712582394990429,0.9859204859732108,1.0,0.9967844925052289,0.9739145517691012,0.9384489161564358,0.8966182403558541,0.8590582361221464,0.8289740289273236
10640100001055,0.0,0.08471025535726773,0.18815942299586624,0.2795394221079367,0.35619376909309014,0.43227942918141266,0.4990565779429134,0.556552049071086,0.6034855196568124,0.642343028232634,0.6695465009262574,0.6675082997273081,0.6405870196435188,0.6110124982128784,0.6106121524636647,0.6717194807667192,0.7633171325708196,0.8502027328043653,0.9301962303865929,0.9671521026807962,0.9572288961668514,0.9514633559663701,0.9629943585617523,0.980565422847319,0.9982694372124408,1.0,0.9810848087880573,0.9484931729575903,0.9092537977553486,0.8757292650565803,0.8509925460049508
10650100001056,0.0389217154682508,0.01711817499676876,0.0,0.005819344909301623,0.04529848222887997,0.10454322002300744,0.17938159438776968,0.27044373932034277,0.3518364436618379,0.4219510514794682,0.49041916214731673,0.5496073812252397,0.5999411114393007,0.6404426325919423,0.6728852069206058,0.6955813361092755,0.6954882680413254,0.6761421745813713,0.6547205591520593,0.6566762050980539,0.707005110576711,0.7823575475578164,0.8536202012562707,0.9188547493337559,0.9496436503741528,0.9447089565157384,0.9437244051099645,0.9563756765890021,0.9747008461307655,0.993932094965752,1.0
10660100001057,0.035979900657803855,0.01581285088919307,0.0,0.005768094590767645,0.04515925465793523,0.10327853319970563,0.1750289568760386,0.26132733844726447,0.33690384129906065,0.40051684602421456,0.46209514496429444,0.5157447074245167,0.5628524957056811,0.6021037109462835,0.6352575369633754,0.6591918723930703,0.6592601576154647,0.6403302584825867,0.6195695403564278,0.6228346940518572,0.675844675815963,0.7538855203522912,0.8276931238806255,0.8957538847933862,0.9293069451463284,0.9268934121654651,0.929237717857882,0.9461080865785759,0.9674207790433142,0.9896042056498638,1.0
10670100001058,0.05948058804906777,0.06567928719264612,0.06716238539455155,0.06312477798119148,0.05041528326307602,0.031015727809099277,0.013377267343089042,0.0,0.008766883779836185,0.05102419989843617,0.11216563625401842,0.18834211585449193,0.28104772726830607,0.36427181768730965,0.43506999196013163,0.5033292728631383,0.5625830858516087,0.6132141580719732,0.6538994940819117,0.6877202801931114,0.712010882688951,0.7143141318976651,0.6978083250955273,0.6788006974728603,0.6814636061459535,0.7331591666842847,0.8108660840562707,0.8866059998195517,0.9573325695761886,0.9955451911414307,1.0
10680100001059,0.0523430247713258,0.05733981936852095,0.057283393154230165,0.05312543691504219,0.040946031662760535,0.023696534684769475,0.0100212619504597,0.0,0.010114963197129479,0.052759887425524676,0.11221335500313027,0.1839765889096956,0.2705005303310256,0.3471372704353498,0.41116245846560445,0.4727342364995608,0.5270471451601538,0.5757643396915328,0.6163527618912809,0.651566284325826,0.6778643121859983,0.6814518601543662,0.6665080663766211,0.6495892111645319,0.6562523927717856,0.7140272050879408,0.7977249411596202,0.8784581261736786,0.9526521023463072,0.9931883424695568,1.0
10690100001060,0.02940291594131589,0.017304221185232026,0.013181172741887912,0.019495758360867314,0.03137705420893905,0.04534177741339596,0.05813090143198176,0.06439365566011448,0.0634778465559497,0.05182833050797565,0.03152572025807917,0.01304211695158425,0.0,0.015477235235003791,0.07303341825109011,0.15380661920652172,0.25309578794825677,0.3731572797214834,0.4809510584356019,0.5746208376569562,0.6658674918929861,0.7459201176350995,0.8148097830145697,0.8708819585960371,0.9159403872853906,0.9484402401492411,0.9536042024103798,0.9353139935944608,0.9115292640971089,0.92045733860725,1.0
10700100001061,0.010214893826846986,0.0028307961398917206,0.0,0.006618602132673772,0.020921553287795935,0.037398612610042396,0.04954705760588507,0.05553296674045691,0.056099724673167435,0.04702890323242013,0.03153400421156526,0.020440007704679707,0.014123000157032417,0.03349521806293308,0.09272272598140416,0.17118425389426656,0.2631191485654422,0.3732962285045756,0.4708621992158222,0.5541240391789956,0.6355121669351982,0.7091321399720718,0.7756579976510907,0.8322594524321294,0.8816841009501308,0.9210279630153171,0.9321806545611601,0.918454690923639,0.8980218707209867,0.9121834958801233,1.0
10710100001062,0.0,0.02280931522500817,0.04467770710115722,0.06489482625722878,0.08576736356316406,0.10656126884743503,0.12680369508155384,0.1480048358547359,0.1709042502313253,0.19488947046936472,0.2184552950772541,0.2408490100860472,0.2626914734175876,0.2841584989950459,0.30313129957685886,0.3185236483925727,0.3331499625054865,0.34934005340324586,0.3717309827321002,0.40467981652979296,0.4422042370423155,0.48475322712499375,0.5335562033897229,0.5851809865990351,0.6410431763748327,0.7009031808207182,0.7628440542686012,0.8247748744241759,0.877654707548371,0.9349381797447301,1.0
10720101001063,0.0,0.022282880997308976,0.044238527077534645,0.06560507817376711,0.08761790214470616,0.1097113923936913,0.13149972213741898,0.15400547026548653,0.1777324301032664,0.2022205718919432,0.22680705670174164,0.2514489283666114,0.2762338041862208,0.3011499215237446,0.3248991852882152,0.3470275535997027,0.36892802184732326,0.39175023818622334,0.41845217380106586,0.4523026326777174,0.48937064814969156,0.5301231272247906,0.575230056581439,0.6228280337210289,0.6737332462909138,0.7273327830413893,0.7825519938978883,0.839134420589785,0.8882113710262672,0.9409002050883355,1.0
10730100001064,0.0,0.02158134066282394,0.04159852057713578,0.05968241609812844,0.07877730920134342,0.09788457513700786,0.11625506976787682,0.13590819315213865,0.15762988064430225,0.18050346387383265,0.20310507381121068,0.22502697337780855,0.24661772095588483,0.26761339984238125,0.2857776834288393,0.2998636778600622,0.3130252966267084,0.3279414495993145,0.349529929646779,0.38220347816984135,0.41980956975089095,0.46307701904824583,0.5132636268699898,0.5665659958758718,0.6243909637449092,0.6863473610590036,0.7503842101608139,0.8155555112585666,0.8718601010122664,0.9320238070501513,1.0
10740101001065,0.0,0.022480672019408513,0.044953377004305996,0.06722202708978914,0.0899499289696354,0.11304149248201026,0.13613471876247032,0.15974353142001968,0.18433224656553232,0.2096419522050806,0.23496540181054446,0.25985081179164626,0.2846052384045288,0.3097743071194318,0.3341119252810172,0.3571392204315165,0.3799810029221344,0.4035897063120667,0.4312412307689647,0.4660593426822168,0.50396588953843,0.5449096675821123,0.5898795012396958,0.636979184039129,0.6868759610591686,0.7393679437496768,0.7936900877638925,0.8476537674835373,0.8930215062946723,0.9433080456554119,1.0
10750100001066,0.0,0.024162103447428043,0.0479476650373664,0.0704164768971062,0.09317599217836792,0.11584173229146595,0.13815986553192927,0.16108592013637243,0.1853109022546212,0.21052304405250877,0.2351635817003479,0.2581209557337536,0.2802802622070386,0.30230468438783215,0.32220039437512227,0.3390197702158623,0.3552052542540433,0.3727309755465227,0.39603028631004067,0.429345157373331,0.4668532786566065,0.5086683903637087,0.5560489712821134,0.605903920302646,0.6596153776823256,0.7171452386541197,0.7767667066743835,0.8351254369442905,0.8841541414667654,0.9382347636188332,1.0
10760101001067,0.0,0.02237449689324717,0.04456961504869608,0.06635397404698914,0.08869797270430106,0.1112537185828427,0.13364639208146187,0.15666303075151367,0.18078911563835542,0.20565775038934536,0.2305855839743183,0.2553402238399775,0.28011097643788935,0.3051442523764074,0.32916604126140464,0.3517107152747687,0.37404715153132245,0.397233619675486,0.42437535323336956,0.45867397168616475,0.4961303446153461,0.5369714210538509,0.5820148710067309,0.6293820594678283,0.6798202273220703,0.7329067668443395,0.787710506009476,0.8430801182585216,0.8904391546408268,0.9420153658962213,1.0
10770100001068,0.0,0.011332461506693885,0.01787271292814535,0.022696506034680076,0.025874544491794303,0.024291460550118396,0.019752189093758095,0.021175366791309342,0.031198401388659276,0.046815493903140305,0.0642414636523457,0.08008115210414386,0.09036030179995067,0.09427749097842313,0.08723364029929201,0.07105894569021123,0.0562049509051061,0.046954393273823995,0.06444670463030597,0.12277389282560602,0.20313527273997337,0.30114036340133377,0.4194099461443153,0.5268035104639257,0.6194869490582041,0.710342452016545,0.7912781587840455,0.8616620713103732,0.9155950790137011,0.9610278977478218,1.0
10780100001069,0.0,0.027089213125445745,0.04846602394988473,0.06512849543480068,0.07530264585169462,0.07985697970138035,0.08234294504254634,0.08718692524556591,0.0985020723179944,0.11590998192964899,0.13363418048239062,0.147130167303754,0.1567657835835023,0.1629825642937056,0.16107677156640976,0.15362686642752454,0.14973091478150835,0.15029513671285738,0.1722392543262321,0.22860997642795883,0.30056699681449917,0.38416883157283066,0.4840427980973691,0.5740173440570544,0.6511906676813919,0.7281595065776415,0.799651048439188,0.8631101514733946,0.911974470915744,0.9572994041966326,1.0
10790100001070,0.0,0.052504678126233835,0.0873500111336731,0.11225786111694484,0.13278242438773594,0.15410178684531575,0.17205672363075813,0.18509108811223757,0.19583588937519464,0.204765504405975,0.2086672077112686,0.20972546509889597,0.21690307642703302,0.23198192464508657,0.2520092960557561,0.2728997220680734,0.291447305122348,0.3052000899855559,0.3120593605729783,0.31007406143724753,0.30068351045622566,0.29301972844739466,0.2892023938676743,0.31201088080889017,0.3756279114617324,0.46267986062377015,0.5683746011752356,0.6943157132600455,0.8037890761095636,0.9001637165146842,1.0
10800100001071,0.0,0.04175171046373001,0.075605888519154,0.10477699082486872,0.1362828362964989,0.17109748850694795,0.20222316576011315,0.22836763842656618,0.25006622431919895,0.265905014020617,0.27659971196874944,0.28555148133270786,0.2969759359810278,0.3138178232591572,0.33526665680168344,0.3557397000463577,0.37148981167267453,0.3846964346119925,0.39426397775300204,0.3984650175866785,0.3997359053758219,0.4048601141890007,0.41204366840886336,0.43964291236842884,0.4998481001135659,0.5756392764680519,0.6628311703804649,0.7628033708073984,0.8460474915634912,0.9198427508850212,1.0
10810100001072,0.018262209348517914,0.0,0.02028656345605593,0.06863851550467251,0.14160910000369428,0.22252478892383,0.29500358347381084,0.34656693982250086,0.38448996993123274,0.41730922615335475,0.4515112706575048,0.4824251826580439,0.5064001301634443,0.5281790680428268,0.5477445814978888,0.5587395101114969,0.5659750413436205,0.5815134418175485,0.6057714983749709,0.6384122904636902,0.6733996086795888,0.7058006758547428,0.7318973816788301,0.7507435892548325,0.7570733463237536,0.7544627658669358,0.7538373777404948,0.7561885111069251,0.7854626801715565,0.8731388738648328,1.0
10820100001073,0.0024461697310747136,0.0,0.02288567086410121,0.06267546133512408,0.1142808780493944,0.16923949901376587,0.22274746726156433,0.2678775937282641,0.30705345951485113,0.3479871525721039,0.3921037016987888,0.43250665407170164,0.467307473234833,0.49886183000828366,0.5250106620775788,0.5443670179315678,0.5617764964892309,0.582199714812497,0.6066052498695557,0.6366186031523838,0.6664800065541423,0.6920909893834265,0.7150516411041596,0.7364190611778968,0.7515481205630689,0.764146267112415,0.7808968731099473,0.7950915305618939,0.8246040143298757,0.8989526536288862,1.0
10830100001074,0.0,0.02760610560728559,0.04809799010179494,0.05536825480080458,0.057142429602308996,0.058685759871381186,0.0696567056944494,0.09679636207631359,0.13271690672540884,0.17153868353242746,0.21138482843247083,0.2554633365371994,0.30306474130709377,0.3493084323028104,0.39406312578651687,0.4386012279684046,0.4828268301362098,0.5266931426356382,0.5659646026966985,0.6030822965771182,0.6390842411095524,0.6758427785808502,0.7153051542902651,0.757194342179197,0.8004371906256028,0.8436476532911763,0.8863760442943711,0.9235174640265106,0.9456394652875655,0.9683924618546462,1.0
10840100001075,0.0,0.01946045687425904,0.034724674418230336,0.04289461934911424,0.04929277872551398,0.05664608932496021,0.07138657827854816,0.09869791710175363,0.13292565344596025,0.1685974661127594,0.20507555818803727,0.24543145903992478,0.28938495335529113,0.3336196460688823,0.3788184283091092,0.4250402437104799,0.4706778127776982,0.5165525619662713,0.5583807985721455,0.597034281310349,0.6355550048860639,0.6751145261787806,0.7155454509450788,0.7574458566850046,0.7998352937977408,0.842332776081327,0.8846477680341956,0.9190021227320648,0.9408431379770735,0.9659533922558673,1.0
10850101001076,0.0,0.036758633397892385,0.07317600913954242,0.10974045903772026,0.14481894447434485,0.18164834934101132,0.21731339279173978,0.25085021362312926,0.28616675476553377,0.3211625200928423,0.355842077536897,0.3878537384670633,0.42295606378442513,0.456358013705722,0.4921035813747859,0.5288422234704202,0.5652789234394174,0.6010079686474149,0.6371861303814722,0.6166826674683549,0.6538762015920736,0.6906689658075941,0.7269312650856714,0.7628319262520405,0.7985360831410926,0.8327116866083523,0.8660893239474236,0.8990832924067772,0.9301804658767416,0.9604194877818747,1.0
10860100001077,1.0,0.9306033834945813,0.8904277685305444,0.8714365506205134,0.8369787583814468,0.8031413989430536,0.7502545967434344,0.706140582091354,0.6766875240074944,0.6366230727225446,0.6086666075251437,0.6037864986088008,0.5834679352341645,0.583428747672267,0.569791176977927,0.5781687634625452,0.5582044091483934,0.51064719612884,0.5098110788646116,0.5653389254550879,0.5427969889351466,0.5068219385506764,0.46957856644127755,0.44258205333246636,0.39993948924745,0.32883294762023735,0.28046463461474835,0.24733310579231707,0.0,0.05251418886297346,0.09301882624488687
10880100001079,1.0,0.9291598822799749,0.8666659296696049,0.8245759659666303,0.7670415269484416,0.7107541551626283,0.6574748200556302,0.6138867728892184,0.5502088403559867,0.4865589340333686,0.42030831022450443,0.352700945067739,0.2872503540879513,0.23265062681118592,0.17815182068802934,0.14903018396401943,0.12603911084561575,0.09657214795649831,0.06333073176781269,0.04164348945153842,0.021135314179103793,0.01033484558486849,0.0031722440522260337,0.0,0.00476253859028744,0.021546402826098807,0.016089788314903836,0.013735557028442504,0.0411524274646652,0.06609843951741173,0.09486731483685415
10900100001081,0.0,0.028279484117645953,0.05959703737449633,0.09371817512492582,0.12856182234281727,0.16632482741130825,0.2077488027773071,0.25347226833120906,0.2847881855213057,0.31061763513977514,0.3376759163005365,0.3651463234225196,0.39374555842362147,0.42335806106848434,0.4534342597026056,0.4867324654610535,0.5216530385408693,0.5572949562528066,0.5867613425407205,0.6134764565091545,0.6413886321724249,0.6717897408057664,0.7052671941326831,0.7402204404404653,0.7754673373012619,0.8139144758561555,0.8472230965574461,0.881747778767014,0.9232555250949541,0.962706375121663,1.0
10930101001084,0.0,0.034344043291235166,0.06891083490027577,0.10353042950195485,0.1379880937419176,0.1719840844595305,0.20545243445208702,0.23857582610232728,0.27160410809107616,0.30442251366735573,0.3371019832516737,0.37005166998881356,0.4030784379682465,0.43648984909844923,0.4700132541220347,0.5042603459089787,0.5386983627491145,0.5726523084186843,0.606610289024015,0.6420810322090786,0.6775041030762735,0.712768862669621,0.7475132980383983,0.7822346817069348,0.8167712593423307,0.8502058763998566,0.8827822794971901,0.915093756803327,0.9421489191755977,0.9703251364074955,1.0
10940100001085,1.0,0.9528035274812394,0.9826406564347809,0.9867749187598808,0.9798273930702006,0.9085595611988916,0.8316713527284253,0.758672636941349,0.6889403980712152,0.6410841768128217,0.5897954110924487,0.5294560878543684,0.4798987367263051,0.42484958995565364,0.3649669121981631,0.32582284010814144,0.31545975202573534,0.32125851548926626,0.2656950274943346,0.19213349452987613,0.12022083312966231,0.08066344081283518,0.026406486033157865,0.0,0.03242739658689081,0.09066011998292693,0.1387754460400678,0.21354962009373551,0.3483341427289698,0.42770565805857425,0.5407621625180364
10950101001086,0.0,0.03459362181093212,0.06863262768092383,0.10298257917782025,0.13728753295520651,0.17182553308163584,0.205921964930514,0.2396556501864748,0.2732800671838826,0.3064685838192535,0.33957236058907314,0.37306542082398486,0.40652620238332654,0.44045028955810445,0.4745609150305688,0.5091570323450936,0.5435989059273689,0.5773589135423016,0.6119000892586259,0.6481977578720931,0.684450060915632,0.720141002769742,0.755521474103967,0.7905200865133971,0.8245394644253314,0.8570936257953162,0.8889158291871281,0.9200847214968653,0.9451426713249379,0.9720782202595285,1.0
10960100001087,0.0,0.04719647251907768,0.017359343565282525,0.013225081240246054,0.020172606929862814,0.0914404388011084,0.16832864727157468,0.2413273630587779,0.31105960192891163,0.3589158231873052,0.41020458890755135,0.470543912145695,0.5201012632735046,0.5751504100444098,0.635033087801837,0.6741771598921756,0.6845402479743281,0.6787414845107972,0.7343049725056654,0.8078665054701873,0.8797791668703376,0.9193365591871648,0.9735935139670324,1.0,0.967572603413236,0.9093398800172634,0.8612245539601224,0.7864503799062645,0.6516658572709667,0.5722943419414892,0.459237837482027
10970101001088,0.0,0.03446984372933432,0.06877060434512546,0.10325428534018394,0.13763497535781524,0.17190416631973554,0.20568910163780274,0.2391201120321867,0.272448876313967,0.3054538368441787,0.3383471787798892,0.37157075353161806,0.4048162859772748,0.4384861120480267,0.47230550577394564,0.5067285243370331,0.5411684851709033,0.5750246762202663,0.6092766165533854,0.645164172313871,0.6810052182742649,0.7164847951518476,0.7515498253209694,0.786410945941399,0.8206868290732471,0.8536776513883181,0.885873899765225,0.917609456056692,0.9436579221657515,0.9712087794224473,1.0
10980105001089,0.2183325727712961,0.1818239715135168,0.18144933524493234,0.2159862456837513,0.2321763713734096,0.3110530893362265,0.48280903582682044,0.5124491652564832,0.32957289499952785,0.22157893703841666,0.39941364928892276,0.45510837008090393,0.6797294941214155,0.677789845152506,0.6467840392430454,0.0,0.6353583693597495,0.6061612003293446,0.29536942531211235,0.6403816860014494,0.6220938479315263,0.87057413113038,0.5164560072322225,0.21629316185003128,0.9325122059732233,0.3255464342256707,0.3650608560781121,0.8559127617832597,1.0,0.12285586709321054,0.3125772540257561
11010100001092,1.0,0.9092340377100809,0.8432224287719582,0.793713722068366,0.793713722068366,0.8102166243028966,0.7689593687165699,0.7442050153647738,0.7111992108957125,0.6534390530748548,0.6039303463712627,0.5296672863158745,0.471907128495017,0.4471527751432209,0.40589551955689407,0.381141166205098,0.3563868128533019,0.30687810614970984,0.26562085056338297,0.24086649721158693,0.2078606927425255,0.19960924162526014,0.19135779050799476,0.19135779050799476,0.17485488827346404,0.1666034371561987,0.17485488827346404,0.19960924162526014,0.19135779050799476,0.1831063393907294,0.0
11020100001093,1.0,0.945506362810702,0.9000949984862872,0.8592247705943139,0.850142497729431,0.8592247705943139,0.8365190884321064,0.804731133405016,0.7774843148103671,0.7320729504859522,0.6866615861615374,0.627626812539798,0.5731331753505002,0.5368040838909682,0.4959338559989949,0.46868703740434603,0.44144021880969714,0.38694658162039924,0.33245294443110146,0.2961238529715695,0.2507124886471547,0.23708907934983026,0.21892453362006428,0.20984226075518128,0.1780543057280909,0.150807487133442,0.14172521426855897,0.16443089643076642,0.15534862356588347,0.1371840778361175,0.0
11030100001094,1.0,0.9736281438370402,0.9359540636042408,0.9133496154645611,0.8982799833714413,0.8982799833714413,0.8945125753481613,0.8606059031386419,0.8342340469756822,0.792792558719603,0.7551184784868035,0.702374766160884,0.6533984618582449,0.6119569736021654,0.5667480773228062,0.5366088131365665,0.502702140927047,0.4461910205778478,0.3896799002286486,0.34823841197256916,0.29549469964665,0.26912284348369037,0.24275098732073078,0.22014653918105107,0.1862398669715316,0.14479837871545215,0.11465911452921254,0.14103097069217213,0.11465911452921254,0.09205466638953294,0.0
11040100001095,1.0,0.9410283121182718,0.8882641703293569,0.8417075746332556,0.8355000285404423,0.8448113476796625,0.8168773902620017,0.788943432844341,0.7579057023802734,0.7113491066841722,0.6647925109880709,0.6027170500599359,0.5468491352246144,0.5158114047605469,0.4754623551572591,0.4475283977395984,0.41959444032193755,0.36683029853302285,0.31096238369770135,0.27992465323363386,0.23647183058393934,0.22095296535190556,0.20543410011987182,0.19612278098065156,0.17129259660939758,0.1495661852845503,0.1526699583309571,0.18060391574861778,0.17439636965580432,0.15887750442377058,0.0
11050100001096,1.0,0.9781779873582823,0.9481727199759208,0.9236229557539885,0.9072564462727004,0.9045286946924856,0.8990731915320562,0.86634017256948,0.839062656767333,0.8008741346443271,0.7654133641015362,0.7163138356576717,0.6672143072138071,0.6290257850908014,0.5853817598073663,0.5526487408447901,0.5171879703019989,0.462632938697705,0.3998946523527671,0.3589783786495467,0.30169559546503805,0.2798735828233205,0.2525960670211735,0.23077405437945592,0.19258553225645023,0.14075825223237107,0.10256973010936528,0.12439174275108286,0.10802523326979466,0.08074771746764771,0.0
11060100001097,0.9962483829236742,1.0,0.9737386804657184,0.9737386804657184,0.9549805950840884,0.9512289780077621,0.9699870633893921,0.9399741267787842,0.9137128072445021,0.8836998706338942,0.8611901681759384,0.8086675291073742,0.7598965071151362,0.7111254851228981,0.6586028460543341,0.617335058214748,0.579818887451488,0.5197930142302719,0.4635187580853819,0.41474773609314397,0.34721862871927606,0.30595084087969,0.2646830530401039,0.22716688227684387,0.18214747736093176,0.1296248382923678,0.08835705045278171,0.12212160413971594,0.06584734799482592,0.035834411384217744,0.0
11080100001099,1.0,0.9168400337362945,0.853247118358167,0.8141130165870113,0.7994377284228282,0.8190047793084059,0.784762440258645,0.7603036266516728,0.7358448130447007,0.696710711273545,0.6575766095023897,0.6037672195670509,0.5597413550745011,0.5303907787461344,0.49614843969637323,0.47168962608940107,0.4423390497610347,0.3934214225470904,0.3396120326117516,0.31515321900477944,0.2613438290694406,0.23688501546246843,0.21731796457689076,0.20753443913410177,0.17818386280573528,0.14394152375597427,0.13904976103457978,0.13904976103457978,0.11459094742760761,0.09991565926342429,0.0
11150100001122,0.3333333333333335,0.6666666666666667,0.6666666666666667,1.0,1.0,1.0,1.0,1.0,1.0,0.6666666666666667,0.6666666666666667,0.6666666666666667,0.6666666666666667,0.6666666666666667,0.6666666666666667,0.6666666666666667,0.3333333333333335,0.3333333333333335,0.3333333333333335,0.3333333333333335,0.3333333333333335,0.3333333333333335,0.3333333333333335,0.3333333333333335,0.3333333333333335,0.3333333333333335,0.3333333333333335,0.3333333333333335,0.0,0.0,0.13180076628353282
11160100001123,0.2245989304812804,1.0,1.0,1.0,1.0,1.0,1.0,1.0,1.0,1.0,0.2245989304812804,0.2245989304812804,0.2245989304812804,0.2245989304812804,0.2245989304812804,0.2245989304812804,0.2245989304812804,0.2245989304812804,0.2245989304812804,0.2245989304812804,0.2245989304812804,0.2245989304812804,0.2245989304812804,0.2245989304812804,0.2245989304812804,0.2245989304812804,0.2245989304812804,0.2245989304812804,0.2245989304812804,0.2245989304812804,0.0
11170100001124,0.0,0.0,0.41826923076923245,0.41826923076923245,0.41826923076923245,0.8365384615384649,0.8365384615384649,0.8365384615384649,0.8365384615384649,0.8365384615384649,0.8365384615384649,0.8365384615384649,0.8365384615384649,0.8365384615384649,0.8365384615384649,0.8365384615384649,0.8365384615384649,0.8365384615384649,0.8365384615384649,0.8365384615384649,0.8365384615384649,0.8365384615384649,0.8365384615384649,0.8365384615384649,0.8365384615384649,0.8365384615384649,0.8365384615384649,0.8365384615384649,0.8365384615384649,0.8365384615384649,1.0
11460100001146,0.02577165843080666,0.0,0.1064718638017466,0.06446067959714943,0.07813532100412293,0.10970772457438213,0.14497927085966494,0.19319520861201933,0.3356029564690394,0.3601597445452943,0.4068805666739539,0.45286497441517487,0.517991888535411,0.5489179734900335,0.6403111244094607,0.767615501593985,0.8405717382841155,0.8307944502901322,0.7895339061211508,0.81143334311742,0.8111806007680894,0.789530586803244,0.7699219533522039,0.8159822312170435,0.8045955482256562,0.8005312805406886,0.8167233874872148,0.8227024274171849,0.8606815887393546,1.0,0.7546146817224607
11470100001147,0.06934910565955048,0.0,0.18356294053930483,0.08702308989781261,0.080558140864577,0.08669273505223761,0.10043104954369471,0.15461162658466987,0.3309075546435454,0.3657734909295385,0.32502469720119065,0.37035478204521965,0.45208663555824896,0.47522973955968095,0.5863997039512377,0.7537657275906657,0.8222341517027534,0.7925927455346516,0.7268100427873017,0.6754867175116677,0.648023588606573,0.6427267933662181,0.6069817637772268,0.6544011841950579,0.6374847925593987,0.6662121640465918,0.6310039610816569,0.6494808028893333,0.7338499363114012,1.0,0.5806637591205
11480100001148,0.042367794025496536,0.0,0.13622861525467628,0.0733005246247522,0.07940691061547987,0.10128429428921733,0.12832848211240624,0.17901990802491263,0.3346589819663606,0.3634353931460108,0.37608659683218437,0.42174262864296547,0.4932141643306506,0.5211662761199859,0.6201813578122383,0.7628974481960697,0.8339419012286223,0.8164828817506666,0.7658756777323883,0.7592430542323294,0.748224321730023,0.7328726415629694,0.707100144610782,0.7536288586021924,0.7402369801015355,0.7488813719686838,0.745027473659753,0.7555940361341803,0.8116350456261662,1.0,0.6877637534054613
11500102001150,0.0,0.06465206994292377,0.11832425189684043,0.16897457594351267,0.24020610201149853,0.28744345169934893,0.31555290184612916,0.3232956691660446,0.31806207003215187,0.30419007664692743,0.32360685212229007,0.44999769494106484,0.4646601004708269,0.4805107267032898,0.5258148011552063,0.5491929319457374,0.5559121787417055,0.5704727155378818,0.598936847333716,0.6461816326955508,0.6796481141643641,0.6726377607319083,0.699189808962664,0.7998063750494472,0.8359634551495017,0.7729160036524031,0.8251363702608732,0.8777809420701511,0.9023777798267191,0.9781301956771966,1.0
11520102001152,0.0,0.03167306016431948,0.056138252089303696,0.08390547604486372,0.11267038930186113,0.1288505757678906,0.1503468872658758,0.17470685483700113,0.20233566286399504,0.20810040380728548,0.2707613299793365,0.33435850572943077,0.35783289383922,0.37739279474471443,0.41488567974226387,0.4368329023136646,0.47101898840554735,0.5146821518309744,0.5602499466816193,0.5831625497343967,0.6829782658744002,0.7116979820934985,0.7505903863075574,0.8144907000032485,0.810251535639983,0.821615059653028,0.8695539334840843,0.9029808505800051,0.9473973568207273,0.9625722622953599,1.0
11530100001153,0.0,0.046612184570826685,0.07921193706412664,0.1109899322058626,0.12581702878481457,0.1640920746519158,0.18272364094236238,0.21945008119624893,0.25431042635460305,0.285628061746975,0.36512742811903365,0.3914267031621993,0.43542567908974134,0.439999891918473,0.4241254178026538,0.44599503905796534,0.470378906809407,0.50464683010395,0.5337011707931323,0.5622634027847254,0.5666727912864691,0.6099851117698102,0.6617521096162844,0.6955728455974362,0.7665216122521249,0.8377844908414421,0.885128927750201,0.9219394689414214,0.9444852752431148,0.9706173616759097,1.0
11550105001155,0.0,0.001111447782212318,0.02736707847188325,0.04540666660541101,0.051809625784152005,0.06623402542110567,0.08673833000922504,0.11554026877024803,0.09749056818230457,0.09943348062055492,0.13265570876687532,0.19815389386830448,0.30672381090389844,0.4243707512657441,0.5919917224382728,0.5957130096780318,0.4096658182096851,0.46063555208278645,0.5433079072131233,0.5165007367039326,0.542030550220307,0.5555364404799896,0.5097096546269887,0.5207046616501786,0.5935554322767299,0.6896218795199116,0.6875859005803759,0.5788093889433373,0.7349598051727451,0.8228864713610876,1.0
11600101001160,0.9147894221351616,1.0,0.8295788442703235,0.7869735553379041,0.744368266405485,0.7017629774730657,0.6591576885406466,0.6165523996082274,0.5739471106758082,0.5313418217433892,0.5313418217433892,0.5313418217433892,0.48873653281096996,0.48873653281096996,0.44613124387855074,0.48873653281096996,0.4035259549461315,0.4035259549461315,0.3609206660137123,0.3183153770812933,0.2757100881488741,0.2757100881488741,0.23310479921645488,0.19049951028403567,0.19049951028403567,0.14789422135161645,0.10528893241919743,0.10528893241919743,0.06268364348677821,0.06268364348677821,0.0
11610101001161,0.792846182337689,1.0,0.7468120006349535,0.7237949097835855,0.6777607280808496,0.6317265463781141,0.608709455526746,0.5626752738240103,0.5166410921212747,0.49362400126990674,0.4706069104185389,0.4475898195671709,0.4015556378644354,0.3785385470130674,0.35552145616169956,0.33250436531033156,0.3094872744589638,0.3094872744589638,0.28647018360759596,0.26345309275622797,0.26345309275622797,0.2404360019048602,0.2174189110534922,0.2174189110534922,0.1944018202021244,0.1713847293507566,0.12535054764802084,0.10233345679665283,0.07931636594528504,0.07931636594528504,0.0
11620101001162,1.0,1.0,0.9003512522907766,0.8505268784361653,0.8173106291997576,0.7840943799633499,0.7342700061087383,0.7010537568723306,0.6678375076359229,0.6346212583995151,0.6014050091631076,0.6014050091631076,0.5515806353084959,0.5183643860720883,0.4851481368356806,0.4851481368356806,0.41871563836286513,0.3854993891264574,0.35228313989004983,0.3190668906536421,0.2858506414172344,0.2526343921808266,0.23602626756262285,0.20281001832621512,0.18620189370801124,0.1695937690898074,0.13637751985339974,0.11976939523519586,0.11976939523519586,0.103161270616992,0.0
11630101001163,0.7075068440516754,1.0,0.6866144757696523,0.6866144757696523,0.6866144757696523,0.6866144757696523,0.6866144757696523,0.6657221074876287,0.6448297392056057,0.6239373709235826,0.5821526343595363,0.5612602660775129,0.49858316123144353,0.4567984246673971,0.4150136881033507,0.39412131982132764,0.33144421497525794,0.3105518466932348,0.2687671101291884,0.2478747418471653,0.226982373565142,0.2060900052831189,0.1851976370010958,0.1643052687190725,0.14341290043704938,0.14341290043704938,0.12252053215502609,0.12252053215502609,0.10162816387300298,0.12252053215502609,0.0
11860105001186,1.0,0.9388357705286844,0.8929625984251973,0.8470894263217104,0.8470894263217104,0.8470894263217104,0.8317983689538814,0.8012162542182236,0.7706341394825655,0.7247609673790788,0.6788877952755917,0.6177235658042758,0.5565593363329601,0.5259772215973021,0.48010404949381524,0.44952193475815727,0.41893982002249947,0.3577755905511835,0.31190241844769667,0.2813203037120387,0.2507381889763807,0.23544713160855182,0.22015607424072275,0.20486501687289385,0.18957395950506495,0.15899184476940698,0.14370078740157793,0.1742829021372359,0.15899184476940698,0.14370078740157793,0.0
12040100001204,0.0,0.08548569348862893,0.13624344067149874,0.1745482480705367,0.2116507314749187,0.2696661581334091,0.34093245496400437,0.39180596938522266,0.40047760958333534,0.42285100780336843,0.457216165506141,0.4524535988578473,0.5033855507900088,0.44137037805446794,0.4362628243154562,0.3539262176668933,0.3602011517317913,0.2688703227463417,0.2504941704972118,0.2221381429355232,0.20735492794286634,0.22210009264779423,0.25646560745834923,0.29136382434417796,0.345162492795894,0.40046264013916893,0.49000834807761795,0.32194278077770355,0.6055183454248325,0.6962184386785379,1.0
12080101001208,0.25352905023675193,0.23757508219061188,0.20888502987653984,0.15120466976864166,0.10067564200524899,0.08315879838530542,0.09581317245013683,0.11903938928483257,0.12343447810671393,0.06546509919871074,0.029209545184805924,0.0323254031688088,0.0,0.05349917532542402,0.11976277089354728,0.08751122039460614,0.08757868118510817,0.09073517035132049,0.08917775026691185,0.09794211611756759,0.15133051243819012,0.265559870006273,0.33955511542512756,0.38731898360487016,0.5037075343077,0.5249423346628442,0.5306179571260417,0.5436813707576649,0.5744122646567015,0.9081025254193236,1.0
12090101001209,0.25352905023675193,0.23757508219061188,0.20888502987653984,0.15120466976864166,0.10067564200524899,0.08315879838530542,0.09581317245013683,0.11903938928483257,0.12343447810671393,0.06546509919871074,0.029209545184805924,0.0323254031688088,0.0,0.05349917532542402,0.11976277089354728,0.08751122039460614,0.08757868118510817,0.09073517035132049,0.08917775026691185,0.09794211611756759,0.15133051243819012,0.265559870006273,0.33955511542512756,0.38731898360487016,0.5037075343077,0.5249423346628442,0.5306179571260417,0.5436813707576649,0.5744122646567015,0.9081025254193236,1.0
12180104001218,1.0,0.9544768595242725,0.9114728896833456,0.8694684956955756,0.8288257361224454,0.7893969962585647,0.7515805748820796,0.7152926968216241,0.6801331429313011,0.6462147606472931,0.613230541574587,0.5806125509576057,0.5489871241163083,0.5155084753664677,0.4850430129108226,0.45482655920731113,0.4253466217078897,0.39708279443573935,0.3691338688963076,0.32698634154262285,0.2991030572129869,0.2721644864066223,0.24617445101558338,0.2209247455261075,0.19666913380791715,0.17383213473322934,0.15200734536009108,0.13090832165642252,0.11386723585194512,0.03161480809235827,0.0
12190104001219,0.4036139860629037,0.07122599754057339,0.07122599754057339,0.04985819827819408,0.07122599754057339,0.07122599754040065,0.07122599754057339,0.0712259975402279,0.07122599754040065,0.0712259975402279,0.07122599754057339,0.0,0.0,0.19959898710767612,0.19959898710750337,0.19959898710750337,0.19959898710767612,0.19959898710750337,0.19959898710750337,0.9118589625135828,0.91185896251341,0.91185896251341,0.91185896251341,0.9118589625135828,0.91185896251341,0.91185896251341,0.91185896251341,0.9118589625132373,0.9118589625135828,0.9620920036852675,1.0
12400101001240,0.0,0.0803995562163726,0.15871626689273702,0.2367950096862242,0.3119616735909643,0.38383892974199624,0.4512959697743973,0.5134903607069642,0.5615745620324426,0.5978361893202658,0.6308108042045323,0.6615049117893582,0.6891558688840638,0.717622876979591,0.7462126140017608,0.7720012922215483,0.7969942259025921,0.8196773708210385,0.8484604038141205,0.8815312057625874,0.9095193699673115,0.9335919749749142,0.9518782595189907,0.9680053901283961,0.9819905534044576,0.9916718730963368,0.9976740545070065,1.0,0.9886442210834442,0.9742987974326772,0.9625262852049224
12410100001241,1.0,0.9728549807185717,0.9458764176843547,0.9192566306378318,0.8922928720741153,0.8647464984545528,0.8368142859691267,0.8080725897601724,0.7743707965513533,0.7371395137943586,0.699679230699338,0.6617457414240733,0.6235184063164402,0.5859575364313574,0.5491710006002547,0.5113856557917572,0.47421414363736963,0.43785369818002795,0.4041242064351972,0.37072178644705656,0.33635647535104846,0.30185289681002103,0.26660286784266374,0.23165933779760176,0.19744537399139206,0.1639365901279292,0.13074619952012806,0.09749604626469728,0.06629020364865189,0.03306290826862714,0.0
12420100001242,1.0,0.9433678331328279,0.9152743442802527,0.9061741239571338,0.8709119095143212,0.8327785790068205,0.7845303239714988,0.7291952087232555,0.5903560551159583,0.4755673928600396,0.4431084831502591,0.42049662726419357,0.39092334867317174,0.39783813418571135,0.3982010702622649,0.37127347805055,0.36322970892948375,0.3411910859162551,0.39720001269468713,0.43601481672635306,0.388209301069164,0.3515431620072437,0.29802973558269197,0.27798952479877054,0.2582075993501081,0.2188165305466077,0.18524329552920316,0.1517694990272829,0.027337814492420814,0.0,0.023270999298298723
12480100001248,0.03541413560812893,0.060265320252377096,0.056082814058095724,0.0,0.04990485397151998,0.07621806511733008,0.1682647715841995,0.2435346422988199,0.43893998179818466,0.44918723083683343,0.6679327402491353,0.7731725213044068,0.8159533980413035,0.8758202806916259,0.9734200751588308,1.0,0.9598187653224926,0.9249010437759229,0.931106219545673,0.9465810570136534,0.9592189316647077,0.7668889643670731,0.689309026462376,0.8495157785645333,0.792918043780233,0.42066954935186085,0.42882119078414604,0.4964565180472872,0.47118947776362424,0.6515532534716292,0.6537642555748613
12520100001252,0.0,0.03499254747199717,0.04309742413164632,0.02406890525258085,0.08433609218245473,0.11482750124209201,0.18943020138655775,0.23700048875657945,0.37545257108850044,0.39014354363330256,0.6153519383978155,0.684234974774502,0.7243365768996762,0.780468183023848,0.8526062305019426,0.9023032148872362,0.8954511977228655,0.8852667493379145,0.8964165929492246,0.9127845525991797,1.0,0.8824304800989409,0.8434740225204816,0.9839572048509153,0.9393268623578326,0.6066983887190068,0.624246500273997,0.6666592612639458,0.6547816685314772,0.7617554035876763,0.761214809189713
12540100001254,0.27554862306352584,0.26706263830829247,0.23668244406197358,0.1224105606096401,0.1280012908777139,0.13289740595033767,0.22369375461031507,0.3269409269732304,0.5639061347429479,0.5597737890336858,0.674763339070505,0.8136172239979499,0.8443186009342036,0.8876429186130824,1.0,0.9663326776492985,0.871136587164872,0.7974950823702861,0.7905673715268868,0.7983986968280401,0.6463640275385631,0.3719479960657817,0.24311378165719827,0.38059534054587696,0.3213194615194417,0.015200086058399571,0.0,0.09437392426838236,0.05072381362184,0.3152046963362285,0.32257653061222485
12560100001256,0.0,0.012137435747730508,0.03346898454558161,0.04511363044910261,0.05431668774431988,0.06601918578633886,0.08204184936159788,0.0957018049581804,0.1170274543603273,0.12228952502347953,0.19039700173679977,0.22832488276615953,0.29413159515568593,0.33983392820492847,0.39995447950155166,0.4388273105102175,0.5007618308336843,0.5623759759099156,0.6384593404608877,0.6868585537098647,0.7281250169488688,0.7665957375343619,0.7772614643575247,0.7733164813606199,0.8147454634360696,0.9370787581695947,0.937217489120135,0.9642022765768037,0.9649345628562119,1.0,0.9789009064231246
12570100001257,0.0,0.02869485420084802,0.054247847566738935,0.09138532143305349,0.12442205275999008,0.14276832202651485,0.15609973533378205,0.19360747685302102,0.26590292296493556,0.3389038331995121,0.3720486872064217,0.41658133217485227,0.45830925219833274,0.48863241133293817,0.5640050709375285,0.6301822925757696,0.6772025672752588,0.7485318588567526,0.800420401666869,0.8273208072642951,0.8852163811193559,0.9224154315791906,0.9213170732338042,0.9257644871461678,0.9103360756735919,0.9316189504633263,0.9451674172223118,0.9662159453962689,0.9986146074548747,1.0,0.9795517223991411
12600100001260,0.0,0.03670887073330323,0.06789600473421833,0.10456976416122733,0.1417855371000026,0.17247185116897765,0.1962890666848027,0.2299891472887509,0.2922698312182905,0.36120645766039444,0.405141484049858,0.4437582534032746,0.4869350691036143,0.5143361260645175,0.5841325648104257,0.6475809070245703,0.7000900038249217,0.7532327629404874,0.8023742154731105,0.8259308608614967,0.8911684973618827,0.9287591595237966,0.9268872016109172,0.9323103778653895,0.9180051469857446,0.9400467533307714,0.9529986783496092,0.9655342440985007,0.987170549852735,1.0,0.9866599153430454
12620100001262,0.0,0.017686045440950236,0.035402339698389976,0.07262721815141711,0.09969743573743184,0.10152872572199127,0.10085545174990146,0.14274036013974578,0.22715415329567168,0.3044446355341011,0.32295691122675885,0.3745720458320891,0.4138395754968561,0.44752458144388835,0.5292237811248884,0.5981595021996018,0.637530144182216,0.7316073878643995,0.7864110140696919,0.8174653242026247,0.8652744347656679,0.9015874731089896,0.9014950144623558,0.9046294767297186,0.8878997885246228,0.9080040270877172,0.9221989025196693,0.9540332135809964,1.0,0.9866014864915218,0.95719354904988
12650100001265,0.0,0.022238137371241647,0.04041747126576249,0.06610856976375835,0.09010301896736558,0.1081475340260617,0.138798485681533,0.15932642910691436,0.201002396709559,0.24453299049287722,0.2847308732259928,0.31693681694281034,0.3431984425897209,0.37916775120232454,0.41399600551709875,0.4511025362822387,0.4843476520891729,0.5313842623901583,0.587975005559088,0.6269049767707555,0.6562975311965523,0.7438960119623719,0.7816488538532413,0.80083111963624,0.8139268815445229,0.8273137543524158,0.8565028086486618,0.8908433233672206,0.9361668986491053,0.9694165733875145,1.0
12660101001266,0.0,0.0218504363722039,0.07687002934178924,0.09985242573547554,0.15600397872654326,0.2164369747011776,0.289665313535916,0.31451768793865986,0.3493602915229692,0.45324776313963255,0.46437024567260415,0.515501751032732,0.5670274917567099,0.6445375669048987,0.66397653830257,0.6874505555814833,0.699360335522469,0.6875491144224083,0.6944388467325181,0.7574801320336306,0.8059053758860988,0.8350394866023328,0.83681061244054,0.8713578328319136,0.8897636963789278,0.925295331860215,0.9772634140489174,0.9934546369734594,1.0,0.9747536835633391,0.9812004877489536
12670100001267,0.0,0.020145569740380554,0.03863040799324341,0.06206065355978298,0.08600275093947111,0.10519537511025336,0.1364366999510162,0.15608708063786875,0.19524843807897094,0.24115040983201266,0.27809386009284065,0.31103537313184476,0.3389693162028803,0.3783349097927183,0.4120426750875409,0.44838139625183443,0.4802044508871152,0.5223978438623742,0.5753576677487393,0.6183852547954489,0.6514000487737733,0.736922601276207,0.7725473466594138,0.7952316990461544,0.8100802127059937,0.8276803112274916,0.862795786351856,0.8979350821818755,0.9421630919815703,0.9699071734676294,1.0
12680100001268,0.0,0.024743629308334673,0.04249244881256406,0.07088793550810922,0.09488504134711102,0.11147172728418775,0.14132344277532574,0.16287945323782688,0.20754046068345175,0.24806876279379012,0.29216722500643116,0.32340985645685666,0.3475889534022923,0.3793741088144116,0.41555112129804567,0.4535987354055161,0.488604541011795,0.5415070385829017,0.6026167576615957,0.6365307666013542,0.66159282410642,0.7517476339000324,0.7921504093881323,0.8072494473810459,0.8182716446345843,0.8266708303912259,0.8488023586707302,0.8823418123667209,0.9290239184079961,0.9688839449762979,1.0
12730102001273,0.0,0.03783479317546349,0.07931557881917797,0.124890313085433,0.16968547094936848,0.2130609189484195,0.24822696414646336,0.2970890742967769,0.3416941138950257,0.4168537440314933,0.46335882237406006,0.5014566010445981,0.5280089847467269,0.5386061906030558,0.5793573888228534,0.6081548152941565,0.6217563930698575,0.6593780753373941,0.6889404361303864,0.7132890723063691,0.7554166261054341,0.7820928955366477,0.7909074280762125,0.8060466531006264,0.8139490297734127,0.8474734460720159,0.8698216079818557,0.9097285987403007,0.9547651221521296,0.9838104344728571,1.0
12750102001275,0.0,0.023319116266236846,0.04131452071107873,0.07022322358455484,0.09318758567591412,0.1188441753464933,0.1475214646450877,0.17398145855984853,0.18048753889154862,0.2400978000442761,0.28591376191011075,0.3151058973383077,0.3598144111113413,0.3783255341215063,0.4422859778859356,0.4956740274795441,0.5270845488362252,0.5612495678716821,0.5807494877166504,0.5968402559290187,0.580094506599431,0.6118977330848345,0.6440953005159367,0.6951205760693063,0.7174817579143552,0.737650726902537,0.8418736429535003,0.8962176639879255,0.9279577479380527,0.9647597039389382,1.0
12760100001276,0.0,0.03988593683118588,0.07136894984827011,0.13753567214347903,0.18858348912064526,0.32963170618485704,0.4768840125769826,0.35970948200787156,0.43544486115609937,0.49220350947576713,0.5342866365998571,0.5245256091325091,0.5352134135480368,0.46003870430993116,0.4249697057387271,0.43136561761655196,0.48260909359460363,0.5050035541978142,0.5610568435983028,0.5709746174921377,0.6722777502832167,0.6578833861393414,0.6769784988844101,0.6753162194734967,0.7633770195489161,0.805602095359926,0.8355072308880339,0.8639545150369743,0.9187626020564518,0.9540853544579289,1.0
12770102001277,0.0,0.02303936199790658,0.041051827107593,0.07239263051157922,0.09737344765362642,0.13759722608378036,0.18196848832264817,0.18602525390880545,0.20256885044594183,0.2596307827968948,0.30373977141392994,0.32605287654280607,0.36444329506302064,0.36674123449016527,0.41237991122050677,0.4566628403168477,0.491647449736142,0.5237262650464477,0.5504703377818483,0.565633995158969,0.5714130440708274,0.5951166508569933,0.6257495965807492,0.6680045262004448,0.7049911547603471,0.7308965311396048,0.8259879682934276,0.878763997012517,0.918564849644555,0.9585548050503729,1.0
12800105001280,0.0,0.1128605116588753,0.062481791853887525,0.15172950964514192,0.1472921759903063,0.1439924025775896,0.16597128657627674,0.16783608164971425,0.18662494515032438,0.2248638407389835,0.2763471339002367,0.3052241282660602,0.37336297116496675,0.4092807440867233,0.4686321760826127,0.5426439799626263,0.4959800441216652,0.5225219355016536,0.5964494912584608,0.6144044026872976,0.6745027652158279,0.6975052518016227,0.6458169831283475,0.6448320113310595,0.696754307717265,0.7439305418390396,0.7804073209400666,0.8023586647036549,0.9089908076667745,0.9634183988111413,1.0
12840100001284,1.0,0.987389299209087,0.9722323856884402,0.9442775983131187,0.9228203296730823,0.9174607203745389,0.8885152363177786,0.860216307165069,0.8163212871796182,0.786062635492093,0.7623039692493785,0.7089636644517942,0.6481214348389523,0.579525293216385,0.5289726930305138,0.46161331564771374,0.44415264912357855,0.40679702790808697,0.34227981489184034,0.26154886207788763,0.2178584518275248,0.15211457464746747,0.09870862372729763,0.0525645638003404,0.029331246304826374,0.004910452157488749,0.0,0.05215633191639652,0.06316625705315532,0.07375498061348644,0.10772567690577325
12850100001285,1.0,0.993796729361986,0.9768753503012886,0.9533045018444045,0.9319020930442861,0.9337258748705282,0.9154651514929686,0.884885955457803,0.8543086836605398,0.8265162988034501,0.8102378907625207,0.7479064684893942,0.672138400496583,0.6110121182610192,0.5329407897821945,0.47637306474301444,0.4731652944272993,0.4243150621936913,0.3523957831741602,0.26773346643335205,0.21527845321137887,0.16293111535036928,0.10205045442001236,0.046530750734173704,0.03153303865951854,0.00887910962870362,0.0011662600999458555,0.07086213279729757,0.040820313906109885,0.049322550238802366,0.0
12860100001286,1.0,0.9910821350134357,0.974814857110831,0.9493737504075286,0.9278989701684013,0.9266552058756594,0.903859336969865,0.874093999843877,0.8379793475976278,0.8091133125124813,0.7897120927767913,0.7311673440963548,0.6613859208997376,0.5973357617331418,0.5305346256064715,0.4696640245923851,0.4605639978056146,0.416671512710586,0.34788803867380746,0.2649081255875183,0.21609022625645313,0.15825761010659187,0.10037751505899373,0.04862551875102026,0.03017551247260367,0.0066926956568706605,0.0,0.06287100129178196,0.04908442521404036,0.05836832980232192,0.042849110402979985
12870105001287,0.0,0.012547311454513998,0.03596887264014212,0.0493452640333721,0.0637132717633921,0.06731212534477786,0.0804167148649414,0.09685349136775592,0.09684563089311334,0.11379482892068912,0.1418035779108828,0.20502883552810433,0.2425167358975791,0.2925374216935402,0.3789822401346797,0.44632309447214663,0.38476817039197925,0.4357253114281259,0.5109062535990557,0.531515593766112,0.5786573777724042,0.6245937155356105,0.5886970401240281,0.6007290641919859,0.6678394016179499,0.7457364888736443,0.7721787099729964,0.6201768157063013,0.772900211535534,0.9115608526238201,1.0
12880105001288,0.0,0.010778536410371397,0.03872366732010518,0.05020372274230637,0.05676383706181012,0.0578257284680669,0.07232039167914604,0.09047717204551584,0.09277368035822554,0.10728387311993688,0.14463857727119903,0.20888591596438227,0.2486507618099812,0.29814013698473596,0.3820414063973565,0.45526677822743206,0.38995361089955555,0.4461018173693341,0.5167050674858893,0.5412910888243515,0.5881922467165276,0.6500405045954765,0.6126864711387605,0.6189951715300198,0.6890065647845661,0.7624103651812139,0.7954819549513389,0.6328885809641394,0.7556588762311232,0.8973975420487436,1.0
12950105001295,0.0,0.18020294944259846,0.2306949139572342,0.22818663267197445,0.28479381659120906,0.28794844293311833,0.2989043009212321,0.3316868318701707,0.33746694186068044,0.3290561247900886,0.32749155288474524,0.3335306274917663,0.3552228165309226,0.3683821218631934,0.41853517985064476,0.4283167421445054,0.39823561387138773,0.42195368170683784,0.44337675263399906,0.46058998693261416,0.4604448079315896,0.4616035758081142,1.0,0.48307536210736013,0.5135917945458942,0.5324476678878793,0.5509513465000352,0.5340378121530317,0.5964980300939128,0.6306880070719012,0.5485387170606013
12960102001296,0.7631326924496475,0.8537555202740703,0.9175753896518172,0.9572858978534329,0.9912575479411366,1.0,0.9863990446484361,0.998903093002569,0.955388565214055,0.8985832648968843,0.8647625719776282,0.8822266404073649,0.8698215638025932,0.8368205094233716,0.8250072923644014,0.8069791680553807,0.7860890068799875,0.7609428098836022,0.7867697470999362,0.7772313800811578,0.6781483120470896,0.6643682103667925,0.55310202147826,0.5605674137717497,0.4340027301417389,0.3994657661956547,0.3404106657570291,0.11802040084504052,0.03600099518939997,0.0,0.28295026554668273
13240100001324,0.0,0.024505440522814635,0.02858656357281115,0.0816850904537038,0.21605677223035155,0.3230626460108752,0.5569466133408623,0.8734088704580263,0.5609013058563096,0.3955815170346808,0.34861003848472566,0.40722552115188304,0.5291216769234215,0.6707556070336759,1.0,0.8362807111573395,0.6596149596366204,0.6231180544697548,0.5675251844890524,0.3948428659572471,0.4372785983273271,0.5325933892220828,0.9684612058413729,0.7082116995535523,0.6494018361729511,0.6636190839048386,0.5211597377630499,0.8739307544392424,0.8663137637997657,0.6757534289578804,0.8609636238965527
13250105001325,0.0,0.012749174999865592,0.02338769105081569,0.0437709587935834,0.08920644464765423,0.12673050303247704,0.2063538691607732,0.3447028327574865,0.23225025061080648,0.17793542426448655,0.18648839631645342,0.24881357331613038,0.3297321433679092,0.4445295533398709,0.7141667849995752,0.6744089329856141,0.52209396298311,0.5531088637221172,0.5777430884141889,0.44905423767998187,0.49683226486063375,0.5958156330408806,0.8266444409998261,0.6197674279297183,0.6201007391454763,0.678262331649918,0.5976182644194042,0.842204509548019,1.0,0.8541560032934359,0.9012745099513414
13330104001333,0.008810743404495756,0.0,3.823554204178687e-05,0.00014019698748655188,0.08775056898590088,0.0530072064505972,0.0530072064505972,0.049160710921193444,0.04965802787137307,0.05019969805029839,0.05078024103029952,0.09427184460405194,0.0967652391048671,0.09715389956616372,0.09725805318268402,0.35150618470125755,0.34855417271687195,0.3489032351763427,0.34931075085793784,0.37423857945392525,0.8292427762298787,0.8267916192577829,0.8363686539055689,0.8379001900127271,0.8421555560364242,0.8418745604889193,0.9712706560783673,0.979422760408234,0.9719524200088153,0.8818173653655395,1.0
13360100001336,0.0,0.02162425526757497,0.05173998198043647,0.09219707292711435,0.13318868684948554,0.1668596564709174,0.1972193415158158,0.2414380329750198,0.27844043911738214,0.3208140660511667,0.361886464459589,0.3912077503379337,0.4498969143156254,0.5007143900947794,0.5469625267860286,0.5676383438307206,0.6202809199222142,0.6525700452883694,0.6898937089239163,0.725988599760587,0.7547110076643953,0.7802372589157983,0.8009885709927251,0.8228674469122306,0.8482508980116646,0.8724700968639921,0.8944563415089136,0.8070926222990596,0.5734257692366468,0.9123969529793772,1.0
13370100001337,0.0,0.01907173978583887,0.053417315195895126,0.10516668022346003,0.15939938894539774,0.1936110555581523,0.22042507417585622,0.26211650664286174,0.29793986440507036,0.3332169907349575,0.3698435332656137,0.40226840347034654,0.4433395196132114,0.491384654790703,0.5366279442322336,0.5610750163134874,0.609312118976731,0.6469100153968146,0.6812498607849865,0.7179157344037448,0.7515055993307903,0.7800052370713803,0.8074181601558272,0.8319384277167956,0.8547552387961659,0.8926182750365698,0.922913512665296,0.7759953945107685,0.5806825688212405,0.9265293204466276,1.0
13720100001372,0.0,0.054929753723402135,0.14006736646573018,0.21700844945555295,0.2842056697595729,0.37603168093504746,0.4539720281407247,0.5054659865689215,0.5523009839605091,0.5820859178756289,0.5664851832976933,0.5951981038480916,0.6443580584948355,0.6769266839354766,0.7162183861600188,0.7470922956766586,0.7842011464964295,0.788009357123684,0.7914609838398826,0.7855211854568006,0.7999873348632018,0.8146223527602408,0.8251163232504719,0.8341240248598553,0.8681193628833007,0.893649413935866,0.911651247365191,0.9338563230695482,0.9568458079904896,0.9871456400266515,1.0
13950104001395,0.0,0.08321427743621325,0.11503059201321121,0.15591089364693572,0.1546128583874145,0.1036523016710762,0.18844477206614296,0.2235690500576612,0.22113665212021544,0.2525262047925959,0.2530213269603741,0.33436983787081426,0.3609066110999456,0.37500217083344145,0.40848470523331226,0.43705294394734256,0.4647298523870959,0.4843851758217775,0.5584307360441311,0.5913132868770229,0.6645529361625033,0.7133060254259338,0.7637485498065129,0.7821678107624626,0.8520051048514559,0.9111363349832728,0.9112015027025434,0.9167583978665713,0.9631584590534751,0.9321354224663387,1.0
13960100001396,0.0,0.01410868071388387,0.05330318059927096,0.08112448582861369,0.10071826244605439,0.10272064091116935,0.11222439602322849,0.15429436706965738,0.16997721822631698,0.18780196540001073,0.2592430452907261,0.3305392740696335,0.39128071771617295,0.44558517447788243,0.5044918884756775,0.5187126852629507,0.5006840401363973,0.6022804624843417,0.6663799820427678,0.6995660644360355,0.7367097364118435,0.7517376940227526,0.743339377929477,0.7508836853275801,0.7875863686388687,0.8427237432648023,0.8501141007170763,0.7763519915971419,0.8861578732920286,0.9152292966860137,1.0
13970104001397,0.0,0.017358968807687735,0.05819133579516647,0.08975337262967659,0.10998797964694106,0.11424740318030126,0.12538742599529207,0.1692685479942388,0.1833398692482168,0.20508012676165707,0.2797841140607706,0.3577478396437402,0.4227145537814378,0.48085041118349825,0.5440530040295577,0.557828662693461,0.5369036262541292,0.6462878293918534,0.7136881589276614,0.7440217508895216,0.7835057955787618,0.8004431933609868,0.7944353128516842,0.8067902773309552,0.8473819373040066,0.9041847306461753,0.9166409594949994,0.8201064039054691,0.9309865828157967,0.9507912948976142,1.0
13980104001398,0.12351424560173029,0.08761729125536936,0.14704074002583553,0.1676894226380015,0.1409431798570879,0.05506209393612788,0.0,0.06889505927844716,0.037884585734654544,0.015078284088909244,0.20072111037388482,0.3770052644389569,0.5154393370498077,0.6234576170084463,0.7433604012261749,0.700970419599654,0.5536010854245659,0.8215665725458531,0.951636327149208,0.9666620895968207,1.0,0.9579608067780542,0.8405664149878923,0.7858847810418842,0.8183209779799177,0.9089029740194914,0.8722842691260276,0.5681357352754115,0.8284928700192129,0.8060213190545632,0.8725876228762784
13990100001399,0.0,0.008857092872008542,0.09628331457975725,0.07568244300768817,0.04799388086092841,0.10776306304132521,0.1229737591261103,0.2125834192575783,0.155476324354878,0.2155326778861099,0.29603709091977165,0.40821461085317623,0.4060645556169298,0.4972993791196975,0.5058134086536425,0.4836805725085788,0.43966777634988347,0.5320276325397233,0.6918198444413272,0.7314970471742537,0.7214246080462912,0.7565766043119843,0.766297420940779,0.7068604707144384,0.7618825860531523,0.8444415060248098,0.8574231534776389,0.7509260941786848,0.877748731521605,0.8821884651147681,1.0
14000100001400,0.13339034787608917,0.09592987726843434,0.11732849485643175,0.18422014368238676,0.14755843994733756,0.0,0.060420191081428334,0.3025945171779997,0.2299688087787088,0.18407015838636073,0.2403353007551468,0.37149997432625537,0.5536748527994387,0.6285561280373062,0.6524036794830049,1.0,0.4341146509380023,0.665167449256936,0.9505339566238916,0.7613514585278487,0.657527310671337,0.5353552331053878,0.17461329307192283,0.12785465192317408,0.23486831802533495,0.3692923946775274,0.27886087687236016,0.10680882401349262,0.5005230211293977,0.5398215017079687,0.5512146079062146
14030105001403,0.030091398738109443,0.03972831085452136,0.0,0.03353679759192018,0.08598546512786782,0.10903628943708361,0.13490970398231153,0.11159351996442965,0.20658984102214037,0.31896523311956665,0.4180937680798204,0.4708767876843812,0.5036868067799757,0.5679648801950539,0.6839188341820349,0.700992811583245,1.0,0.8625811175386625,0.7953057972415327,0.787435586022361,0.8370672041820337,0.7822185435527268,0.787291561622192,0.7740921149804786,0.6978414178655116,0.5832897242240832,0.6117067249442654,0.8100823587330799,0.5812550270335065,0.4319541149956842,0.4493057402161687
14060100001406,0.0,0.04170446428921438,0.12244279546260667,0.12842828648797783,0.21019630077919382,0.23164757157059224,0.2522129744435668,0.44797547275826455,0.3978425352006887,0.40009879106103297,0.47466521121873206,0.6337511845126973,0.7244831311595322,0.8205029226755883,0.8376655573118645,0.9098862649157631,0.5316259236918994,0.7252898804381388,0.8639859817707689,0.8557871602438765,0.8242890912391503,0.7972622817044194,0.691884751240255,0.6119657987491682,0.6884546060085525,0.7559123418588833,0.7010807590015136,0.5280458017281018,0.7433036288414886,1.0,0.8074390903839465
14070100001407,0.07184216376997854,0.06239100275487253,0.09947244577262768,0.0,0.06621591877550703,0.11006409817676138,0.16720369438632512,0.21971709812958146,0.23957220795514422,0.30322703809643814,0.3018680903497567,0.41587187454096336,0.5007569922143001,0.5648765610889113,0.6624387878007137,0.7179276242135338,0.6122857810137526,0.6175169855921082,0.6367608291187573,0.6573295911456583,0.7236997311733221,0.8059623280869106,0.8322279672211558,0.8256864446193147,0.8706409565179456,0.9202891195657585,0.9560177415724215,0.6423410112374577,0.7004334548072304,0.906231950901211,1.0
14250100001425,0.8994442241461074,1.0,0.9646653301317322,0.7841600443304937,0.48329891538624536,0.45150980361228366,0.43680657598685024,0.45772121535117893,0.47148672210112236,0.4904538734319601,0.6501103444637449,0.6980848162581301,0.8304266195557658,0.8304943441215997,0.8243634280978992,0.8938673998547402,0.37948566517208404,0.6260390268284338,0.5525630984774483,0.5208778750873242,0.34233637649067467,0.2476395904978374,0.16006594949521302,0.016092024881106892,0.03191733007474702,0.027172448194546065,0.0,0.1914880430923365,0.7229949533562086,0.8229680557954917,0.1317653185909432
14260100001426,1.0,0.974183768492022,0.9012257181622271,0.8188148096383155,0.7030953444219901,0.5681090895021357,0.4670658855041388,0.5344020021218643,0.49704728319341607,0.43079522204529364,0.4831062410150664,0.5526387200939868,0.578581900428797,0.5519616297593712,0.557455204255961,0.5448844937721816,0.2681257226505191,0.3928021911612041,0.40770409011172654,0.38000055878790157,0.25693517791543796,0.16024467810765744,0.08116885021407699,0.0,0.018505447112028738,0.049117417389614816,0.014699276163805093,0.06323107249213678,0.3275032187175332,0.45644407886061666,0.12371384469533038
14270100001427,0.940812756653634,0.9798753384389111,1.0,0.9427013843519846,0.7998418497065422,0.7641970064982218,0.6691329059777865,0.6910328433905103,0.6802912194234084,0.6273714339035109,0.6920257706342334,0.7557424721491853,0.7686435594057262,0.7354444965769472,0.7385387342367151,0.8521088035999225,0.42850141713602646,0.6156500675217831,0.5455540117536593,0.5028002030618623,0.3485922163857869,0.2859214034380862,0.1467446768756113,0.001882629059212713,0.033381658894281394,0.04874007341077373,0.0016849496977552178,0.0,0.36221288713327704,0.5757340067090575,0.022603462105940313
14280100001428,0.9296237655613048,0.9837611188746344,1.0,0.847777848417278,0.8287305769331351,0.7289660208196489,0.5882007250751519,0.6746003152249472,0.6173860298860235,0.5212176674037807,0.5464444416484899,0.6285350230724271,0.6308238073267002,0.6189649880945497,0.6491711605029449,0.6615975175489819,0.3084551944910446,0.4715077555918496,0.5051127902950399,0.49099065556263893,0.36001177289569064,0.2295762973202567,0.11746830554796532,0.00535208605278501,0.026880779886993264,0.07972295526085901,0.0,0.021417437868911104,0.3474006889191016,0.5346307457728646,0.15411278588261243
14290100001429,0.9673085075734568,0.9722864979672711,1.0,0.9750099536857688,0.7438691704846466,0.7653733619386041,0.738823372260168,0.7173216333301206,0.7022333446447105,0.6486047578206076,0.6941173861069226,0.6842368479802992,0.6883925951227511,0.6569869985115516,0.5910425420591845,0.5790410799691701,0.6066368253945342,0.5802067180895266,0.5745432191768238,0.5789420128674534,0.5938974190420466,0.566954258652339,0.5713562800848757,0.5825721714798113,0.5611805010060144,0.5540747185332668,0.533630255762504,0.057644709820867446,0.0,0.20380258720276342,0.3562621653269289
14300100001430,1.0,0.9796727947820454,0.9170226849879978,0.977462216194662,0.9996790052738841,0.9973515377789659,0.9823998753542742,0.9624427273290036,0.9313769792986093,0.9036171396236568,0.8462447414036813,0.8089967157547789,0.7792339533802501,0.7080495361044464,0.6685984766015983,0.6212150002752298,0.6913901267664126,0.6600652203549415,0.6427920214963795,0.6759196968112688,0.6945632351640048,0.774413400910834,0.7967331323914051,0.8077863774489406,0.8084860314494022,0.79256183861557,0.7727646461911872,0.05847796950670994,0.0,0.28660066106982557,0.5718571167301328
14310100001431,0.9894412912371335,0.9911252193159448,1.0,0.9401744904982207,0.8668105740247769,0.8529940516037122,0.8344248110558855,0.7921988337791425,0.7593804372048327,0.7293522059817548,0.7336402453270826,0.7018919009970851,0.6653217641833487,0.6256748904730768,0.589971013681729,0.563327086604809,0.5817676747274998,0.5728994914610414,0.5676488706788337,0.5756054114434477,0.5928956960047407,0.5710887971249224,0.5656154496213928,0.5716560835460957,0.5682875633492268,0.5560520804857507,0.5434754312517516,0.01665325863578992,0.0,0.21410251918667256,0.3644026019846654
14320100001432,0.9807996466100009,1.0,0.96609422450768,0.9675958417977548,0.9288490473645332,0.9341919654206687,0.9252225259539537,0.8719995183329147,0.8276072722372743,0.8219959200396185,0.8058445288454605,0.7572656945049318,0.6991353335178465,0.6337043573538178,0.6127696606275939,0.5661580099046207,0.5995170942091551,0.5802283020936602,0.5714443490575147,0.5967907708149681,0.6118596628022032,0.6689653257884735,0.660446540212568,0.662594717658193,0.6613739449964804,0.6533220428763137,0.6091935170434332,0.015422716762277298,0.0,0.24774012414589644,0.45134131238186376
14450100001445,0.2644604957886347,0.4796199647996699,0.6056677617375691,0.6660286147461263,0.7287392772603647,0.8236406200650871,0.8912814667396107,0.775936464124594,0.8022624528073308,0.9289416918697889,1.0,0.9529458989873937,0.8842145376440971,0.7027396300593617,0.5512611914700737,0.541954470269844,0.8821208531746249,0.8131187598600581,0.7406221599711431,0.7140857420146868,0.6723995874151566,0.57101078146762,0.6213300295808831,0.6013712243904122,0.5536181453368858,0.441681321437259,0.35800289174328226,0.9588879074738327,0.6935897997577362,0.2388141412771249,0.0
14470100001447,0.43511764487246474,0.5348058536772744,0.5826936203789945,0.6060115317631162,0.5985234148931398,0.6803320912848685,0.7490465550081208,0.6630060270234545,0.7198865098470698,0.854015941411357,0.8756397998091585,0.7592039967500244,0.6970978006148084,0.5706672860407165,0.4746901137209846,0.5292816076853748,0.8719202772751473,0.7897891781196466,0.7129573864661735,0.7298733427888542,0.7054101270736144,0.6336662037246319,0.6427711164978739,0.6282182415474464,0.5902661381786053,0.5269723373944162,0.4197247698288202,1.0,0.6551436104335335,0.18016848766215962,0.0
14490100001449,0.3800435590427974,0.5223434213738387,0.5988962019964303,0.6358266089894025,0.6534670844866196,0.7412705003226883,0.8107882778188975,0.7129447698591165,0.7597502004362175,0.8933002097927449,0.9330413558332632,0.8397326840070533,0.7744536685107271,0.6262011028592809,0.5087747736065188,0.5411415579557483,0.8882009168624164,0.8094409193158157,0.7329450289004344,0.7345735359972612,0.7035954089396436,0.6201199666277944,0.6441117629229777,0.6273969079617858,0.585415432100785,0.5037196217263774,0.4032297321119895,1.0,0.6783190600010967,0.20336366982123505,0.0
14510100001451,0.0,0.10853491446501859,0.20740575989941243,0.2287567737033341,0.2804097198125745,0.33677272467431685,0.3817494155472205,0.3785265173492009,0.4144776517912668,0.4634237548727284,0.4843857677412084,0.5069340395740397,0.5176695071992568,0.4634323662930305,0.39139650450969415,0.43503915410980887,0.5628392054101603,0.5636341130493485,0.5751660793148649,0.6077966587191047,0.6347565310220373,0.6292107389330057,0.69198041463053,0.691151649032373,0.7289328905066783,0.7344100681939183,0.6600637231418321,1.0,0.6867300168633133,0.5074998070719833,0.35390740816090205
14530100001453,0.0,0.10950613203904355,0.18387964879063012,0.228184926449297,0.24536421233648387,0.33974065203435894,0.40356124951266487,0.37573797994284813,0.4316994565871647,0.5433785913702547,0.5643570966995599,0.4878202515277953,0.49686640712946417,0.40450549767329613,0.3380719459391252,0.392551337738805,0.6490792169210745,0.6309902978827019,0.6452253257131788,0.7489377918031291,0.7423753782870307,0.7201718809812213,0.7891703556400025,0.8057002171922045,0.803933394976774,0.7427372185634493,0.5848744089701982,1.0,0.6939452124140199,0.33342657505563494,0.2096525267213203
14550100001455,0.0,0.11647819571813334,0.2090117570201815,0.24529541636680935,0.27622681184870757,0.3536318821616507,0.4128681121213091,0.3919574768914453,0.43817978421179177,0.5256726312282899,0.5483944397309178,0.513550645608454,0.5194478931606282,0.43845181329509764,0.3622634597595643,0.40645303823130124,0.6113193945817809,0.5994110637240435,0.6160505968644099,0.6962201370479132,0.6987622561486588,0.680914059271062,0.7556613878510156,0.7719438087172267,0.7792667010712184,0.7396426069188361,0.6019353777792528,1.0,0.6907358967074896,0.3735656567810322,0.23623438890785473
14610101001461,0.0,0.026872304850568608,0.05388384697533314,0.08114522998479357,0.10875630906027697,0.13683444371682324,0.165103901059809,0.1937450598112548,0.2244923236125961,0.25676664834650875,0.2894453529123943,0.3228714856401698,0.3568116398509692,0.39111101911966195,0.42556370310606473,0.4611627658630104,0.4969090819147217,0.5323521657898955,0.5672690897422704,0.6033804469853626,0.6402556624358504,0.6773495371397825,0.7149023150380196,0.7525598554513229,0.789874462637017,0.8263999700027669,0.8626056852519014,0.8988654948876982,0.9307582619424288,0.9648710673038363,1.0
14620100001462,0.0,0.027145019281428297,0.054123582315645825,0.0807433693621665,0.1077071279258835,0.1352535015454472,0.16318571403087326,0.19192741023982643,0.22562920344864706,0.2628604862056418,0.3003207693006629,0.3382542585759271,0.37648159368356127,0.41404246356864344,0.450828999399744,0.4886143442082425,0.5257858563626306,0.5621463018199717,0.5958757935648025,0.6292782135529452,0.6636435246489517,0.6981471031899781,0.7333971321573364,0.7683406622023999,0.8025546260086086,0.8360634098720714,0.869253800479872,0.9025039537353011,0.9337097963513477,0.9669370917313718,1.0
14630100001463,1.0,0.9367742767170225,0.8866221893625634,0.8493110571482507,0.822720716066224,0.807595164970684,0.7668022148264623,0.7436250921732654,0.8733931286466705,0.9434686690562999,0.9129717357921144,0.9112523501558355,0.8894784524405518,0.8556149938089337,0.8068547745485439,0.8344004997057083,0.7856212235139536,0.706461482441689,0.6155142307596814,0.6472735513664049,0.6470669548918996,0.6098927954901622,0.5894410787525574,0.546831761906091,0.4780599045448586,0.38528267531937854,0.3248681117355506,0.28888231613616344,0.0,0.09730552883836599,0.12248411062788354
14750100001475,1.0,0.9845506342400844,0.9668548425826223,0.9384373753355134,0.9148395970931179,0.9074742492456486,0.8741139442794121,0.8477949400452299,0.8028949511858512,0.7727599385579592,0.7495342728629151,0.6957844986992189,0.6354825136694975,0.5666921173142769,0.5135727391269002,0.448653752159431,0.4317421960097335,0.3980112847108185,0.33571763443260066,0.2560296379957216,0.21332147159127526,0.1530157005462801,0.10000671473483297,0.0548426453529512,0.03214051469916204,0.005399794553097659,0.0,0.04956562640548763,0.05929698872911234,0.06549910966495114,0.0984189740169141
14760100001476,1.0,0.9884022487392796,0.9704886139822131,0.951244531968364,0.9257286928611896,0.9294563285646491,0.9075036018484163,0.8801187674087994,0.8421537720330496,0.8145542307726145,0.7970620259497553,0.7322727462355588,0.6630985894866236,0.602512375439551,0.5300742820049003,0.4742516244289641,0.4709301843399033,0.43216268025214505,0.36432128710306266,0.2822409241463225,0.23797331581993508,0.18765047850176725,0.12905899335536136,0.07687739404170445,0.05586999670132368,0.02616230838789659,0.02427553136224049,0.09462611856439802,0.0754949946756819,0.06274819227238423,0.0
14770100001477,1.0,0.9867221350401089,0.9686728360268867,0.9454488500449056,0.9203584459974787,0.9196620846049649,0.8927864122852881,0.8654769235795835,0.8240969819918438,0.795072034947824,0.7749608884742825,0.7137195409596033,0.6471752883292666,0.5822676678953561,0.5166691801546168,0.4562139706158025,0.4472855639000557,0.4099302637880599,0.343285210988883,0.2609330384450593,0.21661958761760025,0.16147371933779367,0.10429327997914024,0.05420776955823395,0.03222628018045445,0.003315513419560587,0.0,0.0628224172709824,0.055368690815228404,0.05024562097219388,0.02644715452623177
14780100001478,0.0,0.012610803529434127,0.02776756582552118,0.05572242490769529,0.07717964255693946,0.08253932348903775,0.11148484311277415,0.13978365529212777,0.1836787314595956,0.21393730511964068,0.2376960449184987,0.2910362338177412,0.3518784339287595,0.42047465134908246,0.4710272001072041,0.5383865097435887,0.5558471881335905,0.5932028639666058,0.6577200577479894,0.7384509941118729,0.7821415350941303,0.847885374944549,0.9012912969199437,0.9474353968670145,0.9706686599032169,0.9950895934235646,1.0,0.9478436260649973,0.9368336484104927,0.9262449795922489,0.8922742109646273
14790100001479,0.0,0.006203298942738263,0.023124683357270717,0.046695522422473344,0.06809786105378689,0.06627414324798492,0.08453492008385237,0.11511406996617866,0.14569143991006833,0.17348382033135487,0.18976218780503307,0.25209362539079905,0.32786168661688264,0.38898798773111587,0.46705929923337225,0.5236270160281689,0.5268348845943598,0.5756850198408173,0.647604350534816,0.7322666285085021,0.7847216343355895,0.8370688711438099,0.8979496112863957,0.9534692872958124,0.9684668875507634,0.9911208468764469,0.9988337843269603,0.9291378818155184,0.959179685521836,0.9506773776380926,1.0
14800100001480,0.0,0.008917864642470748,0.025185064031504653,0.05062619680715229,0.07210098775955583,0.07334478646602008,0.09614064506639845,0.12590595768196272,0.16202062139476242,0.19088667883961996,0.21028789690117353,0.2688326450799403,0.33861404507005416,0.4026642466292692,0.46946538101273183,0.5303359662277326,0.5394359339654761,0.5833284319934208,0.6521119879909468,0.7350918623635756,0.7839096941450748,0.841742341054679,0.8996224834449409,0.9513744750305226,0.9698244276946353,0.9933072441551187,1.0,0.9371290071724299,0.9509155522021296,0.9416316326177784,0.9571508692946387
14820104001482,0.007636397230306387,0.0,0.022227829506013264,0.05352329953550564,0.09137063049969164,0.11606870257381846,0.14887376855188197,0.1817602032870553,0.20189438893313957,0.21887752347680153,0.24861318660597612,0.31610572360750455,0.36274723746458853,0.39665689760527567,0.4484463517163889,0.45083729386587307,0.43208650215246325,0.49628660936434177,0.5465656706838526,0.5670461994153188,0.6165459734605861,0.6628834570206776,0.7202903412821499,0.7553091106032792,0.8057233588100731,0.8772459103453082,0.9265210856774834,0.8866823800943628,0.9786588414486166,0.9645204415405537,1.0
14840103001484,0.0,0.03422333677533411,0.0672665584894529,0.10237498156070231,0.13866351969317087,0.16374096474406397,0.19604661454491917,0.22835226434577474,0.24900427791709476,0.287210503024046,0.32939961646260585,0.37763681958990897,0.42410385012538593,0.46511284850273077,0.5101047352116848,0.5522938486502442,0.5974332497418503,0.6272311550376152,0.6506859418793339,0.6770910163740979,0.7127894969759546,0.7340315680778903,0.758076412450216,0.7859566307715032,0.8135418203274819,0.845109898215078,0.8849387815311999,0.916506859418796,0.9440920489747746,0.9669567782858857,1.0
14950100001495,0.0,0.0871470579593818,0.16995028829605718,0.24366497992186748,0.3132090912285639,0.3747536923857779,0.43040015422874894,0.4780972689382639,0.515780611775438,0.5426712173046025,0.563015325233351,0.5765691846036846,0.585386864606491,0.5951406016273122,0.6059592947225704,0.6182961308918953,0.6316029118609947,0.6543122153983567,0.6756282365536899,0.7022182436644383,0.7345861655451849,0.7651319351728604,0.7954955827330235,0.8229198122265887,0.84656522382293,0.8651632712751685,0.8770366097595377,0.8838273411051274,0.8821483684935816,0.8692616982715103,1.0
14960101001496,0.9235554618304518,1.0,1.0,1.0,1.0,0.954133277098271,0.8929776465626325,0.8471109236609035,0.7859552931252649,0.7400885702235359,0.6942218473218069,0.6636440320539876,0.6330662167861684,0.5871994938844394,0.55662167861662,0.5413327709827104,0.5107549557148912,0.4801771404470718,0.4495993251792525,0.4190215099114332,0.3884436946436139,0.34257697174188495,0.29671024884015595,0.250843525938427,0.20497680303669807,0.17439898776887874,0.1285322648671498,0.08266554196542084,0.05208772669760153,0.006221003795872578,0.0
