,Feature,Non_Zero_Coefficient
1823,01611304014461,-0.25308564176291237
7554,06402000042168,-0.08219632105496869
537,00500101000049,-0.07302756742244507
9145,07552601027963,-0.05141674352756297
9076,07472600027955,-0.046440685834306494
11784,09812000042494,-0.03243964300077408
4190,04110101000410,-0.030754915806865582
9091,07512000042279,-0.02554649602818974
12001,09891300015300,-0.017751645875147038
8717,07262600027934,-0.017220486377466256
1445,01382500026047,-0.01719531376828812
8425,07140400005010,-0.015898313456102355
615,00563200055903,-0.015532987777859658
1173,01120101000112,-0.012815188113585526
920,00741400015825,-0.011629078323661017
2342,02422800044614,-0.011489954998169656
13618,11043301034040,-0.011285966424569376
2375,02433800037455,-0.010633149760401337
1380,01303000030335,-0.010019346808685057
2330,02421300014542,-0.009643234885783343
10897,09171304015273,-0.009268934466170548
10404,08873704036687,-0.008881009541049945
16310,13871300015707,-0.008388172635227875
3470,03581300014678,-0.006728674083194601
9666,08140805039469,-0.00650784058531394
2010,02071405015939,-0.006390675844700061
1297,01212100021601,-0.006283539441060489
10624,08962601028104,-0.00625268552229141
12111,09931300015304,-0.006032886930518474
6992,05933403034961,-0.0059852427197278815
1391,01313000030336,-0.00597767804965704
3355,03532700043313,-0.005360264513461528
12410,10041300015315,-0.005356931564794675
15090,12450500006973,-0.005248008712183017
551,00503501047305,-0.004954083078852522
15480,12801500018464,-0.004797536735488093
11151,09442600028136,-0.004537681634765506
11806,09821300015287,-0.004361738409166265
8107,07013400035069,-0.0042305167083122736
14436,11830100001183,-0.004048878225583293
11168,09452600028137,-0.0038739759349969197
13416,10682800045460,-0.003403924354105594
7984,06952700043655,-0.0034034350803880836
12386,10031300015314,-0.0033159466036072655
769,00652600027272,-0.0031134862380599285
14297,11752100022655,-0.003051964483038641
10063,08703505048126,-0.0027459527004506817
13669,11253800038357,-0.0027022177290981
1483,01422300023187,-0.002700301414671878
565,00521300014371,-0.002565937850822917
13417,10683500048324,-0.0025198684496743414
9119,07530500006481,-0.002319312193090658
12357,10021300015313,-0.002017977719115696
568,00531300014372,-0.0020178553406203456
8802,07302604027938,-0.0018641156254492538
14782,12280100001228,-0.0018290727405653074
10497,08912601028099,-0.0017918143629959786
8450,07143700036514,-0.0017604949319320418
8767,07290604007889,-0.001738992891769644
15584,12871800041383,-0.001629204300168838
7101,06070600007767,-0.0015122721305161687
10553,08932601028101,-0.0014531294085200221
14191,11713700036971,-0.0013651264991894191
14949,12361500018420,-0.001312721489690897
5655,04973000030569,-0.00117414808750554
9477,07832503026550,-0.0011370595328822242
15512,12821500018466,-0.0010703266915254427
15075,12433400035611,-0.001033705896621049
15346,12711400017023,-0.0009047332000404055
2172,02212800044593,-0.0008568855169798664
1345,01263000030331,-0.0006705995090701872
14969,12371500018421,-0.0005945799886548209
3336,03530200001785,-0.0005898664946615468
16504,14062300024318,-0.0005107369678676662
7625,06462704043606,-0.00048782333667812626
1481,01420400004571,-0.00043414900923599065
8555,07190300003583,-0.0003564930239526159
8096,07012000042229,-0.00032857757558005777
2384,02441300014544,-0.0002569003297385608
16665,14110100001411,-0.0002555406592363094
10278,08823304033818,-0.0002461428595855585
14794,12282700044188,-0.00020128756173514055
7501,06350500006363,-0.00019158393600164544
2711,02774004053261,-0.00011876749012363472
10316,08841304015204,-9.452014344015816e-05
659,00583200055905,-8.91838627097043e-05
3348,03531900046177,-8.578011496413368e-05
16643,14101400017162,-2.2315476368687002e-05
5591,04901700020538,-2.156210850476923e-05
11200,09472600028139,-1.00377802905656e-05
6267,05433700036343,-6.445083996978912e-06
14755,12262700044186,-4.120012515364888e-06
15832,13353704037135,-3.505902151870966e-06
13559,11000202002532,-2.3655320126956463e-19
4295,04153100031919,-0.0
16849,14310300004295,0.0
16850,14310400005727,0.0
16851,14310700055847,0.0
16852,14310800040095,0.0
16853,14310900010023,0.0
16854,14311000012887,0.0
16855,14311300015751,0.0
16856,14311600020047,-0.0
16857,14312200052983,0.0
16858,14312300024343,0.0
16859,14312400025775,0.0
16860,14312500027207,0.0
16861,14312600028639,0.0
16862,14312800045823,0.0
15,00030900008594,0.0
16878,14323901051552,0.0
1,00020800038665,0.0
2,00021100010025,0.0
3,00022100021481,0.0
4,00022200051553,-0.0
5,00022400024345,0.0
6,00022500025777,0.0
7,00022800044393,0.0
8,00023200055849,-0.0
9,00023500047257,0.0
10,00023600048689,-0.0
11,00023900050121,-0.0
16863,14312900030071,0.0
13,00030400004298,0.0
14,00030800038666,0.0
17,00031500017186,0.0
112,00261200012913,-0.0
113,00261500017209,0.0
114,00261600018641,0.0
115,00261700020073,-0.0
116,00261800040121,0.0
117,00262000041553,-0.0
118,00262100021505,0.0
119,00262300022937,-0.0
120,00262500025801,0.0
121,00262700042985,-0.0
122,00262900028665,-0.0
123,00263300032961,0.0
124,00263500047281,-0.0
125,00263600048713,-0.0
126,00263800037257,-0.0
16,00031100010026,0.0
128,00270505005754,0.0
129,00270805038690,0.0
130,00270905008618,0.0
131,00271005011482,0.0
132,00271405015778,0.0
16865,14313400035799,0.0
134,00271605018642,0.0
135,00271705020074,0.0
136,00271805040122,0.0
137,00271905045850,0.0
138,00272005041554,0.0
139,00272405024370,0.0
140,00272505025802,0.0
141,00272605027234,0.0
142,00272705042986,0.0
143,00272805044418,0.0
16866,14313700037231,0.0
145,00273105031530,0.0
146,00273305032962,0.0
147,00273405034394,0.0
148,00273505047282,0.0
149,00273605048714,0.0
150,00274005053010,0.0
151,00280800038691,-0.0
152,00281000011483,0.0
153,00281200012915,0.0
154,00281400015779,0.0
155,00281500017211,0.0
156,00281700020075,-0.0
157,00281800040123,-0.0
158,00281900045851,-0.0
159,00282000041555,-0.0
160,00282500025803,0.0
161,00282600027235,0.0
162,00282700042987,0.0
163,00282800044419,-0.0
164,00282900028667,0.0
165,00283000030099,0.0
166,00283100031531,-0.0
167,00283300032963,0.0
168,00283400034395,-0.0
169,00283500047283,0.0
170,00283600048715,-0.0
171,00283800037259,-0.0
172,00290205001460,0.0
173,00290405004324,0.0
174,00290505005756,0.0
175,00290605007188,0.0
176,00290805038692,0.0
177,00291205012916,0.0
178,00291305014348,0.0
16867,14313900051551,0.0
180,00291505017212,0.0
181,00291805040124,-0.0
182,00291905045852,0.0
183,00292005041556,0.0
184,00292105021508,-0.0
185,00292605027236,0.0
186,00292705042988,0.0
187,00292805044420,0.0
188,00292905028668,0.0
189,00293005030100,0.0
190,00293105031532,0.0
191,00293305032964,0.0
192,00293405034396,0.0
193,00293505047284,0.0
194,00293605048716,-0.0
195,00293805037260,0.0
196,00300800038693,-0.0
197,00301000011485,0.0
198,00301200012917,0.0
199,00301300014349,-0.0
200,00301400015781,0.0
201,00301500017213,0.0
202,00301700020077,-0.0
203,00301800040125,-0.0
204,00301900045853,-0.0
205,00302000041557,-0.0
206,00302500025805,0.0
207,00302700042989,0.0
208,00302800044421,-0.0
209,00303100031533,-0.0
210,00303300032965,0.0
211,00303400034397,-0.0
212,00303500047285,0.0
213,00303600048717,-0.0
214,00303800037261,-0.0
215,00310205001462,0.0
216,00310405004326,0.0
217,00310505005758,0.0
218,00310605007190,0.0
219,00310805038694,0.0
220,00311205012918,0.0
16868,14314000054415,0.0
222,00311505017214,0.0
223,00311705020078,0.0
224,00311805040126,-0.0
225,00311905045854,0.0
226,00312005041558,0.0
227,00312105021510,-0.0
228,00312505025806,0.0
229,00312705042990,0.0
230,00313305032966,0.0
231,00313405034398,0.0
232,00313605048718,-0.0
233,00313805037262,0.0
234,00320400004327,0.0
235,00320600007191,0.0
236,00320700054447,0.0
237,00320800038695,-0.0
238,00321100010055,0.0
239,00321900045855,-0.0
240,00322000041559,0.0
241,00322200051583,-0.0
242,00322300022943,0.0
243,00322700042991,-0.0
244,00322800044423,-0.0
245,00322900028671,-0.0
246,00323000030103,0.0
247,00323100031535,-0.0
248,00323300032967,-0.0
249,00323400034399,-0.0
250,00323500047287,0.0
251,00323600048719,0.0
252,00323700035831,-0.0
16869,14320101001432,0.0
16870,14320701055848,-0.0
255,00330504005760,0.0
256,00330604007192,0.0
257,00330704054448,0.0
258,00330804038696,0.0
259,00330904008624,0.0
260,00331104010056,0.0
261,00331304014352,0.0
16871,14320901010024,-0.0
263,00331504017216,0.0
264,00331704020080,0.0
265,00331904045856,0.0
266,00332004041560,0.0
267,00332104021512,0.0
268,00332904028672,0.0
269,00333004030104,0.0
270,00333104031536,0.0
271,00333404034400,0.0
272,00333504047288,0.0
273,00333704035832,0.0
274,00340700054449,0.0
275,00340900008625,-0.0
276,00341000011489,-0.0
277,00341100010057,0.0
278,00341300014353,0.0
279,00341500017217,0.0
280,00341700020081,0.0
281,00341900045857,-0.0
282,00342000041561,0.0
283,00342100021513,0.0
284,00342300022945,0.0
285,00342400024377,0.0
286,00342700042993,-0.0
287,00342800044425,0.0
288,00342900028673,-0.0
289,00343000030105,-0.0
290,00343100031537,0.0
16872,14321901047256,-0.0
292,00350105000034,0.0
16873,14322201052984,-0.0
294,00350405004330,0.0
295,00350605007194,0.0
296,00350705054450,0.0
297,00350905008626,0.0
298,00351005011490,0.0
299,00351205012922,0.0
300,00351805040130,0.0
301,00351905045858,0.0
302,00352205051586,0.0
303,00352305022946,0.0
304,00352505025810,0.0
305,00352705042994,0.0
306,00352805044426,0.0
16874,14322301024344,0.0
308,00353305032970,0.0
309,00353805037266,0.0
310,00360100000035,0.0
311,00360400004331,0.0
312,00360600007195,-0.0
313,00360700054451,0.0
314,00361000011491,-0.0
315,00361100010059,0.0
316,00361200012923,-0.0
317,00361300014355,-0.0
318,00361500017219,-0.0
319,00361600018651,-0.0
320,00362200051587,0.0
321,00362500025811,0.0
322,00362800044427,0.0
323,00363500047291,0.0
324,00370305002900,0.0
325,00370405004332,0.0
326,00370605007196,0.0
327,00370705054452,0.0
328,00370905008628,0.0
329,00371005011492,0.0
330,00371105010060,0.0
331,00371305014356,0.0
16875,14322401025776,-0.0
333,00371505017220,0.0
334,00371605018652,0.0
335,00372005041564,0.0
336,00372205051588,0.0
337,00372305022948,0.0
338,00372405024380,0.0
339,00372505025812,0.0
340,00372605027244,0.0
341,00372805044428,0.0
342,00373005030108,0.0
343,00373605048724,0.0
344,00380300002901,0.0
345,00380400004333,0.0
346,00380600007197,-0.0
347,00380700054453,0.0
348,00380900008629,-0.0
349,00381200012925,0.0
350,00381500017221,0.0
351,00381600018653,0.0
352,00381900045861,0.0
353,00382100021517,0.0
354,00382300022949,0.0
355,00382400024381,0.0
356,00382500025813,0.0
357,00382600027245,0.0
358,00383000030109,0.0
359,00383500047293,0.0
360,00390404004334,0.0
361,00390504005766,0.0
362,00390604007198,0.0
363,00390704054454,0.0
364,00390804038702,0.0
365,00390904008630,0.0
366,00391204012926,0.0
367,00391304014358,0.0
368,00391504017222,0.0
369,00391804040134,0.0
370,00392104021518,0.0
371,00392204051590,0.0
372,00392304022950,0.0
373,00392404024382,0.0
374,00392504025814,0.0
375,00393004030110,0.0
376,00393204055886,0.0
377,00393804037270,0.0
378,00394004053022,0.0
379,00400400004335,0.0
380,00400500005767,-0.0
381,00400600007199,0.0
382,00401200012927,0.0
383,00401300014359,0.0
384,00401500017223,0.0
385,00401900045863,-0.0
386,00402100021519,-0.0
387,00402500025815,0.0
388,00402800044431,-0.0
389,00402900028679,0.0
390,00403300032975,0.0
391,00403500047295,0.0
392,00403700035839,-0.0
393,00410300002904,0.0
394,00410600007200,0.0
395,00410700054456,0.0
396,00410800038704,0.0
397,00410900008632,0.0
398,00411100010064,0.0
399,00411400015792,0.0
400,00411500017224,0.0
401,00412000041568,0.0
402,00412300022952,0.0
403,00412400024384,0.0
404,00412500025816,0.0
405,00412700043000,0.0
406,00413000030112,0.0
407,00413300032976,0.0
408,00413500047296,0.0
409,00413600048728,0.0
410,00413700035840,0.0
411,00420704054457,0.0
412,00420804038705,0.0
413,00420904008633,0.0
414,00421104010065,0.0
415,00421404015793,0.0
416,00421504017225,0.0
417,00421704020089,0.0
418,00421904045865,0.0
419,00422504025817,0.0
420,00423204055889,0.0
421,00423304032977,0.0
422,00423504047297,0.0
423,00423604048729,0.0
424,00423704035841,0.0
425,00430200001474,0.0
426,00430400004338,0.0
427,00430600007202,-0.0
428,00430700054458,0.0
429,00430800038706,-0.0
430,00430900008634,-0.0
431,00431000011498,0.0
432,00431100010066,-0.0
433,00431200012930,0.0
434,00431300014362,-0.0
435,00431400015794,0.0
436,00431700020090,0.0
437,00431900045866,-0.0
438,00432100021522,0.0
439,00432200051594,0.0
440,00432300022954,-0.0
441,00432400024386,-0.0
442,00432500025818,0.0
443,00432800044434,-0.0
444,00433000030114,0.0
445,00433100031546,0.0
446,00433300032978,0.0
447,00433500047298,0.0
448,00433600048730,-0.0
449,00440200001475,-0.0
450,00440400004339,-0.0
451,00440500005771,-0.0
452,00440700054459,-0.0
453,00440900008635,-0.0
454,00441100010067,-0.0
455,00441500017227,-0.0
456,00441600018659,0.0
457,00441700020091,0.0
458,00441900045867,-0.0
459,00442100021523,0.0
460,00442200051595,0.0
461,00442500025819,0.0
462,00442800044435,0.0
463,00443600048731,-0.0
464,00450104000044,0.0
465,00450204001476,-0.0
466,00450404004340,0.0
467,00450504005772,0.0
468,00450704054460,0.0
469,00450904008636,0.0
470,00451504017228,0.0
471,00451704020092,0.0
472,00451904045868,0.0
473,00452104021524,0.0
474,00452204051596,0.0
475,00452304022956,-0.0
476,00452504025820,0.0
477,00460200001477,0.0
478,00460400004341,0.0
479,00460600007205,0.0
480,00460800038709,-0.0
481,00461400015797,0.0
482,00461500017229,0.0
483,00461700020093,-0.0
484,00461800040141,-0.0
485,00461900045869,-0.0
486,00462100021525,-0.0
487,00462600027253,0.0
488,00462800044437,-0.0
489,00462900028685,0.0
490,00463300032981,0.0
491,00463600048733,-0.0
492,00463700035845,-0.0
493,00463800037277,-0.0
494,00470405004342,0.0
495,00470505005774,0.0
16876,14323201057280,0.0
497,00471505017230,0.0
498,00471705020094,-0.0
499,00472005041574,0.0
500,00472105021526,-0.0
501,00472505025822,0.0
502,00472605027254,0.0
503,00472805044438,0.0
504,00473705035846,-0.0
505,00473805037278,0.0
506,00480300002911,-0.0
507,00480500005775,-0.0
508,00480600007207,-0.0
509,00480700054463,-0.0
510,00480900008639,-0.0
511,00481300014367,-0.0
512,00481400015799,-0.0
513,00481500017231,-0.0
514,00481700020095,-0.0
515,00481900045871,-0.0
516,00482000041575,-0.0
517,00482100021527,-0.0
518,00482700043007,-0.0
519,00482800044439,-0.0
520,00483100031551,-0.0
521,00483600048735,-0.0
16877,14323501048688,-0.0
523,00490305002912,-0.0
524,00490905008640,0.0
525,00491505017232,0.0
526,00491605018664,0.0
527,00491705020096,-0.0
559,00512000041578,-0.0
528,00492105021528,0.0
16848,14310200002863,0.0
530,00492705043008,0.0
531,00492805044440,0.0
532,00493105031552,0.0
533,00493305032984,-0.0
534,00493405034416,-0.0
535,00493505047304,0.0
536,00493605048736,0.0
538,00500201001481,-0.0
539,00500301002913,-0.0
540,00500401004345,-0.0
541,00500801038713,-0.0
542,00501101010073,-0.0
543,00501301014369,-0.0
574,00541701020101,-0.0
575,00542301022965,0.0
544,00501701020097,-0.0
545,00501801040145,-0.0
546,00502201051601,-0.0
547,00502501025825,-0.0
548,00502801044441,-0.0
549,00503201055897,-0.0
550,00503301032985,-0.0
552,00503601048737,-0.0
553,00503901050169,-0.0
554,00504001053033,0.0
555,00510300002914,0.0
556,00511300014370,-0.0
557,00511600018666,-0.0
558,00511700020098,0.0
588,00552301022966,0.0
589,00552601027262,-0.0
590,00553401034422,-0.0
591,00553501047310,-0.0
560,00513300032986,0.0
561,00513700035850,0.0
562,00520300002915,0.0
563,00520500005779,0.0
564,00521000011507,-0.0
566,00521400015803,-0.0
567,00530300002916,0.0
569,00531400015804,0.0
16833,14200203002852,0.0
571,00540201001485,0.0
572,00540901008645,-0.0
573,00541101010077,-0.0
604,00561500017239,-0.0
605,00561600018671,-0.0
606,00561900045879,-0.0
607,00562000041583,0.0
576,00542401024397,-0.0
577,00542501025829,-0.0
578,00543201055901,0.0
579,00543501047309,-0.0
580,00543601048741,-0.0
581,00544001053037,-0.0
582,00550401004350,0.0
583,00550501005782,0.0
584,00550701054470,-0.0
585,00551101010078,-0.0
586,00551301014374,-0.0
587,00551901045878,-0.0
620,00570200001488,0.0
621,00570500005784,0.0
622,00570600007216,0.0
623,00570800038720,0.0
592,00553601048742,-0.0
593,00553901050174,0.0
594,00560100000055,-0.0
595,00560200001487,0.0
596,00560300002919,0.0
597,00560400004351,-0.0
598,00560500005783,0.0
599,00560600007215,0.0
600,00560800038719,-0.0
601,00560900008647,0.0
602,00561100010079,-0.0
603,00561200012943,0.0
635,00573000030128,0.0
636,00573100031560,0.0
637,00573200055904,0.0
638,00573300032992,0.0
639,00573400034424,0.0
608,00562300022967,-0.0
609,00562400024399,-0.0
610,00562600027263,0.0
611,00562800044447,-0.0
612,00562900028695,-0.0
613,00563000030127,-0.0
614,00563100031559,-0.0
616,00563300032991,0.0
617,00563600048743,-0.0
618,00563700035855,0.0
619,00563900050175,-0.0
651,00581900045881,-0.0
652,00582000041585,-0.0
653,00582100021537,-0.0
654,00582400024401,-0.0
655,00582500025833,-0.0
624,00571000011512,0.0
625,00571200012944,0.0
626,00571300014376,0.0
627,00571900045880,0.0
628,00572000041584,0.0
629,00572100021536,0.0
630,00572200051608,-0.0
631,00572300022968,-0.0
632,00572500025832,0.0
633,00572600027264,0.0
634,00572800044448,-0.0
667,00600400004355,-0.0
668,00600500005787,-0.0
669,00600600007219,-0.0
670,00600700054475,0.0
671,00600800038723,0.0
640,00573600048744,-0.0
641,00573700035856,0.0
642,00573900050176,-0.0
643,00580100000057,-0.0
644,00580200001489,-0.0
645,00580400004353,-0.0
646,00580500005785,-0.0
647,00580600007217,-0.0
648,00581000011513,-0.0
649,00581100010081,-0.0
650,00581300014377,-0.0
682,00603600048747,0.0
683,00603700035859,-0.0
684,00603800037291,-0.0
685,00603900050179,-0.0
686,00610404004356,0.0
687,00610504005788,-0.0
656,00582600027265,-0.0
657,00582800044449,-0.0
658,00583100031561,-0.0
660,00583300032993,-0.0
661,00583500047313,-0.0
662,00583700035857,-0.0
663,00583800037289,-0.0
664,00583900050177,-0.0
665,00590200001490,-0.0
666,00600200001491,-0.0
698,00612404024404,0.0
699,00612504025836,-0.0
700,00613004030132,0.0
701,00613304032996,-0.0
702,00613604048748,0.0
703,00613704035860,-0.0
672,00600900008651,0.0
673,00601800040155,-0.0
674,00601900045883,0.0
675,00602100021539,0.0
676,00602400024403,0.0
677,00602500025835,-0.0
678,00602700043019,-0.0
679,00602800044451,0.0
680,00603100031563,-0.0
681,00603500047315,0.0
714,00622100021541,-0.0
715,00622300022973,-0.0
716,00622800044453,0.0
717,00623400034429,-0.0
718,00623600048749,-0.0
719,00623700035861,-0.0
688,00610604007220,-0.0
689,00610704054476,0.0
690,00610804038724,0.0
691,00611104010084,0.0
692,00611704020108,-0.0
693,00611804040156,-0.0
16832,14200103001420,0.0
695,00612004041588,-0.0
696,00612104021540,0.0
697,00612304022972,0.0
730,00632100021542,0.0
731,00632300022974,-0.0
732,00632600027270,-0.0
733,00632800044454,0.0
734,00633100031566,-0.0
735,00633300032998,-0.0
704,00613904050180,-0.0
705,00620200001493,-0.0
706,00620600007221,-0.0
707,00620800038725,-0.0
708,00621000011517,-0.0
709,00621600018677,-0.0
710,00621700020109,-0.0
711,00621800040157,0.0
712,00621900045885,0.0
713,00622000041589,-0.0
746,00641400015815,-0.0
747,00641500017247,-0.0
748,00641600018679,-0.0
749,00641700020111,-0.0
750,00641800040159,-0.0
751,00642100021543,-0.0
720,00624000053045,-0.0
721,00630200001494,-0.0
722,00630600007222,-0.0
723,00630800038726,-0.0
724,00631400015814,-0.0
725,00631500017246,-0.0
726,00631600018678,-0.0
727,00631700020110,-0.0
728,00631800040158,-0.0
729,00631900045886,-0.0
762,00650800038728,-0.0
763,00651100010088,0.0
764,00651300014384,0.0
765,00651400015816,0.0
766,00651700020112,-0.0
767,00651900045888,0.0
736,00633400034430,-0.0
737,00633600048750,-0.0
738,00633700035862,-0.0
739,00633800037294,-0.0
740,00640400004359,-0.0
741,00640500005791,-0.0
742,00640600007223,-0.0
743,00640700054479,-0.0
744,00640800038727,-0.0
745,00641200012951,-0.0
778,00660405004361,0.0
779,00660505005793,0.0
780,00660705054481,0.0
781,00660805038729,0.0
782,00661005011521,-0.0
783,00661105010089,0.0
752,00642200051615,0.0
753,00642300022975,-0.0
754,00642400024407,-0.0
755,00643100031567,-0.0
756,00643300032999,-0.0
757,00643600048751,-0.0
758,00643700035863,-0.0
759,00650300002928,-0.0
760,00650400004360,0.0
761,00650700054480,-0.0
793,00662705043025,0.0
794,00663005030137,0.0
795,00663505047321,0.0
796,00663605048753,0.0
797,00663705035865,0.0
798,00670104000066,0.0
799,00670304002930,0.0
768,00652000041592,0.0
770,00652900028704,-0.0
771,00653000030136,0.0
772,00653100031568,0.0
773,00653300033000,-0.0
774,00653400034432,0.0
775,00653600048752,0.0
31,00041100010027,0.0
777,00660305002929,0.0
809,00672204051618,0.0
810,00672304022978,0.0
811,00672404024410,0.0
812,00672504025842,0.0
813,00672704043026,0.0
814,00673004030138,0.0
815,00673104031570,0.0
784,00661205012953,0.0
785,00661305014385,0.0
786,00661405015817,0.0
787,00661705020113,0.0
788,00661805040161,-0.0
789,00661905045889,0.0
790,00662005041593,0.0
791,00662205051617,0.0
792,00662405024409,0.0
825,00681505017251,0.0
826,00681605018683,0.0
827,00682005041595,0.0
828,00682105021547,-0.0
829,00682205051619,-0.0
830,00682305022979,-0.0
831,00682405024411,0.0
800,00670404004362,0.0
801,00670504005794,0.0
802,00670804038730,0.0
803,00671004011522,-0.0
804,00671104010090,0.0
30,00040900008595,0.0
806,00671304014386,0.0
807,00671504017250,0.0
808,00671804040162,-0.0
841,00691405015820,0.0
842,00691705020116,0.0
843,00691805040164,0.0
844,00692005041596,0.0
845,00692105021548,-0.0
846,00692205051620,-0.0
847,00693005030140,0.0
816,00673604048754,0.0
817,00673704035866,0.0
818,00680305002931,0.0
819,00680405004363,0.0
29,00040800038667,0.0
821,00681105010091,0.0
822,00681205012955,0.0
823,00681305014387,0.0
824,00681405015819,0.0
857,00701105010093,0.0
858,00701305014389,0.0
859,00701405015821,0.0
860,00701705020117,-0.0
861,00701805040165,0.0
862,00702005041597,0.0
863,00702205051621,-0.0
832,00682505025843,-0.0
833,00683005030139,-0.0
834,00683105031571,0.0
835,00683405034435,-0.0
836,00683505047323,-0.0
837,00690205001500,0.0
838,00690805038732,0.0
839,00691105010092,0.0
840,00691305014388,0.0
873,00720200001503,-0.0
874,00720300002935,0.0
875,00720700054487,-0.0
876,00720800038735,-0.0
877,00721000011527,0.0
878,00721100010095,0.0
879,00721300014391,-0.0
848,00693105031572,0.0
849,00693605048756,-0.0
850,00693705035868,0.0
851,00693805037300,0.0
852,00693905050188,-0.0
853,00700205001501,0.0
854,00700305002933,0.0
855,00700405004365,0.0
856,00700805038733,0.0
889,00723400034439,0.0
890,00723700035871,0.0
891,00723900050191,-0.0
892,00730100000072,0.0
893,00730200001504,-0.0
894,00730300002936,0.0
895,00730600007232,0.0
864,00702305022981,0.0
865,00702405024413,0.0
866,00702505025845,0.0
867,00702705043029,-0.0
28,00040700054419,0.0
869,00703105031573,0.0
870,00703705035869,0.0
871,00703905050189,-0.0
872,00720100000071,-0.0
905,00732200051624,0.0
906,00732400024416,0.0
907,00732800044464,0.0
908,00732900028712,-0.0
909,00733000030144,0.0
910,00733600048760,0.0
911,00733700035872,0.0
880,00721500017255,-0.0
881,00721800040167,0.0
882,00721900045895,0.0
883,00722000041599,-0.0
884,00722200051623,-0.0
885,00722800044463,-0.0
886,00723000030143,-0.0
887,00723100031575,0.0
888,00723300033007,-0.0
921,00741500017257,-0.0
922,00741700020121,-0.0
923,00741800040169,-0.0
924,00742100021553,0.0
925,00742200051625,0.0
926,00742500025849,-0.0
927,00742600027281,-0.0
896,00730800038736,0.0
897,00731000011528,-0.0
898,00731200012960,-0.0
899,00731300014392,0.0
27,00040400004299,0.0
901,00731500017256,0.0
902,00731700020120,0.0
903,00731800040168,0.0
904,00732000041600,0.0
936,00750800038738,0.0
937,00751000011530,-0.0
938,00751100010098,0.0
939,00751200012962,0.0
940,00751300014394,-0.0
941,00751400015826,-0.0
942,00751500017258,0.0
943,00751800040170,-0.0
912,00733900050192,-0.0
913,00740100000073,0.0
914,00740200001505,0.0
915,00740300002937,-0.0
916,00740800038737,0.0
917,00740900008665,0.0
918,00741100010097,-0.0
919,00741300014393,-0.0
952,00753300033010,-0.0
953,00753700035874,-0.0
954,00753800037306,-0.0
955,00753900050194,0.0
956,00760504005803,-0.0
957,00760704054491,0.0
958,00760804038739,0.0
959,00760904008667,0.0
928,00742700043033,0.0
929,00743000030145,-0.0
930,00743700035873,-0.0
931,00743900050193,0.0
932,00744000053057,-0.0
933,00750200001506,-0.0
934,00750300002938,-0.0
935,00750500005802,-0.0
968,00762704043035,0.0
969,00762904028715,0.0
970,00763104031579,-0.0
971,00763304033011,-0.0
972,00763804037307,-0.0
973,00763904050195,0.0
974,00790100000078,0.0
975,00790200001510,0.0
944,00752100021554,-0.0
945,00752400024418,0.0
946,00752500025850,-0.0
947,00752600027282,0.0
948,00752800044466,0.0
949,00752900028714,0.0
950,00753000030146,0.0
951,00753100031578,-0.0
984,00793200055926,0.0
985,00793900050198,0.0
986,00800100000079,0.0
987,00801100010103,0.0
988,00802400024423,0.0
989,00803000030151,0.0
990,00803200055927,0.0
991,00803600048767,0.0
960,00761304014395,-0.0
961,00761504017259,0.0
962,00761804040171,-0.0
963,00762104021555,-0.0
964,00762204051627,0.0
965,00762404024419,0.0
966,00762504025851,-0.0
967,00762604027283,0.0
1000,00811104010104,0.0
1001,00811204012968,-0.0
1002,00811304014400,-0.0
1003,00811504017264,0.0
1004,00811904045904,0.0
1005,00812004041608,0.0
1006,00812104021560,0.0
1007,00812304022992,0.0
976,00790500005806,0.0
977,00790700054494,0.0
978,00791100010102,0.0
979,00791300014398,0.0
980,00791900045902,0.0
981,00792100021558,0.0
982,00792300022990,0.0
983,00792600027286,0.0
1016,00813604048768,0.0
1017,00813804037312,0.0
1018,00813904050200,0.0
1019,00814004053064,0.0
1020,00820500005809,0.0
1021,00821000011537,-0.0
1022,00821200012969,-0.0
1023,00821400015833,-0.0
992,00803900050199,0.0
993,00804000053063,0.0
994,00810104000080,0.0
995,00810204001512,0.0
996,00810504005808,-0.0
997,00810804038744,0.0
998,00810904008672,0.0
999,00811004011536,-0.0
1032,00822800044473,0.0
1033,00822900028721,-0.0
1034,00823000030153,0.0
1035,00823100031585,-0.0
1036,00823400034449,-0.0
1037,00823500047337,0.0
1038,00823600048769,0.0
1039,00823800037313,-0.0
1008,00812404024424,0.0
1009,00812504025856,0.0
1010,00812604027288,-0.0
1011,00812704043040,0.0
1012,00812804044472,0.0
1013,00813004030152,0.0
1014,00813204055928,0.0
1015,00813404034448,0.0
1048,00831604018698,-0.0
1049,00832204051634,-0.0
1050,00832804044474,-0.0
1051,00832904028722,-0.0
1052,00833004030154,-0.0
1053,00833404034450,-0.0
1054,00833504047338,-0.0
1055,00833804037314,-0.0
1024,00821500017265,-0.0
1025,00821600018697,0.0
1026,00821700020129,-0.0
1027,00822000041609,-0.0
1028,00822100021561,0.0
1029,00822200051633,0.0
1030,00822300022993,0.0
1031,00822400024425,0.0
1064,00841504017267,-0.0
1065,00841704020131,-0.0
1066,00842204051635,0.0
1067,00842304022995,0.0
1068,00842704043043,0.0
1069,00842804044475,0.0
1070,00843004030155,0.0
1071,00843104031587,-0.0
1040,00823900050201,-0.0
1041,00824000053065,0.0
1042,00830104000082,-0.0
1043,00830504005810,-0.0
1044,00830804038746,-0.0
1045,00831004011538,-0.0
1046,00831104010106,-0.0
1047,00831504017266,-0.0
1080,00851600018701,-0.0
1081,00851700020133,-0.0
1082,00851800040181,0.0
1083,00852100021565,-0.0
1084,00852200051637,-0.0
1085,00852700043045,-0.0
1086,00852900028725,-0.0
1087,00853000030157,-0.0
1056,00833904050202,-0.0
1057,00834004053066,-0.0
1058,00840404004379,-0.0
1059,00840504005811,-0.0
1060,00840604007243,-0.0
1061,00840904008675,0.0
1062,00841004011539,-0.0
1063,00841304014403,0.0
1096,00860705054502,0.0
1097,00861005011542,-0.0
1098,00861105010110,0.0
1099,00861405015838,-0.0
25,00033000030074,0.0
1101,00861605018702,-0.0
1102,00861805040182,0.0
1103,00861905045910,0.0
1072,00843404034451,-0.0
1073,00843704035883,-0.0
1074,00843904050203,-0.0
1075,00844004053067,0.0
1076,00850600007245,-0.0
1077,00850700054501,-0.0
1078,00851100010109,-0.0
1079,00851500017269,0.0
1112,00863905050206,-0.0
1113,00864005053070,0.0
1114,00870303002951,-0.0
1115,00870803038751,0.0
1116,00871203012975,0.0
1117,00871403015839,-0.0
1118,00871703020135,0.0
1119,00872603027295,-0.0
1088,00853100031589,-0.0
1089,00853400034453,-0.0
1090,00853700035885,-0.0
1091,00853900050205,-0.0
1092,00854000053069,-0.0
1093,00860405004382,0.0
1094,00860505005814,-0.0
1095,00860605007246,-0.0
1128,00881403015840,-0.0
1129,00881503017272,0.0
1130,00882603027296,0.0
1131,00882903028728,0.0
1132,00883003030160,0.0
1133,00883603048776,0.0
1134,00883903050208,-0.0
1135,01010700054517,-0.0
1104,00862105021566,0.0
1105,00862205051638,0.0
1106,00862605027294,-0.0
1107,00862805044478,0.0
1108,00863105031590,0.0
1109,00863305033022,-0.0
1110,00863405034454,-0.0
1111,00863805037318,-0.0
1144,01080300002972,-0.0
1145,01081000011564,-0.0
1146,01081300014428,-0.0
1147,01081400015860,-0.0
1148,01081500017292,-0.0
1149,01081900045932,-0.0
1150,01082600027316,-0.0
1151,01083100031612,-0.0
1120,00873303033023,0.0
1121,00873403034455,-0.0
1122,00873803037319,-0.0
1123,00880303002952,0.0
1124,00880403004384,0.0
1125,00880503005816,0.0
1126,00880803038752,-0.0
1127,00881003011544,0.0
1160,01091500017293,-0.0
1161,01091600018725,-0.0
1162,01091800040205,-0.0
1163,01092600027317,-0.0
1164,01092900028749,-0.0
1165,01093400034477,-0.0
1166,01093600048797,-0.0
1167,01100400004406,-0.0
1136,01010900008693,0.0
1137,01011800040197,0.0
1138,01011900045925,-0.0
1139,01012300023013,0.0
1140,01012800044493,0.0
1141,01012900028741,-0.0
1142,01013600048789,0.0
1143,01031503017287,-0.0
1176,01120901008704,-0.0
1177,01121001011568,-0.0
1178,01121501017296,-0.0
1179,01121901045936,-0.0
1180,01122201051664,-0.0
1181,01122301023024,-0.0
1182,01122401024456,-0.0
1183,01122501025888,-0.0
1152,01083400034476,-0.0
1153,01083600048796,-0.0
1154,01083700035908,-0.0
1155,01090300002973,-0.0
1156,01090400004405,-0.0
1157,01090500005837,-0.0
1158,01091200012997,-0.0
1159,01091300014429,-0.0
1191,01123601048800,-0.0
1192,01123701035912,-0.0
1193,01123901050232,-0.0
1194,01124001053096,-0.0
1195,01130200001545,-0.0
1196,01131800040209,-0.0
1197,01132700043073,0.0
1198,01133100031617,-0.0
1199,01133800037345,-0.0
1168,01101300014430,-0.0
1169,01101500017294,-0.0
1170,01102600027318,-0.0
1171,01103100031614,-0.0
1172,01103400034478,-0.0
1174,01120401004408,-0.0
1175,01120701054528,-0.0
1207,01150300002979,-0.0
1208,01150500005843,-0.0
1209,01150800038779,0.0
1210,01151000011571,-0.0
1211,01151400015867,-0.0
1212,01151700020163,-0.0
1213,01151800040211,0.0
1214,01152000041643,0.0
1215,01152600027323,-0.0
1184,01122601027320,-0.0
1185,01122701043072,-0.0
1186,01123001030184,-0.0
1187,01123201055960,-0.0
1188,01123301033048,-0.0
1189,01123401034480,-0.0
1190,01123501047368,-0.0
1223,01160500005844,-0.0
1224,01160800038780,-0.0
1225,01161000011572,-0.0
1226,01161400015868,-0.0
1227,01161500017300,-0.0
1228,01161700020164,-0.0
1229,01161800040212,0.0
24,00032800044394,0.0
1231,01162000041644,0.0
1200,01140400004410,-0.0
1201,01141700020162,0.0
1202,01141900045938,0.0
1203,01142100021594,0.0
1204,01142300023026,0.0
1205,01144000053098,0.0
1206,01150200001547,-0.0
1239,01170200001549,-0.0
1240,01170600007277,0.0
1241,01170800038781,0.0
1242,01171200013005,-0.0
23,00032500025778,0.0
1244,01171600018733,-0.0
1245,01171700020165,-0.0
1246,01171900045941,-0.0
1247,01172000041645,0.0
1216,01152700043075,0.0
1217,01153100031619,0.0
1218,01153300033051,-0.0
1219,01153400034483,0.0
1220,01153700035915,-0.0
1221,01153800037347,0.0
1222,01160300002980,-0.0
1255,01173700035917,-0.0
1256,01173800037349,0.0
1257,01190200001551,0.0
1258,01190400004415,0.0
1259,01190700054535,0.0
1260,01190800038783,0.0
1261,01191000011575,0.0
1262,01191800040215,0.0
1263,01191900045943,0.0
1232,01162100021596,0.0
1233,01162700043076,0.0
1234,01163000030188,-0.0
1235,01163100031620,0.0
1236,01163300033052,-0.0
1237,01163700035916,-0.0
1238,01163800037348,0.0
1271,01193300033055,0.0
1272,01193500047375,0.0
1273,01193600048807,0.0
1274,01193800037351,0.0
1275,01194000053103,-0.0
1276,01200205001552,0.0
1277,01200405004416,0.0
1278,01200705054536,0.0
1279,01200805038784,0.0
1248,01172100021597,-0.0
1249,01172600027325,-0.0
1250,01172700043077,-0.0
1251,01173000030189,0.0
1252,01173100031621,0.0
1253,01173300033053,-0.0
1254,01173600048805,-0.0
1287,01202805044512,0.0
1288,01202905028760,0.0
1289,01203105031624,0.0
1290,01203505047376,0.0
1291,01203605048808,0.0
1292,01203705035920,0.0
1293,01204005053104,0.0
1294,01210200001553,-0.0
1295,01211900045945,-0.0
1264,01192000041647,0.0
1265,01192200051671,0.0
1266,01192300023031,0.0
1267,01192400024463,0.0
1268,01192700043079,0.0
22,00032400024346,0.0
1270,01193000030191,-0.0
1303,01213300033057,-0.0
1304,01213500047377,0.0
1305,01213600048809,-0.0
1306,01213700035921,-0.0
1307,01213800037353,0.0
1308,01214000053105,0.0
1309,01220405004418,0.0
1310,01221905045946,0.0
1311,01222005041650,0.0
1280,01201005011576,0.0
1281,01201905045944,0.0
1282,01202005041648,0.0
1283,01202205051672,0.0
1284,01202305023032,0.0
1285,01202505025896,0.0
1286,01202705043080,0.0
1318,01223805037354,0.0
1319,01224005053106,0.0
1320,01240400004553,0.0
1321,01240700054673,0.0
1322,01241100010281,0.0
1323,01241900046081,0.0
1324,01242200051809,0.0
1325,01242500026033,0.0
1326,01243600048945,-0.0
1327,01244000053241,0.0
1296,01212000041649,-0.0
1298,01212200051673,0.0
1299,01212700043081,-0.0
1300,01212800044513,-0.0
1301,01212900028761,-0.0
1302,01213000030193,-0.0
1334,01252500026034,0.0
1335,01253500047514,-0.0
1336,01253600048946,-0.0
1337,01254000053242,0.0
1338,01260700054675,0.0
1339,01261100010283,-0.0
1340,01261900046083,-0.0
1341,01262100021739,0.0
1342,01262200051811,-0.0
1343,01262300023171,-0.0
1312,01222105021602,-0.0
1313,01222305023034,-0.0
1314,01222505025898,0.0
1315,01222705043082,0.0
1316,01223105031626,0.0
1317,01223705035922,0.0
1350,01271100010284,-0.0
1351,01271900046084,-0.0
1352,01272200051812,-0.0
1353,01272300023172,-0.0
1354,01272800044652,-0.0
1355,01273000030332,-0.0
1356,01273500047516,-0.0
1357,01273600048948,-0.0
1358,01280400004557,-0.0
1359,01280700054677,0.0
1328,01250400004554,-0.0
1329,01250700054674,-0.0
1330,01250900008850,0.0
1331,01251100010282,-0.0
1332,01251900046082,0.0
1333,01252200051810,-0.0
1365,01283500047517,-0.0
1366,01283600048949,0.0
1367,01290400004558,-0.0
1368,01290700054678,0.0
1369,01291100010286,-0.0
1370,01292200051814,0.0
1371,01292300023174,-0.0
1372,01292500026038,-0.0
1373,01293600048950,-0.0
1374,01300700054679,-0.0
1375,01300900008855,0.0
1344,01262500026035,0.0
1346,01263600048947,-0.0
1347,01263900050379,-0.0
1348,01270700054676,0.0
1349,01270900008852,0.0
1379,01302800044655,-0.0
1381,01303500047519,-0.0
1382,01303900050383,-0.0
1383,01310400004560,-0.0
1384,01310700054680,0.0
1385,01310900008856,-0.0
1386,01311100010288,-0.0
1387,01312200051816,-0.0
1388,01312300023176,-0.0
1389,01312500026040,-0.0
1390,01312800044656,-0.0
1360,01280900008853,0.0
1361,01282100021741,-0.0
1362,01282200051813,-0.0
1363,01282300023173,0.0
1364,01282500026037,-0.0
21,00032300022914,-0.0
1396,01321900046089,0.0
1397,01323500047521,-0.0
1398,01323600048953,-0.0
1399,01330700054682,0.0
1400,01331100010290,-0.0
1401,01331900046090,0.0
1402,01332200051818,-0.0
1403,01332300023178,-0.0
1404,01332500026042,-0.0
1405,01333000030338,0.0
1406,01333500047522,-0.0
1407,01333600048954,-0.0
1376,01301900046087,-0.0
1377,01302200051815,0.0
1378,01302500026039,0.0
1411,01341100010291,-0.0
1412,01341900046091,0.0
1413,01342200051819,0.0
1414,01342500026043,0.0
1415,01342800044659,0.0
20,00032200051554,0.0
1417,01343500047523,-0.0
1418,01343900050387,-0.0
1419,01350700054684,0.0
1420,01350900008860,0.0
1421,01351100010292,0.0
1422,01352200051820,-0.0
1423,01352300023180,0.0
1392,01313500047520,-0.0
1393,01313600048952,-0.0
1394,01313900050384,-0.0
1427,01354000053252,0.0
1428,01362200051821,-0.0
1429,01362300023181,-0.0
1430,01362500026045,0.0
1431,01363900050389,-0.0
1432,01364000053253,0.0
1433,01370400004566,-0.0
1434,01371100010294,-0.0
1435,01372100021750,-0.0
1436,01372500026046,-0.0
1437,01372800044662,-0.0
1438,01373000030342,0.0
1439,01374000053254,0.0
1408,01333900050386,-0.0
1409,01340400004563,-0.0
1410,01340700054683,0.0
1442,01381900046095,-0.0
1443,01382200051823,-0.0
1444,01382300023183,-0.0
1446,01382800044663,-0.0
1447,01383000030343,0.0
1448,01384000053255,0.0
1449,01390400004568,-0.0
1450,01390700054688,-0.0
19,00032100021482,-0.0
1452,01391100010296,0.0
1453,01391900046096,0.0
1454,01392100021752,-0.0
1455,01392200051824,-0.0
1424,01352800044660,0.0
1425,01353000030340,-0.0
1426,01353500047524,-0.0
1458,01392800044664,-0.0
1459,01393500047528,-0.0
1460,01394000053256,0.0
1461,01400400004569,-0.0
1462,01400900008865,-0.0
1463,01401900046097,0.0
1464,01402300023185,0.0
1465,01402500026049,0.0
1466,01402800044665,0.0
1467,01403000030345,0.0
1468,01403500047529,0.0
1469,01410400004570,-0.0
1470,01410900008866,0.0
1471,01411100010298,0.0
1440,01380700054687,0.0
1441,01380900008863,-0.0
98,00252405024368,0.0
99,00252505025800,0.0
100,00252605027232,0.0
101,00252705042984,0.0
102,00252805044416,0.0
103,00252905028664,0.0
104,00253105031528,0.0
105,00253305032960,0.0
106,00253505047280,0.0
107,00253605048712,0.0
108,00253805037256,0.0
109,00260300002889,-0.0
110,00260800038689,-0.0
111,00261000011481,-0.0
1456,01392300023184,0.0
1457,01392500026048,-0.0
1472,01411900046098,-0.0
1473,01412100021754,-0.0
1474,01412200051826,-0.0
1475,01412300023186,-0.0
1476,01412500026050,0.0
1477,01412800044666,-0.0
1478,01413500047530,-0.0
1479,01413600048962,-0.0
1480,01413900050394,-0.0
1482,01420900008867,0.0
1484,01422500026051,0.0
1485,01423500047531,-0.0
1486,01430400004572,-0.0
1487,01430900008868,0.0
96,00252205051576,0.0
97,00252305022936,0.0
1488,01431100010300,0.0
1489,01431900046100,0.0
1490,01432100021756,-0.0
1491,01432300023188,-0.0
1492,01432500026052,0.0
1493,01433000030348,0.0
1494,01433500047532,-0.0
1495,01433600048964,-0.0
1496,01433900050396,-0.0
1497,01440204001556,-0.0
1498,01440404004420,0.0
1499,01440504005852,-0.0
1500,01440704054540,0.0
1501,01441104010148,0.0
1502,01441204013012,-0.0
1503,01441304014444,-0.0
1504,01441404015876,-0.0
1505,01441504017308,0.0
1506,01441604018740,-0.0
1507,01441804040220,-0.0
1508,01442004041652,-0.0
1509,01442204051676,0.0
1510,01442604027332,-0.0
1511,01442704043084,-0.0
1512,01442804044516,0.0
1513,01443004030196,-0.0
1514,01443204055972,0.0
1515,01443304033060,-0.0
1516,01443704035924,-0.0
1517,01443804037356,-0.0
1518,01443904050244,0.0
1519,01444004053108,0.0
1520,01450100000125,0.0
1521,01450200001557,0.0
1522,01450400004421,0.0
1523,01450500005853,-0.0
1524,01450600007285,0.0
1525,01450700054541,0.0
1526,01451200013013,-0.0
1527,01451300014445,-0.0
1528,01451700020173,-0.0
1529,01451900045949,0.0
1530,01452000041653,0.0
1531,01452300023037,0.0
1532,01452600027333,-0.0
1533,01452700043085,0.0
1534,01452800044517,0.0
1535,01453000030197,0.0
1536,01453300033061,-0.0
1537,01453500047381,0.0
1538,01453600048813,0.0
1539,01453700035925,-0.0
1540,01453800037357,-0.0
1541,01454000053109,-0.0
1542,01460104000126,0.0
1543,01460204001558,0.0
1544,01460404004422,0.0
1545,01460504005854,-0.0
1546,01461004011582,-0.0
1547,01461204013014,-0.0
1548,01461504017310,0.0
1549,01461704020174,-0.0
1550,01461804040222,-0.0
1551,01462004041654,0.0
1552,01462104021606,0.0
1553,01462204051678,0.0
1554,01462304023038,0.0
1555,01462404024470,0.0
1556,01462504025902,0.0
1557,01462604027334,-0.0
1558,01462704043086,0.0
1559,01462804044518,0.0
1560,01462904028766,0.0
1561,01463304033062,-0.0
1562,01463604048814,0.0
1563,01463704035926,-0.0
1564,01463804037358,-0.0
1565,01464004053110,-0.0
1566,01470204001559,-0.0
1567,01470404004423,0.0
1568,01470604007287,-0.0
1569,01470704054543,0.0
1570,01470904008719,-0.0
1571,01471004011583,-0.0
1572,01471104010151,0.0
1573,01471204013015,-0.0
1574,01471404015879,-0.0
1575,01471504017311,0.0
1576,01471704020175,-0.0
1577,01471804040223,-0.0
1578,01471904045951,0.0
1579,01472004041655,0.0
1580,01472204051679,0.0
1581,01472304023039,0.0
1582,01472404024471,0.0
1583,01472504025903,0.0
1584,01472604027335,-0.0
1585,01472704043087,-0.0
1586,01472804044519,-0.0
1587,01472904028767,-0.0
1588,01473304033063,-0.0
1589,01473604048815,0.0
1590,01474004053111,-0.0
1591,01480304002992,0.0
1592,01480404004424,0.0
1593,01480504005856,0.0
1594,01480804038792,-0.0
1595,01481104010152,0.0
1596,01481204013016,0.0
1597,01481704020176,-0.0
1598,01481804040224,-0.0
1599,01481904045952,0.0
1600,01482004041656,0.0
1601,01482404024472,0.0
1602,01482504025904,0.0
1603,01482604027336,0.0
1604,01482704043088,0.0
1605,01482804044520,0.0
1606,01482904028768,0.0
1607,01484004053112,-0.0
1608,01490104000129,0.0
1609,01490304002993,-0.0
1610,01490404004425,0.0
1611,01490904008721,-0.0
1612,01491104010153,0.0
1613,01491204013017,-0.0
1614,01491304014449,-0.0
1615,01491404015881,-0.0
1616,01491504017313,0.0
1617,01491604018745,-0.0
1618,01491804040225,-0.0
1619,01492004041657,-0.0
1620,01492104021609,0.0
1621,01492304023041,0.0
1622,01492404024473,0.0
1623,01492504025905,0.0
1624,01492804044521,0.0
1625,01492904028769,-0.0
1626,01493104031633,-0.0
1627,01493504047385,0.0
1628,01493604048817,0.0
1629,01493704035929,-0.0
1630,01493904050249,-0.0
1631,01494004053113,-0.0
1632,01500204001562,0.0
1633,01500304002994,-0.0
1634,01500404004426,0.0
1635,01500604007290,0.0
1636,01500704054546,0.0
1637,01500904008722,-0.0
1638,01501204013018,0.0
1639,01501604018746,0.0
1640,01501804040226,-0.0
1641,01502004041658,0.0
1642,01502204051682,0.0
1643,01502304023042,0.0
1644,01502604027338,-0.0
1645,01502704043090,-0.0
1646,01502804044522,-0.0
1647,01502904028770,-0.0
1648,01503804037362,0.0
1649,01510104000131,0.0
1650,01510204001563,-0.0
1651,01510304002995,0.0
1652,01510604007291,-0.0
1653,01510704054547,0.0
1654,01510804038795,0.0
1655,01511104010155,0.0
1656,01511204013019,-0.0
1657,01511404015883,-0.0
1658,01511504017315,0.0
1659,01511604018747,-0.0
1660,01511704020179,-0.0
1661,01511804040227,-0.0
1662,01512004041659,-0.0
1663,01512104021611,0.0
1664,01512404024475,0.0
1665,01512504025907,0.0
1666,01512904028771,0.0
1667,01513104031635,0.0
1668,01513504047387,0.0
1669,01513604048819,0.0
1670,01513904050251,0.0
1671,01520204001564,0.0
1672,01520304002996,0.0
1673,01520404004428,0.0
1674,01520604007292,0.0
1675,01520704054548,0.0
1676,01520804038796,0.0
1677,01521204013020,0.0
1678,01521304014452,-0.0
1679,01521404015884,-0.0
1680,01521504017316,0.0
1681,01521604018748,-0.0
1682,01521704020180,-0.0
1683,01521804040228,-0.0
1684,01521904045956,0.0
1685,01522004041660,0.0
1686,01522104021612,0.0
1687,01522304023044,0.0
1688,01522404024476,0.0
1689,01522604027340,-0.0
1690,01522804044524,0.0
1691,01522904028772,0.0
1692,01523004030204,0.0
1693,01523104031636,0.0
1694,01523304033068,0.0
1695,01523504047388,0.0
1696,01523604048820,0.0
1697,01523804037364,0.0
1698,01523904050252,0.0
1699,01524004053116,-0.0
1700,01530104000133,0.0
1701,01530204001565,0.0
1702,01530304002997,-0.0
1703,01530404004429,0.0
1704,01530504005861,-0.0
1705,01530804038797,0.0
1706,01530904008725,-0.0
1707,01531204013021,-0.0
1708,01531304014453,-0.0
1709,01531404015885,-0.0
1710,01531504017317,0.0
1711,01531604018749,-0.0
1712,01531704020181,-0.0
1713,01531804040229,0.0
1714,01532004041661,0.0
1715,01532104021613,0.0
1716,01532504025909,-0.0
1717,01532804044525,0.0
1718,01532904028773,0.0
1719,01533104031637,0.0
1720,01533504047389,0.0
1721,01533604048821,0.0
1722,01533804037365,-0.0
1723,01540304002998,0.0
1724,01540504005862,-0.0
1725,01540604007294,0.0
1726,01540804038798,0.0
1727,01540904008726,0.0
1728,01541204013022,-0.0
1729,01541304014454,0.0
1730,01541404015886,-0.0
1731,01541504017318,0.0
1732,01541604018750,0.0
1733,01541804040230,-0.0
1734,01542204051686,0.0
1735,01542304023046,0.0
1736,01542904028774,0.0
1737,01543004030206,0.0
1738,01543104031638,0.0
1739,01543304033070,-0.0
1740,01543504047390,0.0
1741,01543604048822,0.0
1742,01543804037366,0.0
1743,01543904050254,-0.0
1744,01550304002999,-0.0
1745,01550604007295,-0.0
1746,01550804038799,0.0
1747,01551104010159,0.0
1748,01551304014455,0.0
1749,01551404015887,-0.0
1750,01551604018751,-0.0
1751,01551704020183,-0.0
1752,01551904045959,0.0
1753,01552004041663,0.0
1754,01552404024479,0.0
1755,01552704043095,-0.0
1756,01552904028775,0.0
1757,01553404034503,-0.0
1758,01560200001568,-0.0
1759,01561200013024,-0.0
1760,01561700020184,0.0
1761,01561800040232,0.0
1762,01562300023048,-0.0
1763,01562400024480,0.0
1764,01562600027344,0.0
1765,01563200055984,-0.0
1766,01563300033072,0.0
1767,01563400034504,0.0
1768,01563500047392,0.0
1769,01563800037368,0.0
1770,01570200001569,-0.0
1771,01570300003001,0.0
1772,01570900008729,-0.0
1773,01571300014457,0.0
1774,01571400015889,-0.0
1775,01571500017321,-0.0
1776,01571600018753,-0.0
1777,01571700020185,-0.0
1778,01571900045961,-0.0
1779,01572500025913,-0.0
18,00031900045826,0.0
1781,01572900028777,0.0
1782,01573400034505,-0.0
1783,01580200001570,-0.0
1784,01581000011594,-0.0
1785,01581200013026,-0.0
1786,01581400015890,-0.0
1787,01581600018754,0.0
1788,01581700020186,-0.0
1789,01582700043098,0.0
1790,01583400034506,-0.0
1791,01590200001571,-0.0
1792,01590800038803,-0.0
1793,01591000011595,-0.0
1794,01591200013027,-0.0
1795,01591400015891,-0.0
1796,01591600018755,-0.0
1797,01591700020187,-0.0
1798,01591800040235,0.0
1799,01592600027347,-0.0
16817,14170500007145,0.0
1801,01593800037371,0.0
1802,01600600007300,0.0
1803,01600800038804,-0.0
1804,01601000011596,-0.0
1805,01601200013028,0.0
1806,01601300014460,0.0
1807,01601400015892,-0.0
1839,01613604048829,0.0
1808,01601500017324,-0.0
1809,01601900045964,-0.0
1810,01602200051692,0.0
1811,01602500025916,-0.0
1812,01602700043100,0.0
1813,01603200055988,-0.0
1814,01603500047396,0.0
1815,01603600048828,0.0
1816,01603800037372,0.0
1817,01610104000141,0.0
1818,01610304003005,-0.0
1819,01610704054557,0.0
1820,01610904008733,-0.0
1821,01611104010165,-0.0
1822,01611204013029,-0.0
1855,01670504005875,-0.0
1824,01611404015893,-0.0
1825,01611504017325,-0.0
1826,01611604018757,-0.0
1827,01611704020189,-0.0
1828,01611904045965,0.0
1829,01612104021621,0.0
1830,01612204051693,0.0
1831,01612304023053,0.0
1832,01612404024485,-0.0
1833,01612504025917,0.0
1834,01612704043101,-0.0
1835,01612904028781,-0.0
1836,01613104031645,-0.0
1837,01613404034509,-0.0
1838,01613504047397,0.0
1871,01673404034515,-0.0
1840,01613704035941,-0.0
1841,01613804037373,-0.0
1842,01650500005873,-0.0
1843,01651300014465,0.0
1844,01652700043105,0.0
1845,01653300033081,-0.0
1846,01653700035945,0.0
1847,01660505005874,0.0
1848,01660605007306,0.0
16816,14170400005713,0.0
1850,01661805040242,0.0
1851,01663405034514,0.0
1852,01663705035946,0.0
1853,01663805037378,0.0
1854,01670204001579,0.0
1887,01681804040244,0.0
1856,01670604007307,0.0
1857,01670704054563,0.0
1858,01671004011603,0.0
1859,01671104010171,0.0
1860,01671204013035,0.0
1861,01671304014467,0.0
1862,01671404015899,0.0
1863,01671804040243,0.0
1864,01671904045971,0.0
1865,01672104021627,0.0
1866,01672204051699,0.0
1867,01672304023059,0.0
1868,01672404024491,0.0
1869,01672504025923,0.0
1870,01673304033083,-0.0
1903,01691305014469,0.0
1872,01673504047403,0.0
1873,01673704035947,0.0
1874,01673904050267,0.0
1875,01680104000148,0.0
1876,01680204001580,0.0
1877,01680504005876,-0.0
1878,01680604007308,0.0
1879,01680704054564,0.0
1880,01680804038812,0.0
1881,01680904008740,0.0
1882,01681104010172,0.0
1883,01681204013036,0.0
1884,01681304014468,0.0
1885,01681404015900,0.0
1886,01681604018764,0.0
1919,01700804038814,0.0
1888,01682004041676,0.0
1889,01682204051700,0.0
1890,01682304023060,0.0
1891,01682404024492,0.0
1892,01682504025924,0.0
1893,01682804044540,0.0
1894,01683004030220,0.0
1895,01683304033084,0.0
1896,01683404034516,-0.0
1897,01683504047404,0.0
1898,01690505005877,0.0
1899,01690605007309,0.0
1900,01690705054565,-0.0
1901,01690805038813,0.0
1902,01691005011605,0.0
1935,01710605007311,0.0
1904,01691405015901,0.0
1905,01691805040245,0.0
1906,01692005041677,0.0
1907,01692505025925,0.0
1908,01692605027357,0.0
1909,01693005030221,0.0
1910,01693305033085,0.0
1911,01693405034517,-0.0
1912,01693505047405,-0.0
1913,01693605048837,0.0
1914,01693805037381,-0.0
1915,01694005053133,0.0
1916,01700504005878,0.0
1917,01700604007310,0.0
1918,01700704054566,-0.0
1951,01720805038816,0.0
1920,01701004011606,0.0
1921,01701704020198,0.0
1922,01701904045974,-0.0
1923,01702004041678,0.0
1924,01702604027358,0.0
1925,01702704043110,0.0
1926,01703004030222,0.0
1927,01703104031654,-0.0
1928,01703304033086,0.0
1929,01703404034518,-0.0
1930,01703504047406,-0.0
1931,01703804037382,-0.0
1932,01710305003015,0.0
1933,01710405004447,0.0
1934,01710505005879,0.0
1967,01831101010187,-0.0
1936,01710805038815,0.0
1937,01711105010175,0.0
16847,14204003054404,0.0
1939,01711405015903,0.0
1940,01711705020199,0.0
1941,01711905045975,-0.0
1942,01712005041679,0.0
1943,01712105021631,-0.0
1944,01712205051703,0.0
1945,01712605027359,0.0
16844,14203703037220,0.0
1947,01713105031655,0.0
1948,01713405034519,0.0
16843,14203203057268,0.0
1950,01720505005880,0.0
1983,01843501047420,-0.0
1952,01721005011608,0.0
1953,01721605018768,0.0
1954,01721805040248,0.0
1955,01721905045976,0.0
1956,01722005041680,0.0
1957,01722705043112,0.0
1958,01722905028792,0.0
1959,01723005030224,0.0
1960,01723105031656,0.0
1961,01723305033088,0.0
1962,01723405034520,0.0
1963,01723805037384,0.0
1964,01732700043113,-0.0
16842,14203103032924,0.0
1966,01830401004459,0.0
1999,02060505005914,0.0
1968,01831901045987,-0.0
1969,01832301023075,0.0
1970,01832501025939,0.0
1971,01833201056011,0.0
1972,01833501047419,-0.0
1973,01833601048851,-0.0
1974,01833901050283,0.0
1975,01834001053147,0.0
1976,01840401004460,0.0
1977,01840701054580,-0.0
1978,01840901008756,-0.0
1979,01841101010188,-0.0
1980,01842301023076,0.0
1981,01842501025940,0.0
1982,01843201056012,-0.0
2015,02082005041716,-0.0
1984,02030500005911,-0.0
1985,02031000011639,-0.0
1986,02031200013071,0.0
1987,02032300023095,-0.0
1988,02033500047439,-0.0
1989,02033700035983,0.0
1990,02040300003048,-0.0
1991,02040500005912,-0.0
1992,02050300003049,-0.0
1993,02050500005913,-0.0
1994,02051000011641,-0.0
1995,02051400015937,-0.0
1996,02052000041713,-0.0
1997,02052900028825,-0.0
1998,02060305003050,-0.0
2030,02110200001623,0.0
2031,02110300003055,0.0
2000,02061205013074,0.0
2001,02061305014506,-0.0
2002,02061705020234,0.0
2003,02062305023098,-0.0
2004,02062905028826,-0.0
2005,02063305033122,0.0
2006,02063505047442,-0.0
2007,02063705035986,0.0
2008,02070305003051,-0.0
2009,02071005011643,-0.0
2011,02072005041715,-0.0
2012,02072905028827,-0.0
2013,02080505005916,0.0
2014,02081405015940,-0.0
2046,02113700035991,0.0
2047,02113800037423,0.0
2016,02100800038854,0.0
2017,02100900008782,-0.0
2018,02101000011646,-0.0
2019,02101500017374,-0.0
2020,02101900046014,-0.0
2021,02102000041718,0.0
2022,02102100021670,-0.0
2023,02102700043150,-0.0
2024,02102800044582,-0.0
2025,02103100031694,0.0
2026,02103300033126,-0.0
2027,02103600048878,-0.0
2028,02103700035990,0.0
2029,02103800037422,-0.0
2062,02140800038858,-0.0
2063,02140900008786,-0.0
2032,02110700054607,0.0
2033,02110800038855,0.0
2034,02111400015943,0.0
2035,02111700020239,0.0
2036,02112000041719,0.0
2037,02112200051743,0.0
2038,02112300023103,0.0
2039,02112500025967,0.0
2040,02112700043151,0.0
2041,02112900028831,-0.0
2042,02113100031695,0.0
2043,02113300033127,-0.0
2044,02113500047447,-0.0
2045,02113600048879,0.0
2078,02151400015947,0.0
2079,02151500017379,0.0
2048,02121800040288,0.0
2049,02123800037424,0.0
2050,02130200001625,-0.0
2051,02131800040289,0.0
2052,02131900046017,-0.0
2053,02132000041721,-0.0
2054,02132300023105,-0.0
2055,02132400024537,0.0
2056,02133000030265,-0.0
2057,02133300033129,-0.0
2058,02133600048881,-0.0
2059,02133800037425,-0.0
2060,02140200001626,-0.0
2061,02140400004490,0.0
2094,02171500017381,0.0
2095,02171700020245,-0.0
2064,02141000011650,0.0
2065,02141800040290,-0.0
2066,02141900046018,0.0
2067,02142000041722,-0.0
2068,02142300023106,-0.0
2069,02142500025970,-0.0
2070,02142900028834,0.0
2071,02143000030266,-0.0
2072,02143100031698,-0.0
2073,02143300033130,0.0
2074,02143500047450,-0.0
2075,02143800037426,-0.0
2076,02150300003059,-0.0
2077,02150800038859,0.0
2110,02190605007359,0.0
2111,02190805038863,0.0
2080,02151700020243,0.0
2081,02151800040291,0.0
2082,02152000041723,0.0
2083,02152100021675,0.0
2084,02152500025971,0.0
2085,02152700043155,0.0
2086,02152800044587,-0.0
2087,02152900028835,0.0
2088,02153000030267,0.0
2089,02153700035995,0.0
2090,02153800037427,0.0
2091,02170300003061,-0.0
2092,02170500005925,-0.0
2093,02171400015949,-0.0
2126,02193105031703,0.0
2127,02193305033135,0.0
2096,02171800040293,-0.0
2097,02171900046021,0.0
2098,02172000041725,-0.0
2099,02172700043157,-0.0
2100,02173100031701,-0.0
2101,02173300033133,-0.0
2102,02173400034565,-0.0
2103,02173800037429,-0.0
2104,02180405004494,0.0
2105,02180805038862,-0.0
2106,02181505017382,0.0
2107,02182105021678,-0.0
2108,02190305003063,0.0
2109,02190405004495,0.0
2142,02202105021680,0.0
2143,02202305023112,0.0
2112,02191005011655,0.0
16840,14202703044380,0.0
2114,02191505017383,0.0
2115,02191605018815,0.0
2116,02191705020247,0.0
2117,02191805040295,0.0
2118,02192005041727,0.0
2119,02192105021679,0.0
2120,02192205051751,0.0
2121,02192505025975,0.0
2122,02192605027407,0.0
2123,02192705043159,0.0
2124,02192905028839,0.0
2125,02193005030271,0.0
2158,02210600007361,-0.0
2159,02210800038865,0.0
2128,02193705035999,0.0
2129,02193805037431,0.0
2130,02200205001632,0.0
2131,02200305003064,0.0
2132,02200405004496,0.0
2133,02200905008792,0.0
2134,02201005011656,0.0
2135,02201105010224,0.0
2136,02201305014520,0.0
2137,02201505017384,0.0
2138,02201605018816,0.0
2139,02201705020248,0.0
2140,02201805040296,0.0
2141,02202005041728,0.0
2174,02213100031705,-0.0
2175,02213300033137,0.0
2144,02202405024544,0.0
2145,02202505025976,0.0
2146,02202605027408,0.0
2147,02202705043160,0.0
16839,14202503027196,0.0
2149,02203005030272,0.0
2150,02203105031704,0.0
2151,02203305033136,0.0
2152,02203405034568,0.0
2153,02203505047456,0.0
2154,02203605048888,0.0
2155,02203805037432,0.0
2156,02210300003065,0.0
2157,02210400004497,-0.0
2189,02222000041730,0.0
2190,02222200051754,0.0
2191,02222300023114,0.0
2160,02210900008793,-0.0
2161,02211100010225,-0.0
2162,02211300014521,0.0
2163,02211400015953,0.0
2164,02211700020249,0.0
2165,02211800040297,0.0
2166,02211900046025,-0.0
2167,02212100021681,-0.0
2168,02212200051753,0.0
2169,02212300023113,-0.0
2170,02212400024545,-0.0
2171,02212700043161,0.0
2173,02212900028841,0.0
2205,02241200013092,0.0
16838,14202203052972,0.0
2207,02241800040300,-0.0
2176,02213600048889,0.0
2177,02213700036001,0.0
2178,02213800037433,0.0
2179,02220400004498,-0.0
2180,02220500005930,0.0
2181,02220800038866,0.0
2182,02220900008794,0.0
2183,02221100010226,-0.0
2184,02221200013090,0.0
2185,02221400015954,0.0
2186,02221500017386,0.0
2187,02221600018818,0.0
2188,02221800040298,0.0
2221,02250605007365,0.0
2222,02251005011661,0.0
2223,02251205013093,0.0
2192,02222400024546,-0.0
2193,02222500025978,-0.0
2194,02222600027410,0.0
2195,02222700043162,0.0
2196,02222800044594,-0.0
2197,02222900028842,0.0
2198,02223100031706,0.0
2199,02223300033138,0.0
2200,02223400034570,0.0
2201,02223700036002,0.0
2202,02240200001636,0.0
2203,02240300003068,0.0
2204,02241100010228,-0.0
2237,02320700054628,0.0
2238,02321000011668,0.0
2239,02322000041740,0.0
2208,02242000041732,-0.0
2209,02242100021684,0.0
2210,02242600027412,-0.0
2211,02242700043164,-0.0
2212,02242900028844,0.0
2213,02243100031708,-0.0
2214,02243300033140,0.0
2215,02243400034572,0.0
2216,02243700036004,0.0
16837,14201803041516,0.0
2218,02250305003069,0.0
2219,02250405004501,0.0
2220,02250505005933,0.0
2253,02332600027421,0.0
2254,02332700043173,0.0
2255,02332900028853,0.0
2224,02251405015957,0.0
2225,02251505017389,0.0
2226,02251605018821,0.0
2227,02251805040301,0.0
2228,02252005041733,0.0
2229,02252605027413,0.0
2230,02252705043165,0.0
2231,02252905028845,0.0
2232,02253105031709,0.0
2233,02253305033141,0.0
2234,02253405034573,0.0
2235,02320100000212,0.0
2236,02320300003076,0.0
2269,02341000011670,0.0
2270,02341300014534,0.0
2271,02341400015966,0.0
2240,02323300033148,0.0
2241,02330200001645,0.0
2242,02330300003077,0.0
2243,02330600007373,0.0
2244,02330800038877,0.0
2245,02331000011669,0.0
2246,02331400015965,0.0
2247,02331500017397,0.0
2248,02331800040309,0.0
2249,02332000041741,0.0
2250,02332100021693,-0.0
2251,02332300023125,-0.0
2252,02332400024557,-0.0
2285,02370205001649,0.0
2286,02370305003081,0.0
2287,02370505005945,0.0
2256,02333100031717,-0.0
2257,02333300033149,0.0
2258,02333400034581,0.0
2259,02333500047469,-0.0
2260,02333600048901,-0.0
2261,02333700036013,0.0
2262,02333800037445,0.0
2263,02340200001646,0.0
2264,02340300003078,0.0
2265,02340500005942,0.0
2266,02340600007374,0.0
2267,02340800038878,0.0
2268,02340900008806,0.0
2301,02372405024561,0.0
2302,02372505025993,0.0
2303,02372605027425,0.0
2272,02341800040310,0.0
2273,02342000041742,0.0
2274,02342100021694,0.0
2275,02342200051766,0.0
2276,02342400024558,-0.0
2277,02342700043174,0.0
2278,02342900028854,0.0
2279,02343000030286,0.0
2280,02343100031718,0.0
2281,02343300033150,0.0
2282,02343400034582,0.0
2283,02343500047470,0.0
2284,02343700036014,0.0
2317,02392600027427,0.0
2318,02392700043179,0.0
2319,02393000030291,0.0
2288,02370705054633,0.0
2289,02370805038881,0.0
2290,02371205013105,0.0
2291,02371305014537,0.0
2292,02371405015969,0.0
2293,02371505017401,0.0
2294,02371705020265,0.0
2295,02371805040313,0.0
2296,02371905046041,0.0
2297,02372005041745,0.0
2298,02372105021697,0.0
2299,02372205051769,0.0
2300,02372305023129,0.0
2333,02421700020270,-0.0
2334,02421800040318,-0.0
2335,02421900046046,-0.0
2304,02372705043177,0.0
2305,02372905028857,0.0
2306,02373005030289,0.0
2307,02373105031721,0.0
2308,02373405034585,0.0
2309,02373605048905,0.0
2310,02373705036017,0.0
2311,02390400004515,0.0
2312,02390500005947,0.0
2313,02391200013107,0.0
2314,02391500017403,0.0
2315,02391600018835,0.0
2316,02391800040315,0.0
2348,02423700036022,-0.0
2349,02423800037454,-0.0
2350,02430100000223,-0.0
2351,02430400004519,-0.0
2320,02393100031723,0.0
2321,02393700036019,0.0
2322,02393800037451,0.0
2323,02420100000222,-0.0
2324,02420200001654,-0.0
2325,02420300003086,-0.0
2326,02420700054638,-0.0
2327,02420800038886,-0.0
2328,02420900008814,-0.0
2329,02421200013110,-0.0
2331,02421400015974,-0.0
2332,02421500017406,0.0
2363,02432000041751,-0.0
2364,02432300023135,-0.0
2365,02432400024567,-0.0
2366,02432600027431,-0.0
2367,02432700043183,-0.0
2336,02422000041750,-0.0
2337,02422200051774,-0.0
2338,02422300023134,-0.0
2339,02422400024566,-0.0
2340,02422600027430,-0.0
2341,02422700043182,-0.0
2343,02422900028862,-0.0
2344,02423200056070,-0.0
2345,02423300033158,-0.0
2346,02423400034590,-0.0
2347,02423600048910,-0.0
2379,02440600007384,-0.0
2380,02440700054640,-0.0
2381,02440800038888,-0.0
2382,02441000011680,-0.0
2383,02441200013112,-0.0
2352,02430700054639,-0.0
2353,02430800038887,-0.0
2354,02430900008815,0.0
2355,02431200013111,-0.0
2356,02431300014543,-0.0
2357,02431400015975,-0.0
2358,02431500017407,-0.0
2359,02431600018839,-0.0
2360,02431700020271,-0.0
2361,02431800040319,-0.0
2362,02431900046047,-0.0
2394,02442500026000,-0.0
2395,02442600027432,-0.0
2396,02442700043184,-0.0
2397,02442800044616,-0.0
2398,02442900028864,-0.0
2399,02443300033160,-0.0
2368,02432800044615,-0.0
2369,02432900028863,-0.0
2370,02433200056071,-0.0
2371,02433300033159,0.0
2372,02433400034591,0.0
2373,02433600048911,-0.0
2374,02433700036023,0.0
2376,02433900050343,-0.0
2377,02440100000224,-0.0
2378,02440300003088,-0.0
2409,02450800038889,0.0
2410,02450900008817,-0.0
2411,02451000011681,0.0
2412,02451000057569,0.0
2413,02451100010249,0.0
2414,02451100057533,0.0
2415,02451200013113,-0.0
2385,02441400015976,-0.0
2386,02441500017408,-0.0
2387,02441600018840,-0.0
2388,02441800040320,-0.0
2389,02441900046048,-0.0
2390,02442000041752,-0.0
2391,02442200051776,-0.0
2392,02442300023136,-0.0
2393,02442400024568,-0.0
2425,02451900046049,0.0
2426,02452000041753,0.0
2427,02452100021705,-0.0
2428,02452100057821,-0.0
2429,02452200051777,0.0
2430,02452300023137,-0.0
2431,02452500026001,0.0
2400,02443400034592,-0.0
2401,02443500047480,-0.0
2402,02443700036024,-0.0
2403,02443800037456,-0.0
2404,02443900050344,-0.0
2405,02450400004521,-0.0
2406,02450400057389,0.0
2407,02450600007385,-0.0
2408,02450700054641,-0.0
2441,02453300033161,-0.0
2442,02453400034593,-0.0
2443,02453500058469,0.0
2444,02453600058505,-0.0
2445,02453700036025,-0.0
2446,02453800037457,-0.0
2447,02453900050345,-0.0
2416,02451300014545,-0.0
2417,02451300057641,-0.0
2418,02451400015977,-0.0
2419,02451500017409,0.0
2420,02451500057713,0.0
2421,02451600018841,-0.0
2422,02451700020273,0.0
2423,02451700057785,0.0
2424,02451800040321,0.0
2457,02460800038890,0.0
2458,02460800058254,0.0
2459,02460900008818,0.0
2460,02461000011682,0.0
2461,02461000057570,0.0
2462,02461100057534,0.0
2463,02461200013114,0.0
2432,02452500057929,0.0
2433,02452600027433,-0.0
2434,02452600057965,-0.0
2435,02452700043185,-0.0
2436,02452800044617,0.0
2437,02452900028865,-0.0
2438,02453000030297,0.0
2439,02453000058037,0.0
2440,02453100031729,-0.0
2473,02461800058326,0.0
2474,02461900046050,0.0
2475,02461900058434,0.0
2476,02462000041754,0.0
2477,02462100057822,0.0
2478,02462200051778,0.0
2479,02462300057858,0.0
2448,02460100000226,0.0
2449,02460100057282,0.0
2450,02460200057318,0.0
2451,02460300057354,0.0
2452,02460400004522,0.0
2453,02460400057390,0.0
2454,02460600007386,0.0
2455,02460600057462,0.0
2456,02460700054642,0.0
2489,02463100031730,0.0
2490,02463100058074,0.0
2491,02463400034594,0.0
2492,02463500047482,0.0
2493,02463700036026,0.0
2494,02463700058182,0.0
2495,02463800037458,0.0
2464,02461200057606,0.0
2465,02461300057642,0.0
2466,02461400015978,0.0
2467,02461400057678,0.0
2468,02461500017410,0.0
2469,02461600018842,0.0
2470,02461700020274,0.0
2471,02461700057786,0.0
2472,02461800040322,0.0
2505,02470900057499,0.0
2506,02471000011683,0.0
2507,02471000057571,0.0
2508,02471100010251,0.0
2509,02471100057535,0.0
2510,02471200013115,-0.0
2511,02471200057607,-0.0
2480,02462400024570,0.0
2481,02462400057894,0.0
2482,02462500026002,0.0
2483,02462500057930,0.0
2484,02462600027434,0.0
2485,02462800044618,0.0
2486,02462900028866,0.0
2487,02463000030298,0.0
2488,02463000058038,0.0
2521,02472100021707,-0.0
2522,02472100057823,-0.0
2523,02472200051779,-0.0
2524,02472300023139,-0.0
2525,02472400024571,0.0
2526,02472500026003,0.0
2527,02472500057931,0.0
2496,02463800058218,0.0
2497,02463900050346,0.0
2498,02464000058578,0.0
2499,02470400057391,0.0
2500,02470500005955,0.0
2501,02470600007387,-0.0
2502,02470600057463,0.0
2503,02470700054643,0.0
2504,02470800038891,0.0
2537,02473400034595,0.0
2538,02473500058471,0.0
2539,02473600058507,-0.0
2540,02473800037459,-0.0
2541,02473900050347,-0.0
2542,02480300003092,-0.0
2543,02480400004524,0.0
2512,02471300014547,-0.0
2513,02471300057643,-0.0
2514,02471400015979,0.0
2515,02471500017411,0.0
2516,02471500057715,-0.0
2517,02471600018843,0.0
2518,02471700020275,0.0
2519,02471700057787,0.0
2520,02471900046051,0.0
2553,02481300014548,-0.0
2554,02481400015980,-0.0
2555,02481400057680,-0.0
2556,02481500017412,0.0
2557,02481500057716,-0.0
2558,02481600018844,0.0
2559,02481700020276,0.0
2528,02472600027435,-0.0
2529,02472600057967,-0.0
2530,02472800044619,0.0
2531,02472900028867,0.0
2532,02472900058003,0.0
2533,02473000058039,0.0
2534,02473100031731,0.0
2535,02473100058075,0.0
2536,02473300033163,-0.0
2569,02482900028868,0.0
2570,02482900058004,0.0
2571,02483000058040,0.0
2572,02483100031732,0.0
2573,02483100058076,0.0
2574,02483300033164,0.0
2575,02483400034596,0.0
2544,02480500005956,0.0
2545,02480600057464,-0.0
2546,02480700054644,0.0
2547,02480800038892,0.0
2548,02481000011684,0.0
2549,02481000057572,0.0
2550,02481100010252,0.0
2551,02481100057536,0.0
2552,02481200013116,0.0
2585,02490800038893,0.0
2586,02490900057501,-0.0
2587,02491100010253,0.0
2588,02491100057537,0.0
2589,02491300014549,-0.0
2590,02491300057645,-0.0
2591,02491400015981,0.0
2560,02481800058328,0.0
2561,02481900046052,0.0
2562,02482200051780,0.0
2563,02482400024572,0.0
2564,02482500026004,0.0
2565,02482600027436,0.0
2566,02482700043188,0.0
2567,02482700058364,0.0
2568,02482800044620,0.0
2601,02492100057825,-0.0
2602,02492200051781,-0.0
2603,02492300023141,-0.0
2604,02492400024573,0.0
2605,02492500026005,-0.0
2606,02492500057933,-0.0
2607,02492600027437,0.0
2576,02483400058148,0.0
2577,02483500058472,0.0
2578,02483600058508,-0.0
2579,02483900050348,-0.0
2580,02490100057285,-0.0
2581,02490400057393,-0.0
2582,02490500005957,0.0
2583,02490600007389,-0.0
2584,02490700054645,-0.0
2617,02493500058473,0.0
2618,02493600058509,-0.0
2619,02493800037461,-0.0
2620,02493900050349,-0.0
2621,02500100000230,-0.0
2622,02500100057286,-0.0
2623,02500200001662,-0.0
2592,02491500017413,-0.0
2593,02491500057717,-0.0
2594,02491600018845,0.0
2595,02491600057753,0.0
2596,02491700020277,0.0
2597,02491700057789,0.0
2598,02491800040325,0.0
2599,02491900046053,0.0
2600,02492100021709,-0.0
2633,02500700054646,-0.0
2634,02500800038894,-0.0
2635,02500800058258,-0.0
2636,02500900008822,-0.0
2637,02500900057502,-0.0
2638,02501000011686,-0.0
2639,02501200013118,-0.0
2608,02492600057969,-0.0
2609,02492700043189,-0.0
2610,02492800044621,0.0
2611,02492900028869,0.0
2612,02493100031733,-0.0
2613,02493100058077,-0.0
2614,02493300033165,-0.0
2615,02493300058113,-0.0
2616,02493500047485,0.0
2649,02501700057790,-0.0
2650,02501800040326,0.0
2651,02501800058330,0.0
2652,02501900046054,-0.0
2653,02501900058438,-0.0
2654,02502000058294,-0.0
2655,02502100057826,-0.0
2624,02500200057322,-0.0
2625,02500300003094,-0.0
2626,02500300057358,-0.0
2627,02500400004526,-0.0
2628,02500400057394,-0.0
2629,02500500005958,-0.0
2630,02500500057430,-0.0
2631,02500600007390,-0.0
2632,02500600057466,-0.0
2665,02502800058402,-0.0
2666,02502900028870,-0.0
2667,02502900058006,-0.0
2668,02503000058042,-0.0
2669,02503100031734,-0.0
2670,02503100058078,-0.0
2671,02503300058114,-0.0
2640,02501200057610,-0.0
2641,02501300014550,-0.0
2642,02501300057646,-0.0
2643,02501400015982,-0.0
2644,02501400057682,-0.0
2645,02501500017414,-0.0
2646,02501500057718,-0.0
2647,02501600057754,-0.0
2648,02501700020278,-0.0
2681,02770104000277,0.0
2682,02770204001709,0.0
2683,02770304003141,0.0
2684,02770404004573,0.0
2685,02770504006005,-0.0
2686,02770604007437,0.0
2687,02770704054693,0.0
2656,02502200058618,-0.0
2657,02502300057862,-0.0
2658,02502400024574,-0.0
2659,02502400057898,-0.0
2660,02502500057934,-0.0
2661,02502600027438,-0.0
2662,02502600057970,-0.0
2663,02502700058366,-0.0
2664,02502800044622,-0.0
2697,02771904046101,0.0
2698,02772004041805,-0.0
2699,02772104021757,0.0
2700,02772304023189,0.0
2701,02772404024621,0.0
2702,02772504026053,0.0
2703,02772604027485,0.0
2672,02503400058150,0.0
2673,02503500058474,-0.0
2674,02503600058510,-0.0
2675,02503700058186,-0.0
2676,02503800037462,-0.0
2677,02503800058222,-0.0
2678,02503900050350,-0.0
2679,02503900058546,-0.0
2680,02504000058582,-0.0
2713,02780300003142,-0.0
2714,02780400004574,-0.0
2715,02780500006006,-0.0
2716,02780600007438,0.0
2717,02780800038942,0.0
2718,02780900008870,-0.0
2719,02781000011734,0.0
2688,02770804038941,0.0
2689,02770904008869,0.0
2690,02771004011733,0.0
2691,02771104010301,0.0
2692,02771204013165,0.0
2693,02771304014597,-0.0
2694,02771404016029,-0.0
2695,02771504017461,0.0
2696,02771704020325,-0.0
2728,02782000041806,-0.0
2729,02782100021758,0.0
2730,02782300023190,-0.0
2731,02782400024622,0.0
2732,02782500026054,0.0
2733,02782600027486,0.0
2734,02782900028918,0.0
2735,02783000030350,0.0
2704,02772904028917,-0.0
2705,02773004030349,0.0
2706,02773104031781,0.0
2707,02773504047533,0.0
2708,02773604048965,0.0
2709,02773804037509,0.0
2710,02773904050397,0.0
2712,02780200001710,0.0
2744,02791005011735,0.0
2745,02791105010303,-0.0
2746,02791205013167,-0.0
2747,02791305014599,-0.0
2748,02791405016031,0.0
2749,02791505017463,-0.0
2750,02791605018895,0.0
2751,02791705020327,-0.0
2720,02781100010302,-0.0
2721,02781200013166,-0.0
2722,02781300014598,-0.0
2723,02781400016030,0.0
2724,02781500017462,-0.0
2725,02781600018894,0.0
2726,02781700020326,-0.0
2727,02781900046102,-0.0
2760,02793305033215,0.0
2761,02793705036079,-0.0
2762,02793805037511,-0.0
2763,02801200013168,-0.0
2764,02801600018896,-0.0
2765,02801700020328,0.0
2766,02803300033216,-0.0
2767,02803700036080,0.0
2736,02783100031782,0.0
2737,02783300033214,0.0
2738,02783500047534,0.0
2739,02783800037510,-0.0
2740,02790405004575,0.0
2741,02790505006007,-0.0
2742,02790605007439,0.0
2743,02790805038943,0.0
2776,02821700020330,0.0
2777,02822600027490,0.0
2778,02822900028922,-0.0
2779,02823300033218,-0.0
2780,02831000011739,-0.0
2781,02831200013171,-0.0
2782,02831600018899,0.0
2783,02831700020331,0.0
2752,02791905046103,-0.0
2753,02792105021759,-0.0
2754,02792305023191,-0.0
2755,02792405024623,-0.0
2756,02792505026055,0.0
2757,02792605027487,0.0
2758,02792905028919,0.0
2759,02793105031783,0.0
2792,02840800038948,0.0
2793,02840900008876,0.0
2794,02841000011740,0.0
2795,02841100010308,-0.0
2796,02841300014604,0.0
2797,02841500017468,-0.0
2798,02841600018900,-0.0
2799,02841700020332,0.0
2768,02811200013169,-0.0
2769,02811600018897,0.0
2770,02811700020329,0.0
2771,02812600027489,0.0
2772,02813300033217,-0.0
2773,02813700036081,0.0
2774,02821200013170,0.0
2775,02821600018898,0.0
2808,02843600048972,-0.0
2809,02843700036084,0.0
2810,02843800037516,0.0
2811,02850100000285,0.0
2812,02850300003149,0.0
2813,02850500006013,0.0
2814,02850600007445,0.0
2815,02850700054701,0.0
2784,02833300033219,-0.0
2785,02833700036083,0.0
2786,02840100000284,0.0
2787,02840200001716,0.0
2788,02840400004580,0.0
2789,02840500006012,0.0
2790,02840600007444,0.0
2791,02840700054700,-0.0
2824,02851800040381,0.0
2825,02851900046109,0.0
2826,02852200051837,0.0
2827,02852300023197,0.0
2828,02852400024629,0.0
2829,02852500026061,0.0
2830,02852800044677,0.0
2831,02852900028925,0.0
2800,02842200051836,0.0
2801,02842300023196,0.0
2802,02842400024628,0.0
2803,02842500026060,0.0
2804,02842900028924,0.0
2805,02843000030356,0.0
2806,02843100031788,0.0
2807,02843300033220,0.0
2840,02860300003150,0.0
2841,02860400004582,0.0
2842,02860600007446,0.0
2843,02860800038950,0.0
2844,02860900008878,0.0
2845,02861000011742,0.0
2846,02861100010310,0.0
2847,02861200013174,0.0
2816,02850800038949,0.0
2817,02850900008877,0.0
2818,02851000011741,0.0
2819,02851100010309,0.0
2820,02851400016037,0.0
2821,02851500017469,0.0
2822,02851600018901,0.0
2823,02851700020333,0.0
2856,02862900028926,0.0
2857,02863300033222,0.0
2858,02863500047542,0.0
2859,02863600048974,0.0
2860,02863700036086,0.0
2861,02870200001719,-0.0
2862,02870900008879,-0.0
2863,02871100010311,-0.0
2832,02853000030357,0.0
2833,02853100031789,0.0
2834,02853300033221,0.0
2835,02853400034653,0.0
2836,02853500047541,0.0
2837,02853600048973,0.0
2838,02853800037517,0.0
2839,02860100000286,0.0
2872,02881305014608,-0.0
2873,02881505017472,0.0
2874,02882005041816,0.0
2875,02882105021768,0.0
2876,02882505026064,0.0
2877,02882705043248,0.0
2878,02882905028928,0.0
2879,02883405034656,-0.0
2848,02861500017470,0.0
2849,02861600018902,0.0
2850,02861700020334,0.0
2851,02861900046110,0.0
2852,02862200051838,0.0
2853,02862300023198,0.0
2854,02862500026062,0.0
2855,02862700043246,0.0
2888,02890805038957,-0.0
2889,02891005011749,0.0
2890,02891105010317,0.0
2891,02891205013181,-0.0
2892,02891305014613,0.0
2893,02891505017477,0.0
2894,02891605018909,0.0
2895,02891905046117,0.0
2864,02871500017471,-0.0
2865,02872000041815,-0.0
2866,02872100021767,-0.0
2867,02872500026063,-0.0
2868,02872900028927,-0.0
2869,02873400034655,-0.0
2870,02880405004584,0.0
2871,02880905008880,0.0
2904,02894005053277,0.0
2905,02900101000289,-0.0
2906,02900201001721,-0.0
2907,02900301003153,-0.0
2908,02900401004585,-0.0
2909,02900601007449,0.0
2910,02900701054705,-0.0
2911,02900901008881,-0.0
2880,02883805037520,0.0
2881,02890105000293,0.0
2882,02890205001725,-0.0
2883,02890305003157,0.0
2884,02890405004589,0.0
2885,02890505006021,0.0
2886,02890605007453,-0.0
2887,02890705054709,0.0
2920,02902401024633,-0.0
2921,02902501026065,-0.0
2922,02902701043249,-0.0
2923,02902801044681,-0.0
2924,02902901028929,-0.0
2925,02903001030361,-0.0
2926,02903401034657,-0.0
2927,02903501047545,-0.0
2896,02892305023205,0.0
2897,02892405024637,0.0
2898,02892505026069,0.0
2899,02892705043253,-0.0
16836,14201703021468,0.0
2901,02892905028933,0.0
2902,02893105031797,-0.0
2903,02893705036093,0.0
2936,02911900046114,0.0
2937,02912200051842,-0.0
2938,02912300023202,-0.0
2939,02912400024634,-0.0
2940,02913500047546,-0.0
2941,02920705054707,0.0
2942,02920805038955,0.0
2943,02920905008883,0.0
2912,02901001011745,-0.0
2913,02901201013177,0.0
2914,02901301014609,0.0
2915,02901501017473,-0.0
2916,02901701020337,0.0
2917,02901901046113,-0.0
2918,02902001041817,0.0
2919,02902101021769,-0.0
2952,02923905050411,-0.0
2953,02924005053275,-0.0
2954,02930405004588,0.0
2955,02930705054708,0.0
2956,02930805038956,0.0
2957,02930905008884,0.0
2958,02931905046116,0.0
2959,02932205051844,0.0
2928,02903601048977,-0.0
2929,02903801037521,0.0
2930,02903901050409,-0.0
2931,02910400004586,-0.0
2932,02910800038954,-0.0
2933,02910900008882,-0.0
2934,02911100010314,-0.0
2935,02911500017474,-0.0
2968,02952000041823,-0.0
2969,02952300023207,-0.0
2970,02952700043255,-0.0
2971,02952800044687,-0.0
2972,02953100031799,-0.0
2973,02960400004592,0.0
2974,02963600048984,0.0
2975,03020205001734,-0.0
2944,02921105010315,0.0
2945,02921505017475,0.0
2946,02922205051843,0.0
2947,02922305023203,0.0
2948,02922405024635,0.0
2949,02922505026067,0.0
2950,02923005030363,0.0
2951,02923605048979,0.0
2984,03021305014622,-0.0
2985,03021505017486,-0.0
2986,03021705020350,-0.0
2987,03021805040398,-0.0
2988,03021905046126,0.0
2989,03022005041830,-0.0
2990,03022505026078,0.0
2991,03022905028942,-0.0
2960,02932405024636,0.0
2961,02932505026068,0.0
2962,02932805044684,0.0
2963,02933005030364,0.0
2964,02933605048980,0.0
2965,02933905050412,0.0
2966,02934005053276,0.0
2967,02950400004591,-0.0
3000,03040300003168,-0.0
3001,03040400004600,0.0
3002,03040500006032,0.0
3003,03040800038968,0.0
3004,03040900008896,0.0
3005,03041000011760,0.0
3006,03041200013192,0.0
3007,03041300014624,0.0
2976,03020405004598,-0.0
2977,03020505006030,0.0
2978,03020605007462,0.0
2979,03020705054718,0.0
2980,03020805038966,0.0
2981,03020905008894,0.0
2982,03021005011758,-0.0
2983,03021205013190,-0.0
3016,03043000030376,-0.0
3017,03043500047560,0.0
3018,03043700036104,0.0
3019,03050200001737,0.0
3020,03050300003169,-0.0
3021,03050400004601,0.0
3022,03050500006033,0.0
3023,03050700054721,0.0
2992,03023005030374,-0.0
2993,03023405034670,-0.0
2994,03023505047558,-0.0
2995,03023705036102,0.0
2996,03031800040399,0.0
2997,03032900028943,0.0
2998,03033800037535,0.0
2999,03040200001736,0.0
3032,03052100021785,0.0
3033,03052300023217,0.0
3034,03052400024649,0.0
3035,03052500026081,0.0
3036,03052800044697,0.0
3037,03053000030377,-0.0
3038,03053100031809,0.0
3039,03053500047561,0.0
3008,03041400016056,-0.0
3009,03041500017488,0.0
3010,03041700020352,-0.0
3011,03041800040400,-0.0
3012,03041900046128,0.0
3013,03042300023216,0.0
3014,03042400024648,0.0
3015,03042500026080,0.0
3048,03061600018923,-0.0
3049,03061700020355,0.0
3050,03061800040403,0.0
3051,03062000041835,0.0
3052,03062100021787,-0.0
3053,03062200051859,0.0
3054,03062400024651,0.0
3055,03062700043267,0.0
3024,03050900008897,0.0
3025,03051000011761,0.0
3026,03051200013193,0.0
3027,03051300014625,0.0
3028,03051400016057,-0.0
3029,03051500017489,0.0
3030,03051700020353,-0.0
3031,03051900046129,0.0
3064,03070400004602,-0.0
3065,03070500006034,0.0
3066,03070600007466,-0.0
3067,03070800038970,0.0
3068,03070900008898,0.0
3069,03071200013194,0.0
3070,03071400016058,0.0
16835,14200803040084,0.0
3040,03060400004603,-0.0
3041,03060500006035,0.0
3042,03060600007467,0.0
3043,03060800038971,0.0
3044,03060900008899,0.0
3045,03061200013195,0.0
3046,03061400016059,0.0
3047,03061500017491,0.0
3080,03072600027514,-0.0
3081,03072700043266,0.0
3082,03073000030378,0.0
3083,03073400034674,0.0
3084,03073500047562,0.0
3085,03073700036106,0.0
3086,03073800037538,0.0
3087,03080200001740,0.0
3056,03063000030379,0.0
3057,03063100031811,0.0
3058,03063400034675,0.0
3059,03063500047563,-0.0
3060,03063600048995,-0.0
3061,03063700036107,0.0
3062,03063800037539,0.0
3063,03070200001738,0.0
3096,03081800040404,0.0
3097,03081900046132,0.0
3098,03082000041836,0.0
3099,03082100021788,-0.0
3100,03082300023220,0.0
3101,03082400024652,0.0
3102,03082500026084,-0.0
3103,03082600027516,0.0
3072,03071700020354,-0.0
3073,03071800040402,0.0
3074,03071900046130,0.0
3075,03072000041834,0.0
3076,03072100021786,-0.0
3077,03072300023218,-0.0
3078,03072400024650,0.0
3079,03072500026082,0.0
3112,03090200001741,0.0
3113,03090300003173,0.0
3114,03090400004605,0.0
3115,03090500006037,0.0
3116,03090700054725,-0.0
3117,03090800038973,0.0
3118,03090900008901,0.0
16834,14200703055836,0.0
3088,03080400004604,-0.0
3089,03080500006036,0.0
3090,03080600007468,0.0
3091,03080700054724,-0.0
3092,03080900008900,0.0
3093,03081200013196,0.0
3094,03081400016060,0.0
3095,03081700020356,0.0
3128,03092400024653,0.0
3129,03092500026085,0.0
3130,03092600027517,0.0
3131,03092700043269,0.0
3132,03093000030381,0.0
3133,03093100031813,0.0
3134,03093400034677,0.0
3135,03093500047565,0.0
3104,03082700043268,0.0
3105,03083000030380,-0.0
3106,03083400034676,0.0
3107,03083500047564,-0.0
3108,03083600048996,-0.0
3109,03083700036108,0.0
3110,03083800037540,0.0
3111,03090100000309,0.0
3144,03100800038974,0.0
16801,14161800041512,0.0
3146,03101400016062,0.0
3147,03101500017494,0.0
3148,03101700020358,0.0
3149,03101900046134,0.0
3150,03102300023222,0.0
3151,03102400024654,0.0
3120,03091400016061,0.0
3121,03091500017493,0.0
3122,03091600018925,0.0
3123,03091700020357,0.0
3124,03091800040405,0.0
3125,03091900046133,0.0
3126,03092000041837,0.0
3127,03092300023221,0.0
3160,03110100000311,-0.0
3161,03110200001743,-0.0
3162,03110300003175,-0.0
3163,03110400004607,0.0
3164,03110500006039,-0.0
3165,03110800038975,-0.0
3166,03110900008903,-0.0
3167,03111300014631,-0.0
3136,03093600048997,0.0
3137,03093700036109,0.0
3138,03093800037541,0.0
3139,03100100000310,0.0
3140,03100200001742,0.0
3141,03100300003174,0.0
3142,03100400004606,0.0
3143,03100500006038,0.0
3176,03112600027519,0.0
3177,03113000030383,-0.0
3178,03113400034679,-0.0
3179,03113500047567,-0.0
3180,03113600048999,-0.0
3181,03120100000312,0.0
3182,03120200001744,0.0
3183,03120300003176,0.0
3152,03102500026086,0.0
3153,03102600027518,0.0
3154,03102800044702,-0.0
3155,03103100031814,0.0
3156,03103400034678,0.0
3157,03103500047566,0.0
3158,03103600048998,0.0
3159,03103800037542,0.0
3192,03121700020360,0.0
3193,03121900046136,0.0
3194,03122100021792,0.0
3195,03122400024656,0.0
3196,03122500026088,0.0
3197,03122600027520,0.0
3198,03123000030384,0.0
3199,03123400034680,0.0
3168,03111400016063,-0.0
3169,03111500017495,-0.0
3170,03111600018927,0.0
3171,03111700020359,0.0
3172,03111900046135,-0.0
3173,03112100021791,-0.0
3174,03112300023223,-0.0
3175,03112500026087,0.0
16800,14161300015736,0.0
3209,03131400016065,0.0
3210,03131500017497,0.0
3211,03131600018929,0.0
3212,03131700020361,0.0
3213,03131800040409,0.0
3214,03132000041841,0.0
3215,03132100021793,-0.0
3184,03120400004608,0.0
3185,03120500006040,0.0
3186,03120700054728,0.0
3187,03120900008904,0.0
3188,03121100010336,0.0
3189,03121300014632,0.0
3190,03121400016064,0.0
3191,03121500017496,0.0
3224,03261300014640,0.0
3225,03261400016072,-0.0
3226,03261700020368,0.0
3227,03263300033256,0.0
3228,03263800037552,0.0
3229,03270200001753,0.0
3230,03271300014641,0.0
3231,03271700020369,0.0
3200,03123500047568,0.0
3201,03123600049000,0.0
3202,03123800037544,0.0
3203,03130100000313,0.0
3204,03130200001745,0.0
3205,03130300003177,0.0
3206,03130400004609,0.0
3207,03130700054729,0.0
3240,03293300033259,0.0
3241,03300200001756,0.0
16831,14190305004283,0.0
3243,03302900028964,0.0
3244,03303300033260,0.0
3245,03310200001757,0.0
3246,03311300014645,0.0
3247,03313300033261,0.0
3216,03132200051865,0.0
3217,03132300023225,0.0
3218,03132500026089,0.0
3219,03133000030385,0.0
3220,03133100031817,0.0
3221,03133700036113,0.0
3222,03133800037545,0.0
3223,03260200001752,0.0
3256,03341700020376,0.0
3257,03343100031832,0.0
3258,03343300033264,-0.0
3259,03343800037560,0.0
3260,03350200001761,0.0
3261,03351700020377,0.0
3262,03352900028969,0.0
3263,03353100031833,0.0
3232,03273800037553,0.0
3233,03280200001754,0.0
3234,03281300014642,0.0
3235,03282900028962,-0.0
3236,03283300033258,0.0
3237,03290200001755,0.0
3238,03291300014643,0.0
3239,03291700020371,0.0
3272,03370200001763,0.0
3273,03371700020379,0.0
3274,03373100031835,0.0
3275,03373300033267,0.0
3276,03381700020380,0.0
3277,03383100031836,0.0
3278,03390200001765,0.0
3279,03392900028973,0.0
3248,03321400016078,-0.0
3249,03321700020374,0.0
3250,03323100031830,0.0
3251,03323300033262,-0.0
3252,03331400016079,-0.0
3253,03331700020375,0.0
3254,03333100031831,0.0
3255,03333800037559,0.0
3288,03510300003215,-0.0
3289,03510400004647,0.0
3290,03510700054767,0.0
3291,03510900008943,0.0
3292,03511000011807,0.0
3293,03511100010375,-0.0
3294,03511700020399,0.0
3295,03512000041879,0.0
3264,03353300033265,0.0
3265,03353800037561,0.0
3266,03360200001762,0.0
3267,03361200013218,0.0
3268,03361700020378,0.0
3269,03363100031834,0.0
3270,03363300033266,0.0
3271,03363800037562,0.0
3304,03513300033287,0.0
3305,03513400034719,0.0
3306,03513600049039,0.0
3307,03513700036151,-0.0
3308,03513800037583,-0.0
3309,03520100000352,0.0
3310,03520200001784,-0.0
3311,03520300003216,0.0
3280,03393100031837,0.0
3281,03400200001766,0.0
3282,03401400016086,0.0
3283,03401700020382,0.0
3284,03402900028974,0.0
3285,03403100031838,0.0
3286,03403800037566,0.0
3287,03510200001783,-0.0
3320,03521400016104,-0.0
3321,03521500017536,0.0
3322,03521600018968,-0.0
3323,03521700020400,-0.0
3324,03521900046176,-0.0
3325,03522000041880,-0.0
3326,03522400024696,-0.0
3327,03522500026128,0.0
3296,03512100021831,0.0
3297,03512200051903,0.0
3298,03512400024695,0.0
3299,03512500026127,0.0
3300,03512600027559,0.0
3301,03512900028991,-0.0
3302,03513000030423,-0.0
3303,03513200056199,-0.0
3335,03530100000353,0.0
3337,03530300003217,0.0
3338,03530400004649,0.0
3339,03530500006081,-0.0
3340,03530700054769,0.0
3341,03530800039017,0.0
3342,03530900008945,0.0
3343,03531000011809,-0.0
3312,03520400004648,0.0
3313,03520500006080,-0.0
3314,03520700054768,0.0
3315,03520800039016,0.0
3316,03521000011808,-0.0
3317,03521100010376,-0.0
3318,03521200013240,-0.0
3319,03521300014672,-0.0
3350,03532100021833,0.0
3351,03532300023265,-0.0
3352,03532400024697,-0.0
3353,03532500026129,0.0
3354,03532600027561,0.0
3356,03532800044745,0.0
3357,03533000030425,0.0
3358,03533100031857,-0.0
3359,03533200056201,-0.0
3328,03522600027560,0.0
3329,03522900028992,-0.0
3330,03523000030424,0.0
3331,03523200056200,-0.0
3332,03523500047608,0.0
3333,03523600049040,0.0
3334,03523700036152,-0.0
3365,03540100000354,-0.0
3366,03540200001786,-0.0
3367,03540300003218,-0.0
3368,03540400004650,-0.0
3369,03540700054770,-0.0
3370,03540800039018,-0.0
3371,03540900008946,-0.0
3372,03541000011810,-0.0
3373,03541100010378,-0.0
3374,03541200013242,-0.0
3375,03541300014674,-0.0
3344,03531100010377,-0.0
3345,03531400016105,-0.0
3346,03531500017537,0.0
3347,03531800040449,-0.0
3349,03532000041881,-0.0
3381,03541900046178,-0.0
3382,03542300023266,-0.0
3383,03542500026130,-0.0
3384,03542600027562,-0.0
3385,03542800044746,-0.0
3386,03543000030426,-0.0
3387,03543100031858,-0.0
3388,03543200056202,-0.0
3389,03543500047610,-0.0
3390,03550100000355,-0.0
3391,03550200001787,-0.0
3360,03533400034721,0.0
3361,03533500047609,0.0
3362,03533800037585,-0.0
3363,03533900050473,0.0
3364,03534000053337,0.0
3397,03551200013243,-0.0
3398,03551300014675,-0.0
3399,03551400016107,-0.0
3400,03551500017539,-0.0
3401,03551600018971,-0.0
3402,03551800040451,-0.0
3403,03551900046179,-0.0
3404,03552100021835,-0.0
3405,03552200051907,-0.0
3406,03552500026131,-0.0
3407,03552600027563,-0.0
3376,03541400016106,-0.0
3377,03541500017538,-0.0
3378,03541600018970,-0.0
3379,03541700020402,-0.0
3380,03541800040450,-0.0
3413,03553500047611,-0.0
3414,03553700036155,-0.0
3415,03560100000356,-0.0
3416,03560200001788,-0.0
3417,03560300003220,-0.0
3418,03560700054772,-0.0
3419,03561100010380,-0.0
3420,03561200013244,-0.0
3421,03561300014676,-0.0
3422,03561400016108,-0.0
3423,03561600018972,-0.0
3392,03550300003219,-0.0
3393,03550400004651,-0.0
3394,03550700054771,-0.0
3395,03551000011811,-0.0
3396,03551100010379,-0.0
3429,03562600027564,-0.0
3430,03562700043316,-0.0
3431,03563000030428,-0.0
3432,03563100031860,-0.0
3433,03563200056204,-0.0
3434,03563400034724,-0.0
3435,03563700036156,-0.0
3436,03564000053340,-0.0
3437,03570100000357,0.0
3438,03570200001789,-0.0
3439,03570300003221,-0.0
3408,03552800044747,-0.0
3409,03553000030427,-0.0
3410,03553100031859,-0.0
3411,03553200056203,-0.0
3412,03553400034723,-0.0
3445,03571500017541,0.0
3446,03571700020405,-0.0
3447,03571800040453,-0.0
3448,03572000041885,-0.0
3449,03572200051909,0.0
3450,03572300023269,0.0
3451,03572400024701,0.0
3452,03572500026133,0.0
3453,03572600027565,-0.0
3454,03572700043317,-0.0
3455,03572800044749,0.0
3424,03561700020404,-0.0
3425,03562000041884,-0.0
3426,03562200051908,-0.0
3427,03562400024700,-0.0
3428,03562500026132,-0.0
3460,03574000053341,0.0
3461,03580100000358,0.0
3462,03580200001790,-0.0
3463,03580300003222,-0.0
3464,03580400004654,0.0
3465,03580600007518,-0.0
3466,03580700054774,0.0
3467,03580800039022,0.0
3468,03580900008950,0.0
3469,03581000011814,-0.0
3471,03581400016110,-0.0
3440,03570400004653,0.0
3441,03570800039021,0.0
3442,03570900008949,0.0
3443,03571000011813,-0.0
3444,03571100010381,-0.0
3476,03582200051910,0.0
3477,03582300023270,0.0
3478,03582400024702,0.0
3479,03582500026134,0.0
3480,03582600027566,-0.0
3481,03582700043318,-0.0
3482,03582800044750,0.0
3483,03583000030430,-0.0
3484,03583100031862,-0.0
3485,03583300033294,-0.0
3486,03583400034726,-0.0
3487,03583600049046,0.0
3456,03573200056205,-0.0
3457,03573300033293,-0.0
3458,03573400034725,-0.0
3459,03573800037589,-0.0
3492,03590700054775,0.0
3493,03590800039023,0.0
3494,03590900008951,-0.0
3495,03591000011815,-0.0
3496,03591400016111,-0.0
3497,03591600018975,-0.0
3498,03591700020407,-0.0
3499,03591800040455,-0.0
3500,03592000041887,-0.0
3501,03592300023271,0.0
3502,03592400024703,0.0
3503,03592500026135,0.0
3472,03581500017542,0.0
3473,03581600018974,-0.0
3474,03581700020406,-0.0
3475,03582000041886,-0.0
3508,03593000030431,0.0
3509,03593200056207,-0.0
3510,03593300033295,-0.0
3511,03593500047615,0.0
3512,03593800037591,-0.0
3513,03600100000360,0.0
3514,03600200001792,0.0
3515,03600300003224,0.0
3516,03600400004656,0.0
3517,03600500006088,0.0
3518,03600600007520,0.0
3519,03600800039024,0.0
3488,03583800037590,-0.0
3489,03590100000359,0.0
3490,03590200001791,-0.0
3491,03590300003223,-0.0
3524,03601400016112,0.0
3525,03601500017544,0.0
3526,03601600018976,0.0
3527,03601800040456,0.0
3528,03601900046184,0.0
3529,03602100021840,0.0
3530,03602200051912,0.0
3531,03602300023272,0.0
3532,03602400024704,0.0
3533,03602500026136,0.0
3534,03602600027568,0.0
3535,03602800044752,0.0
3504,03592600027567,-0.0
3505,03592700043319,-0.0
3506,03592800044751,0.0
3507,03592900028999,-0.0
3540,03603500047616,0.0
3541,03603600049048,0.0
3542,03603700036160,0.0
3543,03603800037592,0.0
3544,03610700054777,0.0
3545,03611000011817,0.0
3546,03611200013249,0.0
3547,03611300014681,0.0
3548,03611400016113,0.0
3549,03611500017545,0.0
3550,03611600018977,0.0
3551,03612100021841,0.0
3520,03600900008952,0.0
3521,03601000011816,0.0
3522,03601200013248,0.0
3523,03601300014680,0.0
3556,03612900029001,0.0
3557,03613300033297,0.0
3558,03613500047617,0.0
3559,03613600049049,0.0
3560,03613700036161,0.0
3561,03613800037593,0.0
3562,03620100000362,0.0
3563,03620400004658,0.0
3564,03620500006090,0.0
3565,03620600007522,0.0
3566,03620700054778,0.0
3567,03620900008954,0.0
3536,03603000030432,0.0
3537,03603200056208,0.0
3538,03603300033296,0.0
3539,03603400034728,0.0
3572,03622400024706,0.0
3573,03622700043322,0.0
3574,03623000030434,0.0
3575,03623300033298,0.0
3576,03623400034730,0.0
3577,03623600049050,0.0
3578,03623700036162,0.0
3579,03623800037594,0.0
3580,03623900050482,0.0
3581,03624000053346,0.0
3582,03630200001795,0.0
3583,03630300003227,0.0
3552,03612200051913,0.0
3553,03612300023273,0.0
3554,03612700043321,0.0
3555,03612800044753,0.0
3588,03630800039027,-0.0
3589,03631000011819,0.0
3590,03631100010387,-0.0
3591,03631200013251,0.0
16830,14174000054401,-0.0
3593,03631400016115,0.0
3594,03631500017547,-0.0
3595,03631700020411,0.0
3596,03631800040459,0.0
3597,03632100021843,0.0
3598,03632200051915,-0.0
3599,03632300023275,-0.0
3568,03621200013250,0.0
3569,03621300014682,0.0
3570,03621500017546,0.0
3571,03622100021842,0.0
3604,03632900029003,0.0
3605,03633000030435,0.0
3606,03633200056211,-0.0
3607,03633300033299,0.0
3608,03633500047619,-0.0
3609,03633600049051,0.0
3610,03633700036163,0.0
3611,03640200001796,0.0
3612,03640300003228,0.0
3613,03640500006092,0.0
3614,03641000011820,0.0
3615,03641200013252,0.0
3584,03630400004659,0.0
3585,03630500006091,0.0
3586,03630600007523,0.0
3587,03630700054779,-0.0
3620,03642600027572,0.0
3621,03642700043324,0.0
3622,03643100031868,0.0
3623,03643300033300,0.0
3624,03650100000365,-0.0
3625,03650400004661,-0.0
3626,03650500006093,-0.0
3627,03650900008957,-0.0
3628,03651000011821,-0.0
3629,03651100010389,-0.0
3630,03651200013253,0.0
3631,03651300014685,-0.0
3600,03632400024707,-0.0
3601,03632600027571,0.0
3602,03632700043323,0.0
3603,03632800044755,0.0
3636,03652200051917,-0.0
3637,03652400024709,-0.0
3638,03652500026141,-0.0
3639,03652600027573,-0.0
3640,03653000030437,-0.0
3641,03653500047621,-0.0
3642,03653800037597,-0.0
3643,03653900050485,-0.0
3644,03660500006094,-0.0
3645,03660600007526,0.0
3646,03661000011822,-0.0
3647,03661200013254,0.0
3616,03641300014684,0.0
3617,03641400016116,0.0
3618,03641800040460,0.0
3619,03642000041892,0.0
3652,03662900029006,-0.0
3653,03663100031870,0.0
3654,03670300003231,0.0
3655,03670400004663,0.0
3656,03670600007527,0.0
3657,03670800039031,-0.0
3658,03671100010391,-0.0
3659,03671500017551,-0.0
3660,03671700020415,0.0
3661,03672100021847,0.0
3662,03672200051919,-0.0
3663,03672400024711,-0.0
3632,03651400016117,0.0
3633,03651500017549,-0.0
3634,03651600018981,-0.0
3635,03652000041893,0.0
3668,03673900050487,-0.0
16829,14173900051537,-0.0
3670,03680600007528,0.0
3671,03681000011824,0.0
3672,03681200013256,0.0
3673,03681400016120,0.0
3674,03682000041896,0.0
3675,03682600027576,0.0
3676,03682900029008,-0.0
3677,03690300003233,-0.0
3678,03690500006097,0.0
3679,03690600007529,0.0
3648,03661300014686,-0.0
3649,03661400016118,0.0
3650,03661700020414,-0.0
3651,03661800040462,-0.0
3684,03691400016121,-0.0
3685,03691600018985,-0.0
3686,03691800040465,0.0
3687,03691900046193,-0.0
3688,03692000041897,-0.0
3689,03692200051921,-0.0
3690,03692300023281,-0.0
3691,03692400024713,-0.0
3692,03692500026145,0.0
3693,03692600027577,0.0
3694,03692800044761,-0.0
3695,03692900029009,-0.0
3664,03672500026143,-0.0
3665,03672900029007,0.0
3666,03673000030439,0.0
3667,03673500047623,-0.0
3700,03700300003234,-0.0
3701,03700500006098,0.0
3702,03701000011826,-0.0
3703,03701300014690,0.0
3704,03701700020418,-0.0
3705,03701800040466,0.0
3706,03702000041898,-0.0
3707,03702600027578,0.0
3708,03702900029010,0.0
3709,03703400034738,-0.0
3710,03710200001803,0.0
3711,03710300003235,-0.0
3680,03690700054785,-0.0
3681,03690800039033,-0.0
3682,03691000011825,-0.0
3683,03691100010393,-0.0
3716,03711700020419,-0.0
3717,03711900046195,-0.0
3718,03712000041899,-0.0
3719,03712200051923,-0.0
3720,03712300023283,-0.0
3721,03712400024715,-0.0
3722,03712500026147,-0.0
3723,03712600027579,0.0
3724,03712800044763,-0.0
3725,03712900029011,-0.0
3726,03713300033307,0.0
3727,03713400034739,-0.0
3696,03693200056217,-0.0
3697,03693400034737,-0.0
3698,03693600049057,0.0
3699,03693900050489,-0.0
3732,03720500006100,-0.0
3733,03721400016124,0.0
3734,03721600018988,0.0
3735,03721700020420,-0.0
3736,03722600027580,0.0
3737,03723300033308,0.0
3738,03723800037604,-0.0
3739,03730200001805,0.0
3740,03730300003237,-0.0
3741,03730400004669,0.0
3742,03730700054789,-0.0
3743,03731100010397,-0.0
3712,03710500006099,-0.0
3713,03710800039035,-0.0
3714,03711200013259,0.0
3715,03711600018987,-0.0
3748,03731900046197,-0.0
3749,03732000041901,-0.0
3750,03732100021853,0.0
3751,03732200051925,-0.0
3752,03732400024717,-0.0
3753,03732500026149,-0.0
3754,03732600027581,0.0
3755,03732800044765,-0.0
3756,03732900029013,-0.0
3757,03733000030445,-0.0
3758,03733300033309,0.0
3759,03733600049061,0.0
3728,03713600049059,0.0
3729,03713800037603,-0.0
3730,03713900050491,-0.0
3731,03720300003236,-0.0
3764,03741400016126,0.0
3765,03741600018990,0.0
3766,03741700020422,-0.0
3767,03741800040470,0.0
3768,03743300033310,0.0
3769,03743400034742,-0.0
3770,03743700036174,-0.0
3771,03743800037606,-0.0
3772,03760100000376,0.0
3773,03760200001808,-0.0
3774,03760300003240,-0.0
3775,03760400004672,-0.0
3744,03731400016125,0.0
3745,03731500017557,-0.0
3746,03731600018989,-0.0
3747,03731700020421,-0.0
3780,03760900008968,-0.0
3781,03761100010400,-0.0
3782,03761200013264,-0.0
3783,03761300014696,-0.0
3784,03761400016128,-0.0
3785,03761700020424,-0.0
3786,03762000041904,-0.0
3787,03762100021856,0.0
3788,03762200051928,-0.0
3789,03762300023288,-0.0
3790,03762400024720,-0.0
3791,03762500026152,-0.0
3760,03733800037605,-0.0
3761,03733900050493,-0.0
3762,03740200001806,0.0
3763,03741300014694,0.0
3796,03763700036176,-0.0
3797,03763900050496,-0.0
3798,03820200001814,0.0
3799,03820300003246,0.0
3800,03820400004678,0.0
3801,03820900008974,0.0
3802,03821000011838,-0.0
3803,03821100010406,-0.0
3804,03821200013270,-0.0
3805,03821300014702,0.0
3806,03821500017566,0.0
3807,03821700020430,-0.0
3776,03760500006104,-0.0
3777,03760600007536,-0.0
3778,03760700054792,-0.0
3779,03760800039040,-0.0
3812,03823400034750,-0.0
3813,03823800037614,0.0
3814,03830305003247,0.0
3815,03830405004679,0.0
3816,03830505006111,0.0
3817,03830905008975,0.0
3818,03831005011839,0.0
3819,03831105010407,0.0
3820,03831205013271,0.0
3821,03831305014703,0.0
3822,03831505017567,0.0
3823,03832005041911,0.0
3792,03763100031880,-0.0
3793,03763400034744,-0.0
3794,03763500047632,-0.0
3795,03763600049064,-0.0
3828,03833805037615,0.0
3829,03840105000384,0.0
3830,03840305003248,0.0
3831,03840505006112,0.0
3832,03840805039048,0.0
3833,03840905008976,0.0
3834,03841005011840,0.0
3835,03841205013272,0.0
3836,03841305014704,0.0
3837,03841705020432,0.0
3838,03841805040480,-0.0
3839,03842005041912,-0.0
3808,03822000041910,0.0
3809,03822700043342,0.0
3810,03823100031886,-0.0
3811,03823300033318,-0.0
3844,03843105031888,-0.0
3845,03843305033320,0.0
3846,03843505047640,0.0
3847,03843805037616,0.0
3848,03843905050504,0.0
3849,03850104000385,0.0
3850,03850204001817,0.0
3851,03850404004681,0.0
3852,03850604007545,0.0
3853,03850704054801,0.0
3854,03850804039049,0.0
16828,14173400035785,0.0
3824,03832705043343,0.0
3825,03833105031887,0.0
3826,03833305033319,0.0
3827,03833405034751,0.0
3860,03852404024729,0.0
3861,03852704043345,0.0
3862,03853304033321,0.0
3863,03853504047641,0.0
3864,03853604049073,0.0
3865,03853704036185,0.0
3866,03853804037617,0.0
3867,03853904050505,0.0
3868,03860105000386,0.0
3869,03860205001818,0.0
3870,03860405004682,0.0
3871,03860605007546,0.0
3840,03842205051936,0.0
3841,03842705043344,0.0
3842,03842805044776,0.0
3843,03843005030456,0.0
3876,03861205013274,-0.0
3877,03861505017570,0.0
3878,03861905046210,0.0
3879,03862005041914,0.0
3880,03862105021866,0.0
3881,03862205051938,0.0
3882,03862305023298,0.0
3883,03862405024730,0.0
3884,03862505026162,-0.0
3885,03862805044778,0.0
3886,03863105031890,0.0
3887,03863505047642,0.0
3856,03851204013273,0.0
16827,14172900030057,0.0
3858,03851904046209,0.0
3859,03852204051937,0.0
3892,03870400004683,0.0
3893,03870600007547,0.0
3894,03870700054803,0.0
3895,03870800039051,0.0
3896,03871000011843,0.0
3897,03871500017571,0.0
3898,03871900046211,-0.0
3899,03872000041915,0.0
3900,03872100021867,0.0
3901,03872500026163,-0.0
3902,03872700043347,-0.0
3903,03873100031891,0.0
3872,03860805039050,0.0
3873,03860905008978,0.0
3874,03861005011842,0.0
3875,03861105010410,0.0
3908,03880405004685,0.0
3909,03880505006117,0.0
3910,03880805039053,0.0
3911,03880905008981,0.0
3912,03881105010413,0.0
3913,03881505017573,0.0
3914,03882005041917,0.0
3915,03882205051941,0.0
3916,03882505026165,0.0
3917,03882605027597,0.0
3918,03883105031893,0.0
3919,03883505047645,0.0
3888,03863605049074,0.0
3889,03863705036186,0.0
3890,03863905050506,-0.0
3891,03870200001819,0.0
3924,03890600007548,-0.0
3925,03890700054804,0.0
3926,03891000011844,0.0
3927,03891500017572,-0.0
3928,03891900046212,-0.0
3929,03892500026164,0.0
3930,03892600027596,-0.0
3931,03892700043348,0.0
3932,03893300033324,-0.0
3933,03893400034756,-0.0
3934,03893500047644,0.0
3935,03893600049076,-0.0
3904,03873300033323,0.0
3905,03873400034755,0.0
3906,03873700036187,0.0
3907,03873800037619,0.0
3940,03900605007550,0.0
3941,03900705054806,0.0
3942,03900805039054,0.0
3943,03900905008982,0.0
3944,03901705020438,0.0
3945,03901805040486,0.0
3946,03901905046214,0.0
3947,03902005041918,0.0
3948,03902505026166,0.0
3949,03902705043350,0.0
3950,03903005030462,0.0
3951,03903105031894,0.0
3920,03883605049077,0.0
3921,03890200001820,-0.0
3922,03890400004684,0.0
3923,03890500006116,-0.0
3956,03903805037622,0.0
3957,03910404004687,0.0
3958,03910504006119,0.0
3959,03910604007551,0.0
3960,03910704054807,0.0
3961,03910804039055,0.0
3962,03910904008983,0.0
3963,03911604019007,0.0
3964,03911704020439,0.0
16826,14172700044377,0.0
3966,03911904046215,0.0
3967,03912004041919,0.0
3936,03893700036188,-0.0
3937,03893800037620,0.0
3938,03900405004686,0.0
3939,03900505006118,0.0
3972,03913004030463,0.0
3973,03913104031895,0.0
3974,03913304033327,0.0
3975,03913404034759,0.0
3976,03913504047647,0.0
3977,03913704036191,0.0
3978,03913804037623,0.0
3979,03914004053375,0.0
3980,03920205001824,0.0
3981,03920405004688,0.0
3982,03920605007552,0.0
3983,03920805039056,0.0
3952,03903305033326,0.0
3953,03903405034758,0.0
3954,03903605049078,0.0
3955,03903705036190,0.0
3988,03922205051944,0.0
3989,03922305023304,0.0
3990,03922405024736,0.0
3991,03922505026168,0.0
3992,03922705043352,0.0
3993,03922905029032,0.0
3994,03923305033328,0.0
3995,03923405034760,0.0
3996,03923505047648,0.0
3997,03923805037624,0.0
3998,03930400004689,-0.0
3999,03930500006121,-0.0
3968,03912104021871,0.0
3969,03912504026167,0.0
3970,03912704043351,0.0
3971,03912904029031,0.0
4004,03931600019009,0.0
4005,03931800040489,-0.0
4006,03931900046217,-0.0
4007,03932100021873,-0.0
4008,03932300023305,0.0
4009,03932600027601,0.0
4010,03932700043353,-0.0
4011,03932900029033,0.0
4012,03933500047649,0.0
4013,03933600049081,-0.0
4014,03933700036193,-0.0
4015,03940305003258,0.0
3984,03921405016144,0.0
3985,03921605019008,0.0
3986,03922005041920,0.0
3987,03922105021872,0.0
4020,03940905008986,-0.0
4021,03941305014714,-0.0
4022,03941505017578,-0.0
4023,03941905046218,-0.0
4024,03942005041922,-0.0
4025,03942105021874,-0.0
4026,03942505026170,-0.0
4027,03942605027602,0.0
4028,03942905029034,0.0
4029,03943105031898,0.0
4030,03943605049082,-0.0
4031,03943705036194,-0.0
4000,03930600007553,-0.0
4001,03930700054809,0.0
4002,03930800039057,0.0
4003,03931400016145,0.0
4036,03950804039059,0.0
4037,03951304014715,-0.0
4038,03951404016147,0.0
4039,03951504017579,-0.0
4040,03951704020443,-0.0
4041,03951804040491,-0.0
4042,03951904046219,-0.0
4043,03952004041923,-0.0
4044,03952304023307,-0.0
4045,03952504026171,-0.0
4046,03952604027603,0.0
4047,03952704043355,-0.0
4016,03940405004690,-0.0
4017,03940505006122,-0.0
4018,03940605007554,-0.0
4019,03940705054810,-0.0
4052,03953604049083,-0.0
4053,03953704036195,-0.0
4054,03953804037627,-0.0
4055,03960400004692,-0.0
4056,03960800039060,0.0
4057,03961100010420,-0.0
4058,03961900046220,-0.0
4059,03962200051948,-0.0
4060,03962400024740,-0.0
4061,03963000030468,-0.0
4062,03963500047652,-0.0
4063,03963600049084,-0.0
4032,03944005053378,-0.0
4033,03950304003259,0.0
4034,03950404004691,-0.0
4035,03950704054811,-0.0
4068,03971505017581,0.0
4069,03972305023309,0.0
4070,03972405024741,0.0
4071,03972505026173,0.0
16825,14172600028625,-0.0
4073,03973505047653,0.0
4074,03973905050517,0.0
4075,03980805039062,0.0
4076,03982305023310,0.0
4077,03983005030470,0.0
4078,03983505047654,0.0
4079,03990405004695,0.0
4048,03953004030467,-0.0
4049,03953104031899,0.0
4050,03953304033331,0.0
4051,03953404034763,0.0
4084,03992105021879,0.0
4085,03992205051951,0.0
4086,03992305023311,0.0
4087,03992405024743,0.0
4088,03992505026175,0.0
4089,03993505047655,0.0
4090,03993605049087,0.0
4091,03993905050519,0.0
4092,04000405004696,0.0
4093,04000805039064,0.0
4094,04001105010424,-0.0
16824,14172500027193,0.0
4064,03964000053380,0.0
4065,03970405004693,0.0
4066,03970905008989,-0.0
4067,03971105010421,0.0
4100,04002505026176,0.0
4101,04002805044792,0.0
4102,04003005030472,0.0
4103,04003905050520,0.0
4104,04004005053384,0.0
4105,04010704054817,0.0
4106,04010904008993,-0.0
4107,04011504017585,0.0
4108,04011904046225,0.0
4109,04012104021881,0.0
4110,04012404024745,0.0
4111,04012804044793,0.0
4080,03990705054815,0.0
4081,03990805039063,0.0
4082,03991105010423,0.0
4083,03991905046223,0.0
4116,04020100000402,0.0
4117,04020400004698,-0.0
4118,04020800039066,-0.0
4119,04020900008994,0.0
4120,04021500017586,-0.0
4121,04021900046226,0.0
4122,04022100021882,0.0
4123,04022300023314,0.0
4124,04022400024746,0.0
4125,04022600027610,-0.0
4126,04022800044794,0.0
4127,04022900029042,-0.0
4096,04001905046224,0.0
4097,04002105021880,-0.0
4098,04002305023312,0.0
4099,04002405024744,-0.0
4132,04031500017587,-0.0
4133,04032300023315,0.0
4134,04032400024747,0.0
4135,04032500026179,0.0
4136,04032900029043,-0.0
4137,04033000030475,0.0
4138,04033500047659,0.0
4139,04033600049091,0.0
16823,14172300024329,0.0
4141,04040700054820,0.0
4142,04040800039068,-0.0
4143,04040900008996,0.0
16822,14172000042945,0.0
4113,04013504047657,0.0
4114,04013604049089,0.0
4115,04013904050521,0.0
4148,04042500026180,0.0
4149,04042600027612,-0.0
4150,04042800044796,0.0
4151,04043000030476,0.0
4152,04043500047660,0.0
4153,04043600049092,0.0
4154,04043700036204,0.0
4155,04050104000413,0.0
4156,04050204001845,0.0
4157,04050304003277,0.0
4158,04050604007573,0.0
4159,04050704054829,0.0
4128,04023600049090,0.0
4129,04030100000403,0.0
4130,04030400004699,0.0
4131,04030800039067,-0.0
4164,04051504017597,0.0
4165,04051604019029,0.0
4166,04051704020461,0.0
4167,04051904046237,0.0
4168,04052004041941,0.0
4169,04052104021893,0.0
4170,04052304023325,0.0
4171,04052404024757,0.0
4172,04052604027621,-0.0
4173,04053004030485,0.0
4174,04053104031917,0.0
4175,04053304033349,0.0
4144,04041100010428,0.0
4145,04041900046228,0.0
4146,04042100021884,0.0
4147,04042400024748,0.0
4179,04101000011865,0.0
4180,04101300014729,0.0
4181,04101600019025,-0.0
4182,04101700020457,0.0
4183,04101800040505,0.0
4184,04102600027617,0.0
4185,04102900029049,0.0
4186,04103300033345,0.0
4187,04103400034777,0.0
4188,04103700036209,0.0
4189,04103800037641,0.0
4191,04110301003274,-0.0
4160,04050904009005,0.0
4161,04051204013301,0.0
4162,04051304014733,-0.0
4163,04051404016165,-0.0
4195,04111001011866,-0.0
4196,04111101010434,-0.0
4197,04111201013298,-0.0
4198,04111401016162,0.0
4199,04111501017594,-0.0
4200,04111601019026,-0.0
4201,04111701020458,0.0
4202,04112001041938,-0.0
4203,04112101021890,-0.0
4204,04112201051962,-0.0
4205,04112301023322,-0.0
4206,04112401024754,-0.0
4207,04112501026186,-0.0
4176,04054004053397,0.0
4177,04100200001841,0.0
4178,04100300003273,0.0
4211,04113001030482,-0.0
4212,04113101031914,-0.0
4213,04113201056258,-0.0
4214,04113301033346,-0.0
4215,04113401034778,-0.0
4216,04113501047666,-0.0
4217,04113601049098,-0.0
4218,04113701036210,-0.0
4219,04113901050530,-0.0
4220,04120400004707,0.0
4221,04121400016163,-0.0
4222,04121500017595,0.0
4223,04121700020459,-0.0
4192,04110701054826,-0.0
4193,04110801039074,-0.0
4194,04110901009002,-0.0
4227,04122700043371,0.0
4228,04122900029051,-0.0
4229,04123700036211,0.0
4230,04123800037643,0.0
4231,04124000053395,0.0
4232,04130204001844,-0.0
4233,04130404004708,0.0
4234,04130804039076,0.0
4235,04130904009004,0.0
4236,04131104010436,0.0
4237,04131204013300,-0.0
4238,04131304014732,-0.0
4239,04131404016164,-0.0
4208,04112701043370,-0.0
4209,04112801044802,-0.0
4210,04112901029050,-0.0
4243,04132204051964,0.0
4244,04132304023324,0.0
4245,04132404024756,0.0
4246,04132504026188,0.0
4247,04132604027620,-0.0
4248,04132704043372,-0.0
4249,04133104031916,-0.0
4250,04133304033348,-0.0
4251,04133404034780,-0.0
4252,04133504047668,0.0
4253,04133604049100,0.0
4254,04133704036212,-0.0
4255,04133804037644,0.0
4224,04122000041939,-0.0
4225,04122400024755,0.0
4226,04122600027619,-0.0
4259,04140400004710,-0.0
4260,04140700054830,-0.0
4261,04140800039078,-0.0
4262,04141200013302,0.0
4263,04141300014734,0.0
4264,04141700020462,-0.0
4265,04141900046238,0.0
4266,04142100021894,0.0
4267,04142600027622,-0.0
4268,04142700043374,0.0
4269,04142900029054,-0.0
4270,04143000030486,0.0
4271,04143100031918,-0.0
4240,04131504017596,0.0
4241,04131604019028,-0.0
4242,04131904046236,0.0
4275,04143700036214,-0.0
4276,04143800037646,0.0
4277,04150200001847,0.0
4278,04150300003279,-0.0
4279,04150500006143,0.0
4280,04150600007575,0.0
4281,04150800039079,-0.0
4282,04150900009007,0.0
4283,04151000011871,-0.0
4284,04151200013303,0.0
4285,04151300014735,-0.0
4286,04151400016167,-0.0
4287,04151500017599,-0.0
4256,04133904050532,0.0
4257,04140200001846,-0.0
4258,04140300003278,-0.0
4291,04152100021895,-0.0
4292,04152500026191,-0.0
4293,04152900029055,-0.0
4294,04153000030487,-0.0
8494,07162900029356,-0.0
4296,04153300033351,-0.0
4297,04153500047671,-0.0
4298,04160505006144,0.0
4299,04160605007576,0.0
4300,04160805039080,0.0
4301,04160905009008,0.0
4302,04161005011872,0.0
4303,04161405016168,0.0
4272,04143400034782,-0.0
4273,04143500047670,-0.0
4274,04143600049102,-0.0
4307,04161805040512,0.0
4308,04161905046240,0.0
4309,04162005041944,0.0
4310,04162305023328,0.0
4311,04162605027624,0.0
4312,04162705043376,0.0
4313,04162905029056,0.0
4314,04163005030488,0.0
4315,04163105031920,0.0
4316,04163405034784,0.0
4317,04163505047672,0.0
4318,04163605049104,0.0
4319,04163705036216,0.0
4288,04151600019031,-0.0
4289,04151900046239,0.0
4290,04152000041943,-0.0
4323,04170504006145,0.0
4324,04170604007577,0.0
4325,04170704054833,0.0
4326,04170804039081,0.0
4327,04171004011873,0.0
4328,04171204013305,0.0
16821,14171600020033,0.0
4330,04171704020465,0.0
4331,04171904046241,0.0
4332,04172004041945,0.0
4333,04172304023329,0.0
4334,04172504026193,0.0
4335,04172604027625,0.0
4304,04161505017600,0.0
4305,04161605019032,0.0
4306,04161705020464,0.0
4339,04173304033353,0.0
16820,14171300015737,0.0
4341,04173704036217,0.0
4342,04173804037649,0.0
4343,04180905009010,0.0
4344,04330100000433,0.0
4345,04330200001865,0.0
4346,04330800039097,0.0
4347,04331000011889,0.0
4348,04331200013321,0.0
4349,04331300014753,0.0
4350,04331400016185,0.0
4351,04331500017617,0.0
4320,04163805037648,0.0
16819,14171100011441,0.0
4322,04170404004713,0.0
4355,04331900046257,0.0
4356,04332000041961,0.0
4357,04332600027641,0.0
4358,04332700043393,0.0
4359,04333000030505,0.0
4360,04333100031937,0.0
4361,04333300033369,0.0
4362,04333400034801,0.0
4363,04333500047689,0.0
4364,04333700036233,0.0
4365,04333800037665,0.0
4366,04340100000434,0.0
4367,04340200001866,0.0
4336,04172704043377,0.0
4337,04172904029057,0.0
4338,04173104031921,0.0
4371,04341400016186,0.0
4372,04341500017618,0.0
4373,04341600019050,0.0
4374,04341900046258,0.0
4375,04342000041962,0.0
4376,04342600027642,0.0
4377,04342700043394,0.0
4378,04342900029074,0.0
4379,04343300033370,0.0
4380,04343400034802,0.0
4381,04343700036234,0.0
4382,04343800037666,0.0
4383,04350201001867,-0.0
4352,04331600019049,0.0
4353,04331700020481,0.0
4354,04331800040529,0.0
4387,04350701054851,0.0
4388,04350801039099,0.0
4389,04350901009027,-0.0
4390,04351001011891,-0.0
4391,04351201013323,-0.0
4392,04351301014755,0.0
4393,04351401016187,-0.0
4394,04351501017619,0.0
4395,04351601019051,-0.0
4396,04351901046259,-0.0
4397,04352101021915,-0.0
4398,04352201051987,0.0
4399,04352301023347,0.0
16818,14170700055833,0.0
4369,04340800039098,0.0
4370,04341100010458,0.0
4403,04353101031939,0.0
4404,04353301033371,-0.0
4405,04353401034803,-0.0
4406,04353701036235,-0.0
4407,04353801037667,-0.0
4408,04353901050555,0.0
4409,04360501006164,-0.0
4410,04360601007596,-0.0
4411,04360701054852,0.0
4412,04360801039100,0.0
4413,04360901009028,-0.0
4414,04361001011892,-0.0
4415,04361101010460,0.0
4384,04350401004731,0.0
4385,04350501006163,-0.0
4386,04350601007595,-0.0
4419,04362001041964,0.0
4420,04362101021916,-0.0
4421,04362201051988,-0.0
4422,04362301023348,-0.0
4423,04362401024780,0.0
4424,04362501026212,0.0
4425,04362601027644,-0.0
4426,04362701043396,-0.0
4427,04362801044828,-0.0
4428,04362901029076,-0.0
4429,04363001030508,-0.0
4430,04363101031940,-0.0
4431,04363301033372,-0.0
4400,04352501026211,0.0
4401,04352701043395,-0.0
4402,04353001030507,0.0
4435,04370500006165,0.0
4436,04370600007597,0.0
4437,04371100010461,0.0
4438,04371200013325,-0.0
4439,04371300014757,-0.0
4440,04371700020485,0.0
4441,04371800040533,0.0
4442,04371900046261,-0.0
4443,04372000041965,-0.0
4444,04372100021917,-0.0
4445,04372200051989,0.0
4446,04372800044829,0.0
4447,04372900029077,0.0
4416,04361201013324,-0.0
4417,04361301014756,0.0
4418,04361701020484,-0.0
4451,04373700036237,-0.0
4452,04373800037669,-0.0
4453,04380300003302,0.0
4454,04380500006166,0.0
16785,14152900030055,0.0
4456,04381000011894,0.0
4457,04381400016190,-0.0
4458,04381500017622,-0.0
4459,04381600019054,-0.0
4460,04381800040534,-0.0
4461,04382000041966,-0.0
4462,04382100021918,0.0
4463,04382300023350,0.0
4432,04363801037668,-0.0
4433,04363901050556,0.0
4434,04370300003301,0.0
4467,04382900029078,0.0
4468,04383000030510,0.0
4469,04383300033374,0.0
4470,04383400034806,-0.0
4471,04383700036238,-0.0
4472,04383800037670,0.0
4473,04390104000439,0.0
4474,04390404004735,0.0
4475,04390604007599,0.0
4476,04390804039103,0.0
4477,04391004011895,0.0
4478,04391404016191,0.0
4479,04391504017623,0.0
4448,04373000030509,0.0
4449,04373100031941,-0.0
4450,04373400034805,-0.0
4483,04392004041967,0.0
4484,04392504026215,0.0
4485,04392604027647,0.0
4486,04392704043399,0.0
4487,04392804044831,0.0
4488,04392904029079,0.0
4489,04393004030511,0.0
4490,04393104031943,-0.0
4491,04393304033375,-0.0
4492,04393404034807,-0.0
4493,04393604049127,0.0
4494,04393704036239,0.0
4495,04393804037671,0.0
4464,04382600027646,-0.0
4465,04382700043398,0.0
4466,04382800044830,-0.0
4499,04410505006169,0.0
4500,04410805039105,0.0
4501,04411005011897,0.0
4502,04411105010465,-0.0
4503,04411205013329,-0.0
4504,04411305014761,-0.0
4505,04411405016193,0.0
4506,04411505017625,-0.0
4507,04411605019057,-0.0
4508,04411705020489,-0.0
4509,04412305023353,-0.0
4510,04412505026217,-0.0
4511,04412605027649,0.0
4480,04391604019055,0.0
4481,04391704020487,-0.0
4482,04391804040535,-0.0
4515,04413305033377,0.0
4516,04413705036241,0.0
4517,04413805037673,0.0
4518,04420400004738,0.0
4519,04420500006170,0.0
4520,04420600007602,0.0
4521,04420800039106,-0.0
4522,04420900009034,0.0
4523,04421200013330,-0.0
4524,04421300014762,-0.0
4525,04421400016194,0.0
4526,04421500017626,0.0
4527,04421600019058,-0.0
4496,04400600007600,0.0
4497,04402100021920,0.0
4498,04410405004737,-0.0
4531,04422100021922,-0.0
4532,04422300023354,0.0
4533,04422500026218,0.0
4534,04422600027650,-0.0
4535,04422800044834,-0.0
4536,04423000030514,-0.0
4537,04423100031946,0.0
4538,04423300033378,0.0
4539,04423400034810,-0.0
4540,04423500047698,0.0
4541,04423600049130,0.0
4542,04430305003307,0.0
4543,04430405004739,0.0
4512,04412805044833,-0.0
4513,04412905029081,-0.0
4514,04413005030513,-0.0
4547,04431405016195,0.0
4548,04431605019059,-0.0
4549,04431705020491,0.0
4550,04431805040539,0.0
4551,04432005041971,0.0
4552,04432105021923,0.0
4553,04432305023355,0.0
4554,04432505026219,0.0
4555,04432605027651,-0.0
4556,04432805044835,0.0
4557,04432905029083,0.0
4558,04433305033379,0.0
4559,04433605049131,0.0
4528,04421800040538,0.0
4529,04421900046266,0.0
4530,04422000041970,0.0
4563,04440500006172,-0.0
4564,04440600007604,0.0
4565,04440900009036,0.0
4566,04441000011900,0.0
4567,04441200013332,-0.0
4568,04441300014764,-0.0
4569,04441500017628,0.0
4570,04441800040540,0.0
4571,04442000041972,0.0
4572,04442100021924,0.0
4573,04442200051996,0.0
4574,04442300023356,0.0
4575,04442800044836,-0.0
4544,04430605007603,0.0
4545,04430905009035,0.0
4546,04431105010467,0.0
4579,04443700036244,-0.0
4580,04443800037676,0.0
4581,04443900050564,0.0
4582,04450205001877,0.0
4583,04450305003309,0.0
4584,04450405004741,0.0
4585,04450505006173,0.0
4586,04450905009037,0.0
4587,04451005011901,0.0
4588,04451205013333,-0.0
4589,04451305014765,-0.0
4590,04451405016197,0.0
4591,04451605019061,-0.0
4560,04433705036243,-0.0
4561,04433905050563,0.0
4562,04440300003308,0.0
4595,04452005041973,0.0
4596,04452105021925,0.0
4597,04452205051997,0.0
4598,04452305023357,0.0
4599,04452605027653,-0.0
4600,04452705043405,0.0
4601,04452805044837,-0.0
4602,04452905029085,0.0
4603,04453105031949,0.0
4604,04453705036245,0.0
4605,04453905050565,0.0
4606,04454005053429,-0.0
4607,04460300003310,0.0
4576,04442900029084,-0.0
4577,04443000030516,-0.0
4578,04443100031948,0.0
4611,04461000011902,0.0
4612,04461100010470,-0.0
4613,04461500017630,0.0
4614,04461700020494,0.0
4615,04461900046270,-0.0
4616,04462100021926,-0.0
4617,04462200051998,-0.0
4618,04462300023358,-0.0
4619,04462500026222,0.0
4620,04462600027654,0.0
4621,04462800044838,-0.0
4622,04463400034814,0.0
4623,04463500047702,-0.0
4592,04451705020493,0.0
4593,04451805040541,0.0
4594,04451905046269,0.0
4627,04470104000447,0.0
4628,04470204001879,-0.0
4629,04470404004743,-0.0
4630,04470504006175,0.0
4631,04470604007607,-0.0
4632,04470704054863,-0.0
4633,04470804039111,0.0
4634,04470904009039,-0.0
4635,04471004011903,0.0
4636,04471104010471,-0.0
4637,04471204013335,0.0
4638,04471304014767,0.0
4639,04471404016199,0.0
4608,04460400004742,-0.0
4609,04460500006174,0.0
4610,04460800039110,0.0
4643,04472004041975,-0.0
4644,04472104021927,-0.0
4645,04472204051999,-0.0
4646,04472304023359,-0.0
4647,04472404024791,-0.0
4648,04472504026223,0.0
4649,04472604027655,0.0
4650,04472704043407,0.0
4651,04473104031951,0.0
4652,04473304033383,-0.0
4653,04473504047703,-0.0
4654,04473604049135,-0.0
4655,04473704036247,0.0
4624,04463600049134,-0.0
4625,04463700036246,0.0
4626,04463800037678,0.0
4659,04480200001880,-0.0
4660,04480300003312,-0.0
4661,04480400004744,-0.0
4662,04480600007608,-0.0
4663,04480700054864,-0.0
4664,04481000011904,0.0
4665,04481100010472,-0.0
4666,04481400016200,0.0
4667,04481500017632,-0.0
4668,04481600019064,-0.0
4669,04481700020496,0.0
4670,04481900046272,-0.0
4671,04482100021928,0.0
4640,04471504017631,0.0
4641,04471604019063,0.0
4642,04471704020495,0.0
4675,04482600027656,0.0
4676,04483600049136,-0.0
4677,04500200001882,0.0
4678,04500300003314,0.0
4679,04500500006178,0.0
4680,04500800039114,-0.0
4681,04501200013338,0.0
4682,04501300014770,0.0
4683,04501400016202,0.0
4684,04501500017634,0.0
4685,04501600019066,0.0
4686,04501700020498,0.0
4687,04501900046274,-0.0
4656,04473804037679,0.0
4657,04474004053431,-0.0
4658,04480100000448,-0.0
4691,04502600027658,0.0
4692,04502800044842,-0.0
4693,04503300033386,0.0
4694,04503400034818,0.0
4695,04503500047706,0.0
4696,04503600049138,0.0
4697,04510200001883,0.0
4698,04510500006179,0.0
4699,04510600007611,0.0
4700,04510800039115,0.0
4701,04511000011907,0.0
4702,04511200013339,0.0
4703,04511300014771,0.0
4672,04482200052000,0.0
4673,04482300023360,-0.0
4674,04482500026224,-0.0
4707,04512000041979,0.0
4708,04512100021931,0.0
4709,04512200052003,0.0
4710,04512300023363,0.0
4711,04512700043411,0.0
4712,04512800044843,0.0
4713,04513100031955,0.0
4714,04513400034819,-0.0
4715,04513500047707,0.0
4716,04513800037683,-0.0
4717,04514000053435,0.0
4718,04520105000452,0.0
4719,04520305003316,0.0
4688,04502100021930,0.0
4689,04502200052002,-0.0
4690,04502300023362,0.0
4723,04520805039116,0.0
4724,04520905009044,0.0
4725,04521105010476,0.0
4726,04521205013340,0.0
4727,04521305014772,0.0
4728,04521405016204,0.0
4729,04521505017636,0.0
4730,04521605019068,0.0
4731,04521705020500,0.0
4732,04521805040548,0.0
4733,04522005041980,0.0
4734,04522105021932,0.0
4735,04522205052004,0.0
4704,04511400016203,0.0
4705,04511500017635,0.0
4706,04511600019067,0.0
4739,04523105031956,0.0
4740,04523305033388,0.0
4741,04523505047708,0.0
4742,04523605049140,0.0
4743,04530104000453,0.0
4744,04530204001885,0.0
4745,04530304003317,0.0
4746,04530404004749,0.0
4747,04530504006181,0.0
4748,04530704054869,0.0
4749,04530804039117,0.0
4750,04530904009045,0.0
4751,04531004011909,0.0
4720,04520405004748,0.0
4721,04520605007612,0.0
4722,04520705054868,0.0
4755,04531404016205,0.0
4756,04531504017637,0.0
4757,04531604019069,0.0
4758,04531704020501,0.0
4759,04531904046277,0.0
4760,04532104021933,0.0
4761,04532204052005,0.0
4762,04532304023365,0.0
4763,04532504026229,0.0
4764,04533304033389,0.0
4765,04533604049141,0.0
4766,04540105000454,0.0
4767,04540205001886,0.0
4736,04522305023364,0.0
4737,04522705043412,0.0
4738,04522905029092,0.0
4771,04540605007614,0.0
4772,04540705054870,0.0
4773,04540805039118,0.0
4774,04540905009046,0.0
4775,04541005011910,0.0
4776,04541105010478,0.0
4777,04541205013342,0.0
4778,04541305014774,0.0
4779,04541405016206,0.0
4780,04541505017638,0.0
4781,04541605019070,0.0
4782,04541705020502,0.0
4783,04541905046278,0.0
4752,04531104010477,0.0
4753,04531204013341,0.0
4754,04531304014773,0.0
4787,04542605027662,0.0
4788,04542705043414,0.0
4789,04542905029094,0.0
4790,04543105031958,0.0
4791,04543405034822,0.0
4792,04543505047710,0.0
4793,04543705036254,0.0
4794,04543805037686,0.0
4795,04544005053438,0.0
4796,04550805039119,0.0
4797,04550905009047,0.0
4798,04551005011911,0.0
4799,04551405016207,0.0
4768,04540305003318,0.0
4769,04540405004750,0.0
4770,04540505006182,0.0
4803,04552105021935,0.0
4804,04552205052007,0.0
4805,04552605027663,0.0
4806,04552705043415,0.0
4807,04553005030527,0.0
4808,04553105031959,0.0
4809,04553305033391,0.0
4810,04553405034823,0.0
4811,04553505047711,0.0
4812,04553605049143,0.0
4813,04553705036255,0.0
4814,04553805037687,0.0
4815,04560100000456,-0.0
4784,04542005041982,0.0
4785,04542105021934,0.0
4786,04542205052006,0.0
4819,04560600007616,-0.0
4820,04560800039120,-0.0
4821,04560900009048,0.0
4822,04561000011912,0.0
4823,04561100010480,0.0
4824,04561200013344,-0.0
4825,04561300014776,-0.0
4826,04561400016208,-0.0
4827,04561500017640,-0.0
4828,04561600019072,-0.0
4829,04561700020504,0.0
4830,04561900046280,0.0
4831,04562100021936,0.0
4800,04551505017639,0.0
4801,04551605019071,0.0
4802,04552005041983,0.0
4835,04563300033392,0.0
4836,04563400034824,-0.0
4837,04563500047712,0.0
4838,04564000053440,-0.0
4839,04570105000457,0.0
4840,04570205001889,0.0
4841,04570305003321,0.0
4842,04570405004753,0.0
4843,04570605007617,0.0
4844,04570705054873,0.0
4845,04571005011913,0.0
4846,04571205013345,0.0
4847,04571305014777,0.0
4816,04560200001888,-0.0
4817,04560400004752,0.0
4818,04560500006184,0.0
4851,04572905029097,0.0
4852,04573005030529,0.0
4853,04573405034825,0.0
4854,04573505047713,0.0
4855,04573605049145,0.0
4856,04573705036257,0.0
4857,04573805037689,0.0
4858,04573905050577,0.0
4859,04580204001890,0.0
16784,14152800045807,0.0
4861,04580404004754,0.0
4862,04580504006186,0.0
4863,04580604007618,0.0
4832,04562500026232,-0.0
4833,04563000030528,-0.0
4834,04563100031960,-0.0
4867,04581204013346,0.0
4868,04581304014778,0.0
4869,04581404016210,0.0
4870,04581604019074,0.0
4871,04581704020506,0.0
4872,04581904046282,0.0
4873,04582004041986,0.0
4874,04582204052010,0.0
4875,04582304023370,0.0
4876,04582404024802,0.0
4877,04582504026234,0.0
4878,04582704043418,0.0
4879,04582904029098,0.0
4848,04571905046281,0.0
4849,04572405024801,0.0
4850,04572505026233,0.0
16815,14170300004281,0.0
4884,04583604049146,0.0
4885,04583704036258,0.0
4886,04583804037690,0.0
4887,04590100000459,-0.0
4888,04590400004755,0.0
4889,04590500006187,0.0
4890,04590600007619,-0.0
4891,04590700054875,-0.0
4892,04590800039123,-0.0
4893,04590900009051,0.0
4894,04591000011915,-0.0
4895,04592000041987,-0.0
4864,04580704054874,0.0
4865,04580804039122,0.0
4866,04580904009050,0.0
4899,04592500026235,-0.0
4900,04592700043419,-0.0
4901,04593000030531,-0.0
4902,04593100031963,-0.0
4903,04593300033395,0.0
4904,04593500047715,0.0
4905,04593600049147,0.0
4906,04600105000460,0.0
4907,04600305003324,0.0
4908,04600505006188,0.0
4909,04600605007620,0.0
4910,04600705054876,0.0
4911,04600805039124,0.0
4880,04583004030530,0.0
4881,04583104031962,0.0
4882,04583304033394,0.0
4915,04601305014780,0.0
4916,04601505017644,0.0
4917,04601705020508,0.0
4918,04602405024804,0.0
4919,04602905029100,0.0
4920,04603305033396,0.0
4921,04603505047716,0.0
4922,04604005053444,0.0
4923,04620105000462,0.0
4924,04620205001894,0.0
4925,04620305003326,0.0
4926,04620405004758,0.0
4927,04620505006190,0.0
4896,04592200052011,0.0
4897,04592300023371,-0.0
4898,04592400024803,-0.0
4931,04622005041990,0.0
4932,04622305023374,0.0
4933,04622405024806,0.0
4934,04622505026238,0.0
4935,04622605027670,0.0
4936,04622705043422,0.0
4937,04622805044854,0.0
4938,04622905029102,0.0
4939,04623105031966,0.0
4940,04623405034830,0.0
4941,04623505047718,0.0
4942,04623705036262,0.0
4943,04623805037694,0.0
4912,04600905009052,0.0
4913,04601005011916,0.0
4914,04601205013348,0.0
4947,04630505006191,0.0
4948,04630605007623,0.0
4949,04630905009055,0.0
4950,04631105010487,0.0
4951,04631305014783,0.0
4952,04631405016215,0.0
4953,04631505017647,0.0
4954,04631605019079,0.0
4955,04631705020511,0.0
4956,04631905046287,0.0
4957,04632505026239,0.0
4958,04632605027671,0.0
4959,04632705043423,0.0
4928,04621005011918,0.0
4929,04621505017646,0.0
4930,04621905046286,0.0
4963,04633305033399,0.0
4964,04633405034831,0.0
4965,04633605049151,0.0
4966,04633705036263,0.0
4967,04633805037695,0.0
4968,04634005053447,0.0
4969,04640105000469,0.0
4970,04640205001901,0.0
4971,04640305003333,0.0
4972,04640505006197,0.0
4973,04640705054885,0.0
4974,04640805039133,0.0
4975,04641205013357,0.0
4944,04630105000463,0.0
4945,04630205001895,0.0
4946,04630405004759,0.0
4979,04641905046293,0.0
4980,04642105021949,0.0
4981,04642405024813,0.0
4982,04642705043429,0.0
4983,04642905029109,0.0
4984,04643005030541,0.0
4985,04643105031973,0.0
4986,04643505047725,0.0
4987,04650104000470,0.0
16813,14164000054400,-0.0
4989,04650304003334,0.0
4990,04650404004766,0.0
4991,04650504006198,0.0
4960,04632805044855,0.0
4961,04633005030535,0.0
4962,04633105031967,0.0
16812,14163900051536,-0.0
4996,04651404016222,0.0
4997,04651504017654,0.0
4998,04651604019086,0.0
4999,04651904046294,0.0
5000,04652004041998,0.0
5001,04652504026246,0.0
5002,04652604027678,0.0
5003,04652704043430,0.0
5004,04652904029110,0.0
5005,04653004030542,0.0
5006,04653104031974,0.0
5007,04653604049158,0.0
4976,04641305014789,0.0
4977,04641505017653,0.0
4978,04641605019085,0.0
5011,04660500006199,0.0
5012,04660600007631,-0.0
5013,04660700054887,-0.0
5014,04660800039135,-0.0
5015,04661400016223,-0.0
5016,04661600019087,-0.0
5017,04661700020519,-0.0
5018,04661800040567,0.0
5019,04662000041999,-0.0
5020,04662300023383,-0.0
5021,04662500026247,-0.0
5022,04662600027679,-0.0
5023,04662700043431,-0.0
4992,04650704054886,0.0
4993,04650904009062,0.0
4994,04651104010494,0.0
5027,04663400034839,-0.0
5028,04663600049159,0.0
5029,04663700036271,-0.0
5030,04663800037703,-0.0
5031,04670205001904,0.0
5032,04670305003336,0.0
5033,04670405004768,0.0
5034,04670505006200,0.0
5035,04670605007632,0.0
5036,04670805039136,0.0
5037,04670905009064,0.0
5038,04671105010496,0.0
5039,04671205013360,0.0
5008,04653704036270,0.0
5009,04653804037702,0.0
5010,04660400004767,0.0
5043,04671705020520,0.0
5044,04671905046296,0.0
5045,04672005042000,0.0
5046,04672405024816,0.0
5047,04672505026248,0.0
5048,04672605027680,0.0
5049,04673005030544,0.0
5050,04673105031976,0.0
5051,04673305033408,0.0
5052,04673405034840,0.0
5053,04673505047728,0.0
5054,04673705036272,0.0
5055,04673805037704,0.0
5024,04662900029111,-0.0
5025,04663000030543,-0.0
5026,04663300033407,0.0
5059,04680500006201,0.0
5060,04681000011929,-0.0
5061,04681200013361,-0.0
5062,04681300014793,-0.0
5063,04681400016225,0.0
5064,04681500017657,-0.0
5065,04681900046297,0.0
5066,04682000042001,-0.0
5067,04682100021953,0.0
5068,04682300023385,-0.0
5069,04682500026249,-0.0
5070,04682600027681,-0.0
5071,04683000030545,0.0
5040,04671305014792,0.0
5041,04671505017656,0.0
5042,04671605019088,0.0
5075,04683600049161,0.0
5076,04683700036273,-0.0
5077,04683800037705,-0.0
5078,04690104000474,0.0
5079,04690204001906,0.0
5080,04690304003338,0.0
5081,04690504006202,0.0
5082,04690604007634,0.0
5083,04690704054890,0.0
5084,04690804039138,0.0
5085,04690904009066,0.0
5086,04691004011930,0.0
5087,04691104010498,0.0
5056,04674005053456,0.0
5057,04680200001905,-0.0
5058,04680300003337,-0.0
5091,04692004042002,0.0
5092,04692104021954,0.0
5093,04692304023386,0.0
5094,04692404024818,0.0
5095,04692504026250,0.0
5096,04692604027682,0.0
5097,04692704043434,0.0
5098,04692904029114,0.0
5099,04693004030546,0.0
5100,04693104031978,0.0
5101,04693304033410,0.0
5102,04693404034842,0.0
5103,04693604049162,0.0
5072,04683300033409,0.0
5073,04683400034841,-0.0
5074,04683500047729,0.0
5107,04700105000475,0.0
5108,04700305003339,0.0
5109,04700405004771,0.0
5110,04700605007635,0.0
5111,04700705054891,0.0
5112,04700805039139,0.0
5113,04700905009067,0.0
5114,04701105010499,0.0
5115,04701205013363,0.0
5116,04701305014795,0.0
5117,04701705020523,0.0
5118,04701905046299,0.0
5119,04702205052027,0.0
5088,04691404016226,0.0
5089,04691804040570,0.0
5090,04691904046298,0.0
5123,04702905029115,0.0
5124,04703005030547,0.0
5125,04703105031979,0.0
5126,04703305033411,0.0
5127,04703405034843,0.0
5128,04703505047731,0.0
5129,04704005053459,0.0
5130,04710104000476,0.0
5131,04710204001908,0.0
5132,04710304003340,0.0
5133,04710504006204,0.0
5134,04710704054892,0.0
5135,04711004011932,0.0
5104,04693704036274,0.0
5105,04693804037706,0.0
5106,04694004053458,0.0
5139,04711504017660,0.0
5140,04711604019092,0.0
5141,04711904046300,0.0
5142,04712104021956,0.0
5143,04712204052028,0.0
5144,04712404024820,0.0
5145,04712504026252,0.0
5146,04712904029116,0.0
5147,04713004030548,0.0
5148,04713104031980,0.0
5149,04713404034844,0.0
5150,04713504047732,0.0
5151,04714004053460,0.0
5120,04702505026251,0.0
5121,04702605027683,0.0
5122,04702705043435,0.0
5155,04720605007637,0.0
5156,04720705054893,0.0
5157,04721005011933,0.0
5158,04721305014797,0.0
5159,04721405016229,0.0
5160,04721505017661,0.0
5161,04721805040573,0.0
5162,04722005042005,0.0
5163,04722205052029,0.0
5164,04722305023389,0.0
5165,04722405024821,0.0
5166,04722505026253,0.0
5167,04722705043437,0.0
5136,04711104010500,0.0
5137,04711204013364,0.0
16811,14163800038648,0.0
5171,04723605049165,0.0
5172,04723705036277,0.0
5173,04723805037709,0.0
5174,04730205001910,0.0
5175,04730305003342,0.0
5176,04730605007638,0.0
5177,04730705054894,0.0
5178,04730905009070,0.0
5179,04731105010502,0.0
5180,04731405016230,0.0
5181,04731605019094,0.0
5182,04731705020526,0.0
5183,04731805040574,0.0
5152,04720105000477,0.0
5153,04720205001909,0.0
5154,04720505006205,0.0
5187,04732305023390,0.0
5188,04732405024822,0.0
5189,04732505026254,0.0
5190,04732605027686,0.0
5191,04732705043438,0.0
5192,04733105031982,0.0
5193,04733305033414,0.0
5194,04733405034846,0.0
5195,04733705036278,0.0
5196,04733805037710,0.0
5197,04734005053462,0.0
5198,04740200001896,0.0
5199,04740300003328,0.0
5168,04722905029117,0.0
5169,04723005030549,0.0
5170,04723505047733,0.0
5203,04740800039128,0.0
5204,04741000011920,-0.0
5205,04741500017648,-0.0
5206,04741900046288,-0.0
5207,04742000041992,0.0
5208,04742700043424,0.0
5209,04743000030536,-0.0
5210,04743100031968,0.0
5211,04743300033400,-0.0
5212,04743400034832,-0.0
5213,04743600049152,-0.0
5214,04744000053448,-0.0
5215,04750200001897,0.0
5184,04732005042006,0.0
5185,04732105021958,0.0
5186,04732205052030,0.0
5219,04751200013353,0.0
5220,04751300014785,-0.0
5221,04751700020513,0.0
5222,04751900046289,-0.0
5223,04752000041993,-0.0
5224,04752100021945,0.0
5225,04752300023377,-0.0
5226,04752500026241,-0.0
5227,04752600027673,0.0
5228,04752900029105,-0.0
5229,04753000030537,-0.0
5230,04753100031969,-0.0
5231,04753400034833,-0.0
5200,04740400004760,0.0
5201,04740500006192,0.0
5202,04740600007624,-0.0
5235,04753800037697,0.0
5236,04760205001898,0.0
5237,04760305003330,0.0
5238,04760405004762,0.0
5239,04760505006194,0.0
5240,04760605007626,0.0
5241,04760705054882,0.0
5242,04760805039130,0.0
5243,04762005041994,0.0
5244,04762105021946,0.0
5245,04762305023378,0.0
5246,04762605027674,0.0
5247,04762905029106,0.0
5216,04750400004761,0.0
5217,04750500006193,0.0
5218,04750600007625,0.0
5251,04763505047722,0.0
5252,04763605049154,0.0
5253,04763705036266,0.0
5254,04763805037698,0.0
16810,14163400035784,0.0
5256,04770404004763,0.0
5257,04770504006195,0.0
5258,04770704054883,0.0
5259,04771304014787,0.0
5260,04771404016219,0.0
5261,04772304023379,0.0
5262,04772504026243,0.0
5263,04772704043427,0.0
5232,04753500047721,0.0
5233,04753600049153,0.0
5234,04753700036265,0.0
5267,04773504047723,0.0
5268,04773704036267,0.0
5269,04773804037699,0.0
5270,04780305003332,-0.0
5271,04780505006196,-0.0
5272,04781005011924,0.0
5273,04781605019084,-0.0
5274,04783305033404,0.0
5275,04790200001911,-0.0
5276,04790300003343,-0.0
5277,04790900009071,-0.0
5278,04791100010503,-0.0
5279,04791200013367,-0.0
5248,04763005030538,0.0
5249,04763305033402,0.0
5250,04763405034834,0.0
5283,04791700020527,-0.0
5284,04791800040575,0.0
5285,04792100021959,-0.0
5286,04792600027687,-0.0
5287,04792700043439,-0.0
5288,04793100031983,0.0
5289,04793300033415,-0.0
5290,04793400034847,-0.0
5291,04800205001912,0.0
5292,04800305003344,0.0
5293,04800505006208,0.0
5294,04800605007640,0.0
5295,04801005011936,0.0
5264,04773004030539,0.0
5265,04773304033403,0.0
5266,04773404034835,0.0
5299,04801405016232,0.0
5300,04801505017664,0.0
5301,04801605019096,0.0
5302,04801705020528,0.0
5303,04802005042008,0.0
5304,04802105021960,0.0
5305,04802605027688,0.0
5306,04802705043440,0.0
5307,04803705036280,0.0
5308,04803805037712,0.0
5309,04810505006209,0.0
5310,04810605007641,0.0
5311,04810805039145,0.0
5280,04791300014799,-0.0
5281,04791500017663,-0.0
5282,04791600019095,0.0
5315,04811305014801,0.0
5316,04811405016233,0.0
5317,04811505017665,0.0
5318,04811605019097,0.0
5319,04812005042009,0.0
5320,04812405024825,0.0
5321,04812505026257,0.0
5322,04812605027689,0.0
5323,04812805044873,0.0
5324,04812905029121,0.0
5325,04813005030553,0.0
5326,04813105031985,0.0
5327,04813305033417,0.0
5296,04801105010504,0.0
5297,04801205013368,0.0
5298,04801305014800,0.0
5331,04813805037713,0.0
5332,04820205001914,0.0
5333,04820405004778,0.0
5334,04820605007642,0.0
5335,04820805039146,0.0
5336,04820905009074,0.0
5337,04821205013370,0.0
5338,04821305014802,0.0
5339,04821405016234,0.0
5340,04821605019098,0.0
5341,04822305023394,0.0
5342,04822505026258,0.0
5343,04822605027690,0.0
5312,04810905009073,0.0
5313,04811005011937,0.0
5314,04811205013369,0.0
5347,04823305033418,0.0
5348,04823405034850,0.0
5349,04823505047738,0.0
5350,04823605049170,0.0
5351,04823705036282,0.0
5352,04823805037714,0.0
5353,04830100000483,0.0
5354,04830100057287,-0.0
5355,04830400004779,-0.0
5356,04830500006211,-0.0
5357,04830500057431,-0.0
5358,04830700054899,-0.0
5359,04830800058259,0.0
5328,04813405034849,0.0
5329,04813505047737,0.0
5330,04813705036281,0.0
5363,04831100057539,0.0
5364,04831200013371,-0.0
5365,04831300014803,-0.0
5366,04831400016235,-0.0
5367,04831600019099,-0.0
5368,04831700020531,-0.0
5369,04831900046307,0.0
5370,04832000058295,0.0
5371,04832100021963,-0.0
5372,04832300023395,-0.0
5373,04832400057899,-0.0
5374,04832500026259,-0.0
5375,04832600027691,-0.0
5344,04822705043442,0.0
5345,04822905029122,0.0
5346,04823105031986,0.0
5379,04833100058079,0.0
5380,04833300033419,-0.0
5381,04833400034851,0.0
5382,04833400058151,0.0
5383,04833500058475,0.0
5384,04833600058511,0.0
5385,04833700036283,-0.0
5386,04834000053467,-0.0
5387,04834000058583,-0.0
5388,04840100057288,0.0
5389,04840200001916,0.0
5390,04840200057324,0.0
5391,04840300003348,0.0
5360,04831000011939,0.0
5361,04831000057575,0.0
5362,04831100010507,0.0
5395,04840500057432,0.0
5396,04840600007644,0.0
5397,04840600057468,0.0
5398,04840700054900,0.0
5399,04840800058260,0.0
16809,14163300034352,0.0
5401,04840900057504,0.0
5402,04841000011940,0.0
5403,04841200013372,0.0
16808,14163200057264,0.0
5405,04841300057648,0.0
5406,04841400016236,0.0
5407,04841400057684,0.0
5376,04832600057971,-0.0
5377,04832800044875,0.0
5378,04833000030555,-0.0
5411,04841600057756,0.0
5412,04841700020532,0.0
5413,04841700057792,0.0
5414,04841800058332,0.0
5415,04841900058440,0.0
5416,04842000058296,0.0
5417,04842100021964,0.0
5418,04842100057828,0.0
5419,04842200058620,0.0
5420,04842300057864,0.0
5421,04842400057900,0.0
5422,04842500026260,0.0
5423,04842500057936,0.0
5392,04840300057360,0.0
5393,04840400004780,0.0
5394,04840500006212,0.0
5427,04843000058044,0.0
5428,04843100058080,0.0
5429,04843300033420,0.0
5430,04843400034852,0.0
5431,04843500047740,0.0
5432,04843500058476,0.0
5433,04843700036284,0.0
5434,04843700058188,0.0
5435,04843800037716,0.0
5436,04843900058548,0.0
5437,04844000058584,0.0
5438,04850100057289,-0.0
5439,04850400004781,-0.0
5408,04841500017668,0.0
5409,04841500057720,0.0
5410,04841600019100,0.0
5443,04850800039149,0.0
5444,04850800058261,0.0
5445,04851000011941,0.0
5446,04851400016237,-0.0
5447,04851500017669,0.0
5448,04851600019101,0.0
5449,04851700020533,-0.0
5450,04851900046309,0.0
5451,04852000042013,0.0
5452,04852000058297,0.0
5453,04852100021965,-0.0
5454,04852200052037,-0.0
5455,04852500026261,-0.0
5424,04842800058404,0.0
5425,04842900029124,-0.0
5426,04843000030556,0.0
5459,04853100031989,0.0
5460,04853100058081,0.0
5461,04853300033421,-0.0
5462,04853400058153,0.0
5463,04853500058477,0.0
5464,04853600049173,-0.0
5465,04853600058513,-0.0
5466,04853700036285,-0.0
5467,04853800037717,-0.0
5468,04854000058585,-0.0
5469,04860100057290,-0.0
5470,04860600057470,-0.0
5471,04860700054902,-0.0
5440,04850500006213,-0.0
5441,04850600007645,-0.0
5442,04850700054901,-0.0
5475,04861000011942,0.0
5476,04861400016238,-0.0
5477,04861400057686,-0.0
5478,04861500017670,0.0
5479,04861600019102,-0.0
5480,04861700020534,-0.0
5481,04861800040582,0.0
5482,04861900046310,0.0
5483,04862000058298,0.0
5484,04862100021966,-0.0
5485,04862200052038,-0.0
5486,04862600027694,-0.0
5487,04862600057974,-0.0
5456,04852600027693,-0.0
5457,04852800044877,0.0
5458,04852900029125,0.0
5491,04863100031990,0.0
5492,04863300033422,-0.0
16807,14162900030056,0.0
5494,04863600049174,-0.0
5495,04864000058586,-0.0
5496,04870200001919,-0.0
5497,04870200057327,-0.0
5498,04870300003351,-0.0
5499,04870400004783,-0.0
5500,04870500006215,-0.0
5501,04870600007647,-0.0
5502,04870800039151,0.0
5503,04870800058263,0.0
5472,04860800039150,0.0
5473,04860800058262,0.0
5474,04860900009078,0.0
5507,04871200013375,-0.0
5508,04871300014807,-0.0
5509,04871400016239,-0.0
5510,04871500017671,0.0
5511,04871600019103,0.0
5512,04871600057759,0.0
5513,04871700020535,0.0
5514,04871700057795,-0.0
5515,04871800040583,0.0
5516,04871900046311,0.0
5517,04871900058443,0.0
5518,04872000058299,0.0
5519,04872100057831,-0.0
5488,04862800044878,0.0
5489,04862900029126,-0.0
5490,04863000030558,-0.0
5523,04872700058371,-0.0
5524,04872800044879,0.0
5525,04872800058407,0.0
5526,04872900029127,-0.0
5527,04873000030559,-0.0
5528,04873300033423,-0.0
5529,04873400034855,-0.0
5530,04873500058479,0.0
5531,04873600049175,-0.0
5532,04873600058515,-0.0
5533,04874000058587,-0.0
5534,04880100000488,0.0
5535,04880200001920,0.0
5504,04870900009079,0.0
5505,04871000011943,-0.0
5506,04871100010511,0.0
5539,04880600007648,0.0
5540,04880600057472,0.0
5541,04880700054904,0.0
5542,04880800039152,0.0
5543,04880900009080,-0.0
5544,04881000011944,0.0
5545,04881200013376,0.0
5546,04881300014808,0.0
5547,04881400016240,0.0
5548,04881600019104,0.0
5549,04881700057796,0.0
5550,04881800040584,0.0
5551,04882200052040,0.0
5520,04872200052039,-0.0
5521,04872400057903,-0.0
5522,04872700043447,-0.0
5555,04882600027696,0.0
5556,04882700043448,0.0
5557,04882800044880,0.0
5558,04882900029128,0.0
5559,04883000030560,0.0
5560,04883000058048,0.0
5561,04883400034856,0.0
5562,04883600049176,0.0
5563,04883900050608,0.0
5564,04890400004785,-0.0
5565,04890500006217,0.0
5566,04890600007649,-0.0
5567,04891000011945,-0.0
5536,04880300003352,0.0
5537,04880400004784,0.0
5538,04880500006216,0.0
5571,04891400016241,0.0
5572,04892100021969,0.0
5573,04892500026265,0.0
5574,04892600027697,0.0
5575,04892900029129,-0.0
5576,04893000030561,-0.0
5577,04893300033425,0.0
5578,04893400034857,0.0
5579,04893700036289,0.0
5580,04893800037721,-0.0
5581,04900200001922,-0.0
5582,04900300003354,-0.0
5583,04900400004786,-0.0
5552,04882300023400,0.0
5553,04882400024832,0.0
5554,04882400057904,0.0
5586,04901100010514,0.0
5587,04901200013378,-0.0
5588,04901300014810,-0.0
5589,04901400016242,0.0
5590,04901600019106,-0.0
5592,04902600027698,0.0
5593,04903300033426,0.0
5594,04903400034858,0.0
5595,04903500047746,0.0
5596,04903700036290,-0.0
5597,04903800037722,-0.0
5598,04940200001926,0.0
5599,04940300003358,0.0
5568,04891100010513,0.0
5569,04891200013377,-0.0
5570,04891300014809,-0.0
5602,04940900009086,0.0
5603,04941100010518,-0.0
5604,04941200013382,-0.0
5605,04941300014814,-0.0
5606,04941700020542,0.0
5607,04942100021974,0.0
5608,04942500026270,-0.0
5609,04942600027702,0.0
5610,04943100031998,-0.0
5611,04943300033430,-0.0
5612,04943700036294,-0.0
5613,04943800037726,-0.0
5614,04950405004791,0.0
5615,04950505006223,0.0
5584,04900500006218,0.0
5585,04901000011946,0.0
5618,04951405016247,0.0
5619,04952005042023,0.0
5620,04952605027703,0.0
5621,04953105031999,0.0
5622,04953305033431,0.0
5623,04953405034863,0.0
5624,04960104000496,0.0
5625,04960704054912,0.0
5626,04960804039160,0.0
5627,04960904009088,0.0
5628,04961104010520,0.0
5629,04961504017680,0.0
16806,14162800045808,0.0
5631,04962104021976,0.0
5600,04940400004790,-0.0
5601,04940500006222,0.0
5634,04963504047752,0.0
5635,04963604049184,0.0
5636,04970200001929,-0.0
5637,04970400004793,0.0
5638,04970500006225,0.0
5639,04970600007657,0.0
5640,04970800039161,0.0
5641,04970900009089,0.0
5642,04971000011953,0.0
5643,04971100010521,0.0
5644,04971400016249,-0.0
5645,04971500017681,0.0
5646,04971600019113,0.0
5647,04971700020545,0.0
5616,04950905009087,0.0
5617,04951105010519,0.0
82,00241700020071,-0.0
83,00242100021503,0.0
84,00242500025799,0.0
85,00243600048711,-0.0
86,00243800037255,-0.0
87,00250405004320,0.0
88,00250905008616,0.0
89,00251005011480,0.0
90,00251105010048,0.0
91,00251205012912,0.0
92,00251305014344,0.0
16805,14162600028624,-0.0
94,00251705020072,0.0
95,00251805040120,0.0
5632,04962204052048,0.0
5633,04962504026272,0.0
5649,04971900046321,0.0
5650,04972000042025,-0.0
5651,04972100021977,-0.0
5652,04972500026273,0.0
5653,04972600027705,-0.0
5654,04972700043457,0.0
5656,04973400034865,-0.0
5657,04973500047753,0.0
5658,04973600049185,0.0
5659,04973700036297,-0.0
5660,04980300003362,-0.0
5661,04980400004794,-0.0
5662,04980600007658,-0.0
5663,04980900009090,0.0
80,00240900008615,0.0
81,00241500017207,0.0
5665,04981200013386,-0.0
5666,04981300014818,-0.0
5667,04981700020546,-0.0
5668,04981800040594,0.0
5669,04981900046322,-0.0
5670,04982500026274,-0.0
5671,04982700043458,-0.0
5672,04982900029138,-0.0
5673,04983300033434,0.0
5674,04983400034866,0.0
5675,04983700036298,-0.0
5676,04983800037730,-0.0
5677,04990205001931,0.0
5678,04990305003363,0.0
5679,04990405004795,0.0
5648,04971800040593,-0.0
5681,04990605007659,0.0
5682,04990805039163,0.0
5683,04990905009091,0.0
5684,04991105010523,0.0
5685,04991205013387,0.0
5686,04991305014819,0.0
5687,04991405016251,0.0
5688,04991505017683,0.0
5689,04991605019115,0.0
5690,04991705020547,0.0
5691,04991805040595,-0.0
5692,04991905046323,0.0
5693,04992705043459,0.0
5694,04992905029139,0.0
5695,04993305033435,0.0
5664,04981000011954,-0.0
5697,04993705036299,0.0
5698,04993805037731,0.0
5699,05000405004796,0.0
5700,05000505006228,0.0
5701,05000605007660,0.0
5702,05000805039164,0.0
5703,05001105010524,0.0
5704,05001405016252,0.0
5705,05001505017684,0.0
5706,05001605019116,0.0
5707,05001705020548,0.0
5708,05001805040596,-0.0
5709,05001905046324,0.0
5710,05002005042028,0.0
5711,05002605027708,0.0
5680,04990505006227,0.0
5713,05002905029140,0.0
5714,05003105032004,0.0
5715,05003305033436,0.0
5716,05003505047756,0.0
5717,05003605049188,0.0
5718,05003705036300,0.0
5719,05003805037732,0.0
5720,05010300003365,0.0
5721,05010500006229,0.0
5722,05010600007661,0.0
5723,05010700054917,0.0
5724,05010800039165,0.0
5725,05011000011957,0.0
5726,05011200013389,-0.0
5727,05011300014821,-0.0
5696,04993405034867,0.0
5729,05011500017685,0.0
5730,05011600019117,0.0
5731,05011800040597,-0.0
5732,05011900046325,-0.0
5733,05012000042029,-0.0
5734,05012300023413,0.0
5735,05012600027709,0.0
5736,05013000030573,-0.0
5737,05013100032005,0.0
5738,05013300033437,0.0
5739,05013400034869,0.0
5740,05013500047757,0.0
5741,05013600049189,0.0
5742,05013700036301,0.0
5743,05013800037733,-0.0
5712,05002705043460,0.0
5745,05020305003366,0.0
5746,05020405004798,0.0
5747,05020505006230,0.0
5748,05020705054918,0.0
5749,05020805039166,0.0
5750,05020905009094,0.0
5751,05021005011958,0.0
5752,05021205013390,0.0
5753,05021305014822,0.0
5754,05021405016254,0.0
5755,05021605019118,0.0
5756,05021705020550,0.0
5757,05021805040598,-0.0
5758,05021905046326,0.0
5759,05022005042030,0.0
5728,05011400016253,0.0
5761,05022305023414,0.0
5762,05022605027710,0.0
5763,05023005030574,0.0
5764,05023105032006,0.0
5765,05023405034870,0.0
5766,05023505047758,0.0
5767,05023605049190,0.0
5768,05023805037734,0.0
5769,05030204001935,0.0
16804,14162500027192,0.0
5771,05030404004799,0.0
16803,14162000042944,0.0
5773,05030704054919,0.0
5774,05030804039167,0.0
5775,05030904009095,0.0
5744,05020205001934,0.0
5777,05031304014823,0.0
5778,05031404016255,0.0
5779,05031604019119,0.0
5780,05031804040599,-0.0
5781,05031904046327,0.0
5782,05032004042031,0.0
5783,05032104021983,0.0
5784,05032304023415,0.0
5785,05032604027711,0.0
5786,05032904029143,0.0
5787,05033004030575,0.0
5788,05033104032007,0.0
16802,14161900047240,-0.0
5790,05033504047759,0.0
5791,05033604049191,0.0
5760,05022105021982,0.0
5793,05040400004800,0.0
5794,05040600007664,0.0
5795,05040700054920,0.0
5796,05040800039168,0.0
5797,05041000011960,0.0
5798,05041200013392,0.0
5799,05041300014824,0.0
5800,05041400016256,-0.0
5801,05041600019120,0.0
5802,05041800040600,-0.0
5803,05041900046328,0.0
5804,05042000042032,-0.0
5805,05042500026280,0.0
5806,05042700043464,0.0
5807,05042900029144,0.0
5776,05031204013391,0.0
5809,05043300033440,0.0
5810,05043500047760,0.0
5811,05043600049192,0.0
5812,05043700036304,-0.0
5813,05050200001937,-0.0
5814,05050400004801,-0.0
5815,05050600007665,-0.0
5816,05050700054921,0.0
5817,05050900009097,0.0
5818,05051000011961,-0.0
5819,05051200013393,-0.0
5820,05051500017689,-0.0
5821,05051600019121,0.0
5822,05051700020553,0.0
5823,05051800040601,0.0
5792,05033704036303,0.0
5825,05052500026281,-0.0
5826,05052600027713,-0.0
5827,05052700043465,-0.0
5828,05052900029145,-0.0
5829,05053000030577,-0.0
5830,05053100032009,-0.0
5831,05053300033441,0.0
5832,05053400034873,0.0
5833,05053500047761,0.0
5834,05053600049193,0.0
5835,05060305003370,0.0
5836,05060405004802,0.0
5837,05060505006234,0.0
5838,05060705054922,0.0
5839,05060805039170,0.0
5808,05043000030576,-0.0
5841,05061005011962,0.0
5842,05061205013394,0.0
5843,05061305014826,0.0
5844,05061605019122,0.0
5845,05061705020554,0.0
5846,05062005042034,0.0
5847,05062505026282,0.0
5848,05062605027714,0.0
5849,05062705043466,0.0
5850,05062905029146,0.0
5851,05063005030578,0.0
5852,05063105032010,0.0
5853,05063305033442,0.0
5854,05063405034874,0.0
5855,05063505047762,0.0
5824,05051900046329,-0.0
5857,05063705036306,0.0
5858,05070204001939,0.0
5859,05070304003371,0.0
5860,05070404004803,0.0
5861,05070504006235,0.0
5862,05070604007667,0.0
5863,05070704054923,0.0
5864,05070804039171,0.0
16769,14144000054398,-0.0
5866,05071404016259,0.0
5867,05071604019123,0.0
5868,05071704020555,0.0
5869,05071904046331,0.0
5870,05072004042035,0.0
5871,05072504026283,0.0
5840,05060905009098,0.0
5873,05072904029147,0.0
5874,05073304033443,0.0
5875,05073504047763,0.0
5876,05073604049195,0.0
5877,05073704036307,0.0
5878,05080200001940,-0.0
5879,05080400004804,0.0
5880,05080700054924,-0.0
5881,05080800039172,0.0
5882,05080900009100,0.0
5883,05082000042036,-0.0
5884,05082500026284,0.0
5885,05083100032012,-0.0
5886,05083500047764,0.0
5887,05083600049196,0.0
5856,05063605049194,0.0
5889,05090705054925,0.0
5890,05090905009101,0.0
5891,05092105021989,0.0
5892,05092505026285,0.0
5893,05093005030581,0.0
5894,05093505047765,0.0
5895,05093605049197,0.0
5896,05130300003377,-0.0
5897,05130400004809,0.0
5898,05130600007673,0.0
5899,05130700054929,-0.0
5900,05130900009105,-0.0
5901,05131000011969,-0.0
5902,05131300014833,0.0
5903,05131400016265,-0.0
5872,05072604027715,0.0
5905,05131600019129,-0.0
5906,05132100021993,0.0
5907,05132600027721,-0.0
5908,05132700043473,0.0
5909,05132900029153,-0.0
5910,05133000030585,0.0
5911,05133100032017,-0.0
5912,05133300033449,-0.0
5913,05133500047769,0.0
5914,05133600049201,-0.0
5915,05133700036313,-0.0
5916,05140205001946,0.0
5917,05140305003378,0.0
5918,05140405004810,0.0
5919,05140505006242,0.0
5888,05090405004805,0.0
5921,05140705054930,0.0
5922,05140805039178,0.0
5923,05141005011970,0.0
5924,05141205013402,0.0
5925,05141305014834,0.0
5926,05141405016266,0.0
5927,05141505017698,0.0
5928,05141705020562,0.0
5929,05142005042042,0.0
5930,05142105021994,0.0
5931,05142705043474,0.0
5932,05142905029154,0.0
5933,05143005030586,0.0
5934,05143105032018,0.0
5935,05143705036314,0.0
5904,05131500017697,-0.0
5937,05150204001947,0.0
5938,05150304003379,0.0
5939,05150504006243,0.0
5940,05150604007675,0.0
5941,05150704054931,0.0
5942,05150804039179,0.0
5943,05151204013403,0.0
16768,14143900051534,0.0
5945,05151404016267,0.0
5946,05151504017699,0.0
5947,05151604019131,0.0
5948,05151904046339,0.0
5949,05152004042043,0.0
5950,05152304023427,0.0
5951,05152504026291,0.0
5920,05140605007674,0.0
5953,05153004030587,0.0
5954,05153304033451,0.0
5955,05153504047771,0.0
5956,05153604049203,0.0
5957,05153704036315,0.0
5958,05153804037747,0.0
5959,05160305003380,0.0
5960,05160405004812,0.0
5961,05160505006244,0.0
5962,05160705054932,0.0
5963,05160905009108,0.0
5964,05161305014836,0.0
5965,05161405016268,0.0
5966,05161505017700,0.0
5967,05161705020564,0.0
5936,05144005053498,0.0
5969,05162305023428,0.0
5970,05162505026292,0.0
5971,05163305033452,0.0
5972,05163505047772,0.0
5973,05163605049204,0.0
5974,05163705036316,0.0
5975,05163805037748,0.0
5976,05170200001949,0.0
5977,05170400004813,0.0
5978,05170500006245,-0.0
5979,05170600007677,0.0
5980,05171000011973,0.0
5981,05171200013405,0.0
5982,05171500017701,0.0
5983,05171600019133,0.0
5952,05152904029155,0.0
5985,05172100021997,-0.0
5986,05172300023429,-0.0
5987,05172500026293,0.0
5988,05172600027725,0.0
5989,05173300033453,0.0
5990,05173700036317,-0.0
5991,05173800037749,-0.0
5992,05180200001950,0.0
5993,05180300003382,0.0
5994,05180500006246,-0.0
5995,05181000011974,0.0
5996,05181300014838,-0.0
5997,05181400016270,0.0
5998,05181500017702,0.0
5999,05181600019134,0.0
5968,05161905046340,0.0
6001,05181800040614,-0.0
6002,05182100021998,-0.0
6003,05182300023430,-0.0
6004,05182500026294,0.0
6005,05182600027726,0.0
6006,05182900029158,0.0
6007,05183000030590,-0.0
6008,05183300033454,0.0
6009,05183800037750,-0.0
6010,05190205001951,0.0
6011,05190305003383,0.0
6012,05190405004815,0.0
6013,05190505006247,0.0
6014,05190605007679,0.0
6015,05190905009111,0.0
5984,05171700020565,0.0
6017,05191205013407,0.0
6018,05191405016271,0.0
6019,05191505017703,0.0
6020,05191605019135,0.0
6021,05191705020567,0.0
6022,05192005042047,0.0
6023,05192105021999,0.0
6024,05192605027727,0.0
6025,05192705043479,0.0
6026,05192905029159,0.0
6027,05193405034887,0.0
6028,05193705036319,0.0
6029,05193805037751,0.0
6030,05200404004816,0.0
6031,05200604007680,0.0
6000,05181700020566,0.0
6033,05201004011976,0.0
6034,05201204013408,0.0
6035,05201304014840,0.0
6036,05201404016272,0.0
6037,05201604019136,0.0
6038,05201704020568,0.0
6039,05201804040616,-0.0
6040,05201904046344,0.0
6041,05202004042048,0.0
6042,05202104022000,0.0
6043,05202604027728,0.0
6044,05203004030592,0.0
6045,05203304033456,0.0
6046,05203404034888,0.0
6047,05203704036320,0.0
6016,05191005011975,0.0
6049,05210105000521,0.0
6050,05210205001953,0.0
6051,05210305003385,0.0
6052,05210405004817,0.0
6053,05210505006249,0.0
6054,05210605007681,0.0
6055,05210705054937,0.0
6056,05211105010545,0.0
6057,05211205013409,0.0
6058,05211305014841,0.0
6059,05211405016273,0.0
6060,05211505017705,0.0
6061,05211605019137,0.0
6062,05211705020569,0.0
6063,05211805040617,0.0
6032,05200904009112,0.0
6065,05212105022001,0.0
6066,05212205052073,0.0
6067,05212605027729,0.0
6068,05212705043481,0.0
6069,05213305033457,0.0
6070,05213405034889,0.0
6071,05220204001954,0.0
6072,05220304003386,0.0
6073,05220504006250,0.0
6074,05220604007682,0.0
6075,05220704054938,0.0
6076,05221004011978,0.0
6077,05221104010546,0.0
6078,05221204013410,0.0
6079,05221304014842,0.0
6048,05203804037752,0.0
6081,05221504017706,0.0
6082,05221704020570,0.0
6083,05221804040618,0.0
6084,05221904046346,0.0
6085,05222004042050,0.0
6086,05222104022002,0.0
6087,05222204052074,0.0
6088,05222304023434,0.0
6089,05222504026298,0.0
6090,05222804044914,0.0
6091,05223404034890,0.0
6092,05250105000525,0.0
6093,05250305003389,-0.0
6094,05250505006253,-0.0
6095,05250605007685,-0.0
6064,05212005042049,0.0
6097,05251205013413,-0.0
6098,05251305014845,-0.0
6099,05251505017709,-0.0
6100,05251605019141,-0.0
6101,05251705020573,-0.0
6102,05251805040621,-0.0
6103,05252405024869,0.0
6104,05252505026301,0.0
6105,05252605027733,-0.0
6106,05252905029165,-0.0
6107,05253005030597,-0.0
6108,05253105032029,-0.0
6109,05253405034893,-0.0
6110,05260200001959,0.0
6111,05260300003391,-0.0
6080,05221404016274,0.0
6113,05260500006255,0.0
6114,05260700054943,-0.0
6115,05260800039191,-0.0
6116,05260900009119,-0.0
6117,05261000011983,-0.0
6118,05261400016279,-0.0
6119,05261500017711,0.0
6120,05261800040623,-0.0
6121,05261900046351,0.0
6122,05262300023439,0.0
6123,05262500026303,0.0
6124,05262900029167,-0.0
6125,05263100032031,-0.0
6126,05263400034895,0.0
6127,05263500047783,-0.0
6096,05251005011981,-0.0
6129,05263700036327,-0.0
6130,05270205001960,0.0
6131,05270305003392,0.0
6132,05270505006256,0.0
6133,05270605007688,0.0
6134,05270705054944,0.0
6135,05270905009120,0.0
6136,05271005011984,0.0
6137,05271305014848,0.0
6138,05271405016280,0.0
6139,05271505017712,0.0
6140,05271605019144,0.0
6141,05271805040624,0.0
6142,05272005042056,0.0
6143,05272105022008,0.0
6112,05260400004823,0.0
6145,05273505047784,0.0
6146,05273605049216,0.0
6147,05273805037760,0.0
6148,05280204001961,0.0
6149,05280604007689,0.0
6150,05280704054945,0.0
6151,05280804039193,0.0
6152,05280904009121,0.0
6153,05281004011985,0.0
6154,05281204013417,0.0
16799,14160700055832,0.0
6156,05281404016281,0.0
6157,05281504017713,0.0
6158,05281604019145,0.0
6159,05281804040625,0.0
6128,05263600049215,0.0
6161,05282104022009,0.0
6162,05282504026305,0.0
6163,05283104032033,0.0
6164,05283404034897,0.0
6165,05283504047785,0.0
6166,05283704036329,0.0
6167,05290200001962,0.0
6168,05290400004826,0.0
6169,05290500006258,-0.0
6170,05290600007690,-0.0
6171,05290800039194,-0.0
6172,05290900009122,-0.0
6173,05291000011986,-0.0
6174,05291300014850,-0.0
6175,05291400016282,-0.0
6144,05272705043488,0.0
6177,05291900046354,0.0
6178,05292300023442,0.0
6179,05292500026306,0.0
6180,05292700043490,-0.0
6181,05293100032034,-0.0
6182,05293400034898,0.0
6183,05293500047786,-0.0
6184,05293600049218,0.0
6185,05293700036330,-0.0
6186,05300305003395,0.0
6187,05300405004827,0.0
6188,05300505006259,0.0
6189,05300605007691,0.0
6190,05300705054947,0.0
6191,05300805039195,0.0
6160,05281904046353,0.0
6193,05301005011987,0.0
6194,05301505017715,0.0
6195,05301605019147,0.0
6196,05301805040627,0.0
6197,05301905046355,0.0
6198,05302005042059,0.0
6199,05302605027739,0.0
6200,05302705043491,0.0
6201,05303105032035,0.0
6202,05303405034899,0.0
6203,05303505047787,0.0
6204,05310300003390,-0.0
6205,05310400004822,-0.0
6206,05310500006254,-0.0
6207,05310700054942,-0.0
6176,05291500017714,0.0
6209,05311000011982,-0.0
6210,05311400016278,-0.0
6211,05311500017710,-0.0
6212,05311600019142,-0.0
6213,05311800040622,0.0
6214,05312100022006,0.0
6215,05312300023438,0.0
6216,05312500026302,0.0
6217,05312600027734,-0.0
6218,05313000030598,0.0
6219,05313100032030,-0.0
6220,05313400034894,-0.0
6221,05313800037758,0.0
6222,05314000053510,-0.0
6223,05320205001964,0.0
6192,05300905009123,0.0
6225,05320405004828,0.0
6226,05320505006260,0.0
6227,05320605007692,0.0
6228,05320805039196,0.0
6229,05320905009124,0.0
6230,05321005011988,0.0
6231,05321405016284,0.0
6232,05321805040628,0.0
6233,05321905046356,0.0
6234,05322005042060,0.0
6235,05322305023444,0.0
6236,05322705043492,0.0
6237,05322905029172,0.0
6238,05323005030604,0.0
6239,05323105032036,0.0
6208,05310900009118,-0.0
6241,05323505047788,0.0
6242,05323605049220,0.0
6243,05420405004838,0.0
6244,05420905009134,0.0
6245,05421105010566,0.0
6246,05421905046366,0.0
6247,05422205052094,-0.0
6248,05422805044934,0.0
6249,05423505047798,0.0
6250,05424005053526,0.0
6251,05430300003407,-0.0
6252,05430500006271,-0.0
6253,05430600007703,-0.0
6254,05431000011999,-0.0
6255,05431200013431,-0.0
6224,05320305003396,0.0
6256,05431400016295,-0.0
6257,05431500017727,0.0
6258,05431700020591,-0.0
6259,05432000042071,-0.0
6260,05432200052095,0.0
6261,05432600027751,-0.0
6262,05432700043503,-0.0
6263,05432900029183,-0.0
6264,05433100032047,-0.0
6265,05433400034911,-0.0
6266,05433500047799,-0.0
6268,05434000053527,-0.0
6269,05440300003408,-0.0
6270,05440600007704,-0.0
6271,05441000012000,-0.0
6240,05323305033468,0.0
6272,05441200013432,-0.0
6273,05441400016296,-0.0
6274,05441500017728,0.0
6275,05441600019160,-0.0
6276,05441700020592,-0.0
6277,05441800040640,-0.0
6278,05442000042072,-0.0
6279,05442200052096,-0.0
6280,05442600027752,-0.0
6281,05442700043504,-0.0
6282,05442800044936,-0.0
6283,05443300033480,-0.0
6284,05443800037776,-0.0
6285,05444000053528,-0.0
6286,05450300003409,0.0
6287,05450400004841,0.0
6288,05450800039209,0.0
6289,05450900009137,-0.0
6290,05451000012001,0.0
6291,05451200013433,0.0
6292,05451400016297,0.0
6293,05451600019161,0.0
6294,05451700020593,0.0
6295,05451800040641,0.0
6296,05451900046369,0.0
6297,05452000042073,0.0
6298,05452200052097,0.0
6299,05452600027753,0.0
6300,05452800044937,0.0
6301,05453000030617,0.0
6302,05453300033481,0.0
6303,05453500047801,-0.0
6304,05460205001978,0.0
6305,05460405004842,0.0
6306,05460805039210,0.0
6307,05461005012002,0.0
6308,05461105010570,0.0
6309,05461205013434,0.0
6310,05461405016298,0.0
6311,05461705020594,0.0
6312,05461905046370,0.0
6313,05462205052098,0.0
6314,05462305023458,-0.0
6315,05462605027754,0.0
6316,05462905029186,0.0
6317,05463005030618,0.0
6318,05463305033482,0.0
6319,05463505047802,0.0
6320,05463805037778,0.0
6321,05470700054963,0.0
6322,05470900009139,0.0
6323,05471900046371,0.0
6324,05472800044939,-0.0
6325,05473000030619,-0.0
6326,05473500047803,-0.0
6327,05480705054964,-0.0
6328,05480805039212,0.0
6329,05482105022028,0.0
6330,05482205052100,-0.0
6331,05482305023460,0.0
6332,05482405024892,-0.0
6333,05483005030620,-0.0
6334,05483505047804,0.0
6335,05490405004845,0.0
6336,05490805039213,0.0
6337,05490905009141,0.0
6338,05492105022029,0.0
6339,05492205052101,0.0
6340,05492405024893,0.0
6341,05493005030621,0.0
6342,05500100000550,0.0
6343,05500200001982,0.0
6344,05500300003414,-0.0
6345,05500400004846,0.0
6346,05500500006278,0.0
6347,05500800039214,0.0
6348,05500900009142,0.0
6349,05501000012006,0.0
6350,05501300014870,0.0
6351,05501800040646,0.0
6352,05502000042078,0.0
6353,05502200052102,-0.0
6354,05502400024894,0.0
6355,05502500026326,0.0
6356,05502600027758,-0.0
6357,05502800044942,0.0
6358,05502900029190,0.0
6359,05503100032054,0.0
6360,05503300033486,-0.0
6361,05503700036350,-0.0
6362,05503800037782,0.0
6363,05510200001983,0.0
6364,05510300003415,0.0
6365,05510400004847,0.0
6366,05510800039215,0.0
6367,05511300014871,0.0
6368,05511700020599,-0.0
6369,05512000042079,0.0
6370,05512100022031,-0.0
6371,05512200052103,0.0
6372,05512400024895,0.0
6373,05512500026327,0.0
6374,05512800044943,0.0
6375,05513000030623,0.0
6376,05513100032055,0.0
6377,05513800037783,0.0
6378,05520100000552,0.0
6379,05520300003416,0.0
6380,05520400004848,0.0
6381,05520800039216,0.0
6382,05521000012008,0.0
6383,05521100010576,0.0
6384,05521200013440,-0.0
6385,05521400016304,0.0
6386,05522000042080,0.0
6387,05522200052104,0.0
6388,05522400024896,-0.0
6389,05522600027760,-0.0
6390,05522800044944,0.0
6391,05522900029192,0.0
6392,05523000030624,0.0
6393,05523100032056,0.0
6394,05523600049240,0.0
6395,05523700036352,-0.0
6396,05523800037784,0.0
6397,05530105000553,0.0
6398,05530305003417,0.0
6399,05530405004849,0.0
6400,05530805039217,0.0
6401,05531005012009,0.0
6402,05531205013441,0.0
6403,05531305014873,0.0
6404,05531405016305,0.0
6405,05531505017737,0.0
6406,05531605019169,0.0
6407,05532005042081,0.0
6408,05532105022033,0.0
6409,05532205052105,0.0
6410,05532305023465,0.0
6411,05532405024897,0.0
6412,05532505026329,0.0
6413,05532605027761,0.0
6414,05532805044945,0.0
6415,05532905029193,0.0
6416,05533105032057,0.0
6417,05533305033489,0.0
6418,05533605049241,0.0
6419,05533705036353,0.0
6420,05533805037785,0.0
6421,05540104000554,0.0
6422,05540204001986,0.0
6423,05540304003418,0.0
6424,05540404004850,0.0
6425,05540804039218,0.0
6426,05540904009146,0.0
6427,05541004012010,0.0
6428,05541104010578,0.0
6429,05541304014874,0.0
6430,05541604019170,0.0
6431,05541904046378,0.0
6432,05542004042082,0.0
6433,05542104022034,0.0
6434,05542204052106,0.0
6435,05542304023466,0.0
6436,05542704043514,0.0
16798,14160500007144,0.0
6438,05542904029194,0.0
6439,05543704036354,0.0
6440,05550205001987,0.0
6441,05550405004851,0.0
6442,05550905009147,0.0
6443,05551005012011,0.0
16797,14160400005712,0.0
6445,05551605019171,0.0
6446,05551905046379,0.0
6447,05552205052107,0.0
6448,05552305023467,0.0
6449,05552505026331,0.0
6450,05552605027763,0.0
6451,05552705043515,0.0
6452,05552805044947,0.0
6453,05553005030627,0.0
6454,05553605049243,0.0
6455,05553705036355,0.0
6456,05553805037787,0.0
6457,05554005053539,0.0
6458,05560200001988,0.0
6459,05560400004852,0.0
6460,05560600007716,0.0
6461,05560800039220,-0.0
6462,05560900009148,0.0
6463,05561500017740,0.0
6464,05561600019172,0.0
6465,05561900046380,-0.0
6466,05562300023468,0.0
6467,05562500026332,0.0
6468,05562600027764,0.0
6469,05562700043516,0.0
6470,05562900029196,0.0
6471,05563000030628,-0.0
6472,05563100032060,-0.0
6473,05563400034924,0.0
6474,05563500047812,0.0
6475,05563600049244,0.0
6476,05563700036356,0.0
6477,05563800037788,0.0
6478,05570304003422,0.0
6479,05570504006286,0.0
6480,05570804039222,0.0
6481,05571004012014,0.0
6482,05571404016310,0.0
6483,05571504017742,0.0
6484,05571904046382,0.0
6485,05572004042086,0.0
6486,05572404024902,0.0
6487,05572504026334,0.0
6488,05572904029198,0.0
6489,05573104032062,0.0
6490,05573404034926,0.0
6491,05573604049246,0.0
6492,05573704036358,0.0
6493,05573804037790,0.0
6494,05580200001989,0.0
6495,05580400004853,-0.0
6496,05580600007717,-0.0
6497,05580900009149,0.0
6498,05581900046381,-0.0
6499,05582100022037,0.0
6500,05582300023469,-0.0
6501,05582600027765,-0.0
6502,05582900029197,-0.0
6503,05583100032061,-0.0
6504,05583400034925,0.0
6505,05583500047813,0.0
6506,05583600049245,0.0
6507,05583700036357,-0.0
6508,05583800037789,-0.0
6509,05590305003423,0.0
6510,05590405004855,0.0
6511,05590505006287,0.0
6512,05590605007719,0.0
6513,05591005012015,0.0
6514,05591505017743,0.0
6515,05591905046383,0.0
6516,05592005042087,0.0
6517,05592105022039,0.0
6518,05592305023471,0.0
6519,05593005030631,0.0
6520,05593105032063,0.0
6521,05593405034927,0.0
6522,05593505047815,0.0
6523,05593605049247,0.0
6524,05593705036359,0.0
6525,05593805037791,0.0
6526,05600404004856,0.0
6527,05600504006288,0.0
6528,05600904009152,0.0
6529,05601404016312,0.0
6530,05601504017744,0.0
6531,05601704020608,0.0
6532,05601804040656,0.0
6533,05601904046384,0.0
6534,05602004042088,0.0
6535,05602104022040,0.0
6536,05602304023472,0.0
6537,05602504026336,0.0
6538,05602704043520,0.0
6539,05603004030632,0.0
6540,05603104032064,0.0
6541,05603304033496,0.0
6542,05603404034928,0.0
6543,05603504047816,0.0
6544,05603604049248,0.0
6545,05603704036360,0.0
6546,05603804037792,0.0
6547,05604004053544,0.0
6548,05610504006289,0.0
6549,05610604007721,0.0
6550,05610804039225,0.0
6551,05610904009153,0.0
6552,05611204013449,0.0
6553,05611404016313,0.0
6554,05611504017745,0.0
6555,05611704020609,0.0
6556,05611804040657,0.0
6557,05611904046385,0.0
6558,05612004042089,0.0
6559,05612304023473,0.0
6560,05612404024905,0.0
6561,05612504026337,0.0
6562,05612704043521,0.0
6563,05612804044953,0.0
6564,05613004030633,0.0
6565,05613104032065,0.0
6566,05613504047817,0.0
6567,05613604049249,0.0
6568,05613704036361,0.0
6569,05613804037793,0.0
6570,05620201001994,0.0
6571,05620601007722,-0.0
6572,05621101010586,-0.0
6573,05621301014882,0.0
6574,05621701020610,-0.0
6575,05621901046386,-0.0
6576,05622401024906,-0.0
6577,05622501026338,-0.0
6578,05622701043522,0.0
6579,05623201056410,-0.0
6580,05623501047818,-0.0
6581,05630501006291,-0.0
6582,05630901009155,-0.0
6583,05631101010587,-0.0
6584,05631301014883,-0.0
6585,05631701020611,-0.0
6586,05631901046387,-0.0
6587,05632401024907,-0.0
6588,05632501026339,-0.0
6589,05632701043523,0.0
6590,05633501047819,-0.0
6591,05633601049251,-0.0
6592,05633901050683,0.0
6593,05640101000564,0.0
6594,05640501006292,-0.0
6595,05640901009156,-0.0
6596,05641101010588,-0.0
6597,05641301014884,-0.0
6598,05641701020612,-0.0
6599,05642101022044,0.0
6600,05642201052116,-0.0
6601,05642301023476,-0.0
6602,05642401024908,-0.0
6603,05642501026340,-0.0
6604,05642601027772,-0.0
6605,05642701043524,0.0
6606,05643201056412,-0.0
6607,05643501047820,-0.0
6608,05643601049252,-0.0
6609,05650700054981,-0.0
6610,05650800039229,-0.0
6611,05650900009157,-0.0
6612,05651100010589,-0.0
6613,05651500017749,-0.0
6614,05651900046389,-0.0
6615,05652300023477,-0.0
6616,05652500026341,-0.0
6617,05653000030637,-0.0
6618,05653200056413,-0.0
6619,05653500047821,-0.0
6620,05653900050685,-0.0
6621,05654000053549,-0.0
6622,05660100000566,-0.0
6623,05660200001998,0.0
6624,05660300003430,-0.0
6625,05660800039230,-0.0
6626,05660900009158,-0.0
6627,05661100010590,-0.0
6628,05661400016318,-0.0
6629,05661800040662,-0.0
6630,05661900046390,-0.0
6631,05662000042094,-0.0
6632,05662200052118,-0.0
6633,05662300023478,0.0
6634,05662500026342,-0.0
6635,05662600027774,-0.0
6636,05663000030638,-0.0
6637,05663300033502,-0.0
6638,05663500047822,-0.0
6639,05663600049254,-0.0
6640,05663700036366,-0.0
6641,05663800037798,-0.0
6642,05664000053550,-0.0
6643,05670300003431,0.0
6644,05671200013455,0.0
6645,05671400016319,-0.0
6646,05673700036367,0.0
6647,05673800037799,-0.0
6648,05680300003432,-0.0
6649,05681200013456,0.0
6650,05681300014888,0.0
6651,05681400016320,0.0
6652,05683700036368,-0.0
6653,05690300003433,-0.0
6654,05691200013457,0.0
6655,05691400016321,0.0
6656,05691600019185,-0.0
6657,05693300033505,0.0
6658,05693700036369,-0.0
6659,05693800037801,0.0
6660,05700300003434,-0.0
6661,05701000012026,-0.0
6662,05701200013458,-0.0
6663,05701300014890,-0.0
6664,05701400016322,-0.0
6665,05701600019186,0.0
6666,05703300033506,-0.0
6667,05703700036370,0.0
6668,05710300003435,-0.0
6669,05711000012027,-0.0
6670,05711300014891,-0.0
6671,05711400016323,-0.0
6672,05711600019187,0.0
6673,05711700020619,-0.0
6674,05713700036371,0.0
6675,05713800037803,0.0
6676,05720600007732,-0.0
6677,05721000012028,-0.0
6678,05721200013460,-0.0
6679,05721300014892,0.0
6680,05721400016324,-0.0
6681,05721600019188,0.0
6682,05721700020620,-0.0
6683,05723300033508,-0.0
6684,05723800037804,-0.0
6685,05730300003437,0.0
6686,05730500006301,0.0
6687,05731000012029,-0.0
6688,05731200013461,-0.0
6689,05731700020621,-0.0
6690,05733700036373,0.0
6691,05733800037805,-0.0
6692,05740100000574,0.0
6693,05740200002006,0.0
6694,05740300003438,0.0
6695,05740500006302,0.0
6696,05740600007734,0.0
6697,05740800039238,0.0
6698,05740900009166,0.0
6699,05741000012030,0.0
6700,05741100010598,0.0
6701,05741200013462,0.0
16796,14160300004280,-0.0
6703,05741600019190,0.0
6704,05741700020622,0.0
6705,05742200052126,0.0
6706,05742300023486,0.0
6707,05742500026350,0.0
6708,05742600027782,0.0
6709,05742700043534,0.0
6710,05743100032078,0.0
6711,05743400034942,0.0
6712,05743600049262,0.0
6713,05743800037806,0.0
6714,05744000053558,0.0
6715,05750500006303,0.0
6716,05751000012031,0.0
6717,05751400016327,0.0
6718,05751700020623,0.0
6719,05752600027783,0.0
6720,05760500006304,0.0
6721,05761400016328,0.0
6722,05761700020624,0.0
6723,05770605007737,0.0
6724,05770805039241,0.0
6725,05771405016329,-0.0
16795,14160200002848,0.0
6727,05773005030649,0.0
6728,05773105032081,0.0
6729,05773805037809,0.0
6730,05780305003442,-0.0
6731,05780605007738,0.0
6732,05780805039242,0.0
6733,05781405016330,-0.0
6734,05781505017762,0.0
6735,05783005030650,0.0
6736,05783105032082,0.0
6737,05783805037810,0.0
6738,05790100000579,-0.0
6739,05790300003443,-0.0
6740,05790500006307,-0.0
6741,05790600007739,-0.0
6742,05790700054995,0.0
6743,05790900009171,0.0
6744,05791200013467,-0.0
6745,05791400016331,-0.0
6746,05791500017763,-0.0
6747,05791700020627,-0.0
6748,05791800040675,-0.0
6749,05792000042107,-0.0
6750,05792400024923,0.0
6751,05792500026355,-0.0
6752,05792700043539,-0.0
6753,05793000030651,-0.0
6754,05793100032083,-0.0
6755,05793600049267,0.0
6756,05793700036379,-0.0
6757,05793800037811,-0.0
6758,05800100000580,-0.0
6759,05800300003444,-0.0
6760,05800400004876,-0.0
6761,05800600007740,-0.0
6762,05800700054996,-0.0
6763,05800800039244,-0.0
6764,05800900009172,0.0
6765,05801000012036,0.0
6766,05801100010604,-0.0
6767,05801200013468,-0.0
6768,05801400016332,-0.0
6769,05801600019196,-0.0
6770,05801700020628,0.0
6771,05801800040676,0.0
6772,05801900046404,0.0
6773,05802000042108,-0.0
6774,05802400024924,-0.0
6775,05802500026356,-0.0
6776,05802700043540,-0.0
6777,05802900029220,-0.0
6778,05803000030652,-0.0
6779,05803100032084,-0.0
6780,05803700036380,-0.0
6781,05804000053564,-0.0
6782,05810305003445,0.0
6783,05810505006309,0.0
6784,05810605007741,0.0
6785,05810805039245,0.0
6786,05810905009173,0.0
6787,05811005012037,0.0
6788,05811205013469,0.0
6789,05811705020629,0.0
6790,05811905046405,0.0
6791,05812005042109,0.0
6792,05812205052133,0.0
6793,05812305023493,0.0
6794,05812405024925,0.0
6795,05812505026357,0.0
6796,05812605027789,0.0
6797,05812705043541,0.0
6798,05812805044973,0.0
6799,05812905029221,0.0
6800,05813005030653,0.0
6801,05813105032085,0.0
6802,05813405034949,0.0
6803,05813705036381,0.0
6804,05813805037813,0.0
6805,05814005053565,0.0
6806,05820404004878,0.0
6807,05820504006310,0.0
6808,05820804039246,0.0
6809,05820904009174,0.0
6810,05821004012038,0.0
6811,05821504017766,0.0
6812,05821604019198,0.0
6813,05821704020630,0.0
6814,05822004042110,0.0
6815,05822204052134,0.0
6816,05822304023494,0.0
6817,05822404024926,0.0
6818,05822504026358,0.0
6819,05822604027790,0.0
6820,05822704043542,0.0
6821,05823004030654,0.0
6822,05823504047838,0.0
6823,05823604049270,0.0
6824,05823704036382,0.0
6825,05823804037814,0.0
6826,05824004053566,0.0
6827,05830400004880,0.0
6828,05830500006312,0.0
6829,05830800039248,-0.0
6830,05830900009176,-0.0
6831,05831100010608,0.0
6832,05831500017768,-0.0
6833,05831600019200,0.0
6834,05831800040680,0.0
6835,05832000042112,-0.0
6836,05832100022064,-0.0
6837,05832300023496,-0.0
6838,05832500026360,-0.0
6839,05832600027792,0.0
6840,05833100032088,-0.0
6841,05833500047840,-0.0
6842,05833800037816,0.0
6843,05840300003449,0.0
6844,05840400004881,0.0
6845,05840800039249,-0.0
6846,05840900009177,-0.0
6847,05841100010609,0.0
6848,05841300014905,0.0
6849,05841500017769,-0.0
6850,05841600019201,0.0
6851,05841800040681,0.0
6852,05841900046409,-0.0
6853,05842000042113,-0.0
6854,05842300023497,-0.0
6855,05842400024929,-0.0
6856,05842500026361,-0.0
6857,05842700043545,0.0
6858,05843300033521,0.0
6859,05843600049273,-0.0
6860,05843700036385,0.0
6861,05850400004879,0.0
6862,05850800039247,-0.0
6863,05851000012039,0.0
6864,05851500017767,0.0
6865,05851700020631,0.0
6866,05851800040679,0.0
6867,05852000042111,-0.0
6868,05852100022063,-0.0
6869,05852200052135,0.0
6870,05852300023495,-0.0
6871,05852400024927,-0.0
6872,05852700043543,0.0
6873,05853000030655,0.0
6874,05853500047839,-0.0
6875,05853600049271,-0.0
6876,05853700036383,0.0
6877,05853800037815,0.0
6878,05870200002019,-0.0
6879,05870300003451,-0.0
6880,05870800039251,0.0
6881,05870900009179,-0.0
6882,05871100010611,-0.0
6883,05871300014907,0.0
6884,05871600019203,-0.0
6885,05871800040683,0.0
6886,05871900046411,0.0
6887,05872100022067,-0.0
6888,05872300023499,0.0
6889,05872500026363,0.0
6890,05872700043547,-0.0
6891,05873600049275,0.0
6892,05873700036387,0.0
6893,05873800037819,0.0
6894,05880200002020,-0.0
6895,05880400004884,0.0
6896,05880900009180,0.0
6897,05881000012044,-0.0
6898,05881300014908,-0.0
6899,05881400016340,0.0
6900,05881500017772,0.0
6901,05881600019204,-0.0
6902,05881700020636,-0.0
6903,05881800040684,0.0
6904,05882000042116,0.0
6905,05882500026364,0.0
6906,05882900029228,-0.0
6907,05883000030660,0.0
6908,05883300033524,-0.0
6909,05883400034956,0.0
6910,05883500047844,0.0
6911,05883600049276,-0.0
6912,05883700036388,0.0
6913,05883800037820,0.0
6914,05890200002021,-0.0
6915,05890400004885,0.0
6916,05890800039253,0.0
6917,05890900009181,-0.0
6918,05891000012045,-0.0
6919,05891100010613,-0.0
6920,05891300014909,0.0
6921,05891400016341,0.0
6922,05891700020637,0.0
6923,05891800040685,0.0
6924,05891900046413,0.0
6925,05892000042117,0.0
6926,05892100022069,-0.0
6927,05892200052141,0.0
6928,05892300023501,0.0
6929,05892500026365,0.0
6930,05892600027797,0.0
6931,05892700043549,-0.0
6932,05893000030661,0.0
6933,05893300033525,0.0
6934,05893400034957,-0.0
6935,05893500047845,-0.0
6936,05893700036389,0.0
6937,05893800037821,0.0
6938,05900300003454,-0.0
6939,05900400004886,0.0
6940,05900800039254,0.0
6941,05900900009182,0.0
6942,05901100010614,-0.0
6943,05901300014910,0.0
6944,05901400016342,0.0
6945,05901500017774,0.0
6946,05901600019206,-0.0
6947,05901800040686,0.0
6948,05902000042118,0.0
6949,05902100022070,-0.0
6950,05902500026366,0.0
6951,05902800044982,0.0
6952,05902900029230,-0.0
6953,05903000030662,0.0
6954,05903100032094,0.0
6955,05903300033526,-0.0
6956,05903400034958,0.0
6957,05903700036390,0.0
6958,05910603007751,-0.0
6959,05910803039255,-0.0
6960,05911203013479,-0.0
6961,05911503017775,-0.0
6962,05911703020639,-0.0
6963,05911803040687,-0.0
6964,05912003042119,-0.0
6965,05912403024935,0.0
6966,05912503026367,-0.0
6967,05912703043551,-0.0
6968,05913103032095,-0.0
6969,05913303033527,-0.0
6970,05913703036391,-0.0
6971,05920303003456,-0.0
6972,05920503006320,-0.0
6973,05920603007752,-0.0
6974,05921003012048,-0.0
6975,05921203013480,-0.0
6976,05921503017776,-0.0
6977,05921603019208,0.0
6978,05921703020640,-0.0
6979,05922603027800,-0.0
6980,05923303033528,-0.0
6981,05923403034960,-0.0
6982,05923803037824,-0.0
6983,05930503006321,-0.0
6984,05930603007753,-0.0
6985,05931003012049,-0.0
6986,05931203013481,-0.0
6987,05931403016345,-0.0
6988,05931503017777,-0.0
6989,05932603027801,-0.0
6990,05932703043553,-0.0
6991,05933303033529,0.0
7023,05953800037827,0.0
6993,05933803037825,-0.0
6994,05940900009186,-0.0
6995,05941100010618,-0.0
6996,05941400016346,-0.0
6997,05941500017778,-0.0
6998,05941700020642,-0.0
6999,05941800040690,-0.0
7000,05942000042122,0.0
7001,05942100022074,-0.0
7002,05942600027802,-0.0
7003,05942700043554,-0.0
7004,05942900029234,-0.0
7005,05943300033530,-0.0
7006,05943400034962,-0.0
7007,05950200002027,-0.0
7039,05963405034964,-0.0
7008,05950400004891,0.0
7009,05951000012051,-0.0
7010,05951100010619,-0.0
7011,05951400016347,-0.0
7012,05951500017779,-0.0
7013,05951700020643,-0.0
7014,05952000042123,0.0
7015,05952100022075,-0.0
7016,05952500026371,-0.0
7017,05952600027803,-0.0
7018,05952900029235,-0.0
7019,05953100032099,-0.0
7020,05953300033531,-0.0
7021,05953400034963,-0.0
7022,05953700036395,0.0
7055,06033000030675,-0.0
7024,05960405004892,0.0
7025,05960505006324,-0.0
7026,05960905009188,0.0
7027,05961005012052,-0.0
7028,05961105010620,0.0
7029,05961305014916,0.0
7030,05961405016348,-0.0
7031,05961505017780,0.0
7032,05962005042124,0.0
7033,05962105022076,0.0
7034,05962505026372,0.0
7035,05962705043556,0.0
7036,05962905029236,-0.0
7037,05963105032100,-0.0
7038,05963305033532,-0.0
7071,06051200013493,0.0
7040,05963705036396,0.0
7041,05963805037828,0.0
7042,05970200002029,-0.0
7043,05970400004893,-0.0
7044,05971900046421,-0.0
7045,05972000042125,-0.0
7046,05972100022077,0.0
7047,06030400004899,-0.0
7048,06031200013491,-0.0
7049,06031400016355,-0.0
7050,06031800040699,-0.0
7051,06032000042131,0.0
7052,06032100022083,-0.0
7053,06032200052155,-0.0
7054,06032500026379,-0.0
7087,06061700020654,0.0
7056,06033400034971,-0.0
7057,06033500047859,-0.0
7058,06033800037835,-0.0
7059,06040200002036,0.0
7060,06040500006332,0.0
7061,06041200013492,0.0
7062,06041600019220,0.0
16794,14160100001416,0.0
7064,06042100022084,0.0
7065,06042200052156,0.0
7066,06042500026380,0.0
7067,06042800044996,0.0
7068,06042900029244,0.0
7069,06043000030676,0.0
7070,06050500006333,0.0
7103,06070800039271,0.0
7072,06051400016357,0.0
16793,14154000054399,0.0
7074,06052100022085,0.0
7075,06052300023517,0.0
7076,06052800044997,0.0
7077,06053000030677,0.0
7078,06060200002038,0.0
7079,06060400004902,0.0
7080,06060500006334,0.0
7081,06060600007766,0.0
7082,06060800039270,0.0
7083,06061000012062,0.0
7084,06061100010630,0.0
7085,06061200013494,0.0
7086,06061300014926,0.0
7118,06073800037839,0.0
7119,06074000053591,0.0
16792,14153900051535,0.0
16791,14153700037215,-0.0
7090,06062100022086,0.0
7091,06062200052158,0.0
7092,06062500026382,0.0
7093,06062700043566,0.0
7094,06062900029246,0.0
7095,06063100032110,0.0
7096,06063300033542,0.0
7097,06063700036406,0.0
7098,06063800037838,0.0
7099,06070400004903,0.0
7100,06070500006335,0.0
7102,06070700055023,0.0
7134,06092000042137,-0.0
7135,06092400024953,0.0
7104,06071100010631,0.0
7105,06071200013495,0.0
7106,06071500017791,0.0
7107,06071600019223,0.0
7108,06071700020655,0.0
16790,14153500048671,0.0
7110,06072300023519,0.0
7111,06072400024951,0.0
7112,06072500026383,0.0
7113,06072600027815,0.0
7114,06072700043567,0.0
7115,06073100032111,0.0
7116,06073300033543,0.0
7117,06073700036407,0.0
7150,06103000030682,0.0
16789,14153400035783,0.0
7120,06080200002040,0.0
7121,06080300003472,0.0
7122,06081500017792,0.0
7123,06081700020656,0.0
7124,06081800040704,-0.0
16788,14153300034351,-0.0
7126,06082600027816,0.0
7127,06082900029248,0.0
7128,06083100032112,0.0
7129,06083800037840,0.0
7130,06091100010633,0.0
7131,06091200013497,0.0
7132,06091300014929,-0.0
7133,06091800040705,0.0
7166,06113600049299,0.0
7167,06113800037843,0.0
7136,06092500026385,0.0
7137,06092900029249,0.0
7138,06093400034977,-0.0
7139,06093600049297,-0.0
7140,06093800037841,-0.0
7141,06100500006338,0.0
7142,06101100010634,0.0
7143,06101200013498,0.0
7144,06101300014930,0.0
7145,06101800040706,0.0
16787,14153200057263,0.0
7147,06102200052162,-0.0
7148,06102300023522,0.0
16786,14153100032919,-0.0
7182,06122500026388,0.0
7183,06122600027820,0.0
7152,06103500047866,0.0
7153,06103800037842,0.0
7154,06110200002043,-0.0
7155,06110500006339,0.0
7156,06111100010635,0.0
7157,06111200013499,0.0
7158,06111300014931,0.0
7159,06111400016363,0.0
7160,06111800040707,0.0
7161,06112200052163,-0.0
7162,06112300023523,0.0
7163,06112800045003,0.0
7164,06112900029251,0.0
7165,06113000030683,0.0
7198,06170800039281,-0.0
7199,06171200013505,0.0
7168,06120200002044,0.0
16753,14140700055830,-0.0
7170,06120400004908,0.0
7171,06120500006340,0.0
7172,06120800039276,0.0
7173,06121100010636,0.0
7174,06121200013500,0.0
7175,06121300014932,0.0
7176,06121400016364,0.0
7177,06121600019228,0.0
7178,06121800040708,0.0
7179,06121900046436,0.0
7180,06122100022092,0.0
7181,06122400024956,0.0
7214,06173600049305,0.0
7215,06173800037849,-0.0
7184,06122700043572,0.0
7185,06122800045004,0.0
16752,14140600008574,-0.0
7187,06123300033548,0.0
16783,14152600028623,-0.0
7189,06123500047868,0.0
7190,06123600049300,0.0
7191,06123700036412,0.0
7192,06140805039277,0.0
7193,06150804039279,0.0
7194,06160804039280,0.0
7195,06170300003481,-0.0
7196,06170500006345,-0.0
7197,06170600007777,0.0
7230,06190600007779,-0.0
7231,06190800039283,-0.0
7200,06171300014937,0.0
7201,06171400016369,-0.0
7202,06171600019233,-0.0
7203,06171700020665,-0.0
7204,06171800040713,0.0
7205,06172400024961,-0.0
7206,06172500026393,0.0
7207,06172600027825,0.0
7208,06172700043577,0.0
7209,06172800045009,-0.0
7210,06172900029257,-0.0
7211,06173200056465,-0.0
7212,06173400034985,-0.0
7213,06173500047873,-0.0
7246,06193500047875,-0.0
7247,06193800037851,-0.0
7216,06180300003482,-0.0
7217,06180600007778,0.0
7218,06181000012074,-0.0
7219,06181300014938,0.0
7220,06181700020666,-0.0
7221,06182600027826,0.0
7222,06182900029258,0.0
7223,06183300033554,0.0
7224,06183700036418,-0.0
7225,06183800037850,-0.0
7226,06190200002051,-0.0
7227,06190300003483,-0.0
7228,06190400004915,-0.0
7229,06190500006347,-0.0
7262,06203400034988,-0.0
7263,06210200002053,0.0
7232,06191000012075,-0.0
7233,06191200013507,-0.0
7234,06191300014939,0.0
7235,06191500017803,-0.0
7236,06191700020667,-0.0
7237,06191900046443,-0.0
7238,06192100022099,-0.0
7239,06192200052171,-0.0
7240,06192300023531,-0.0
7241,06192700043579,-0.0
7242,06192800045011,-0.0
7243,06193100032123,-0.0
7244,06193200056467,-0.0
7245,06193300033555,0.0
7278,06212200052173,-0.0
7279,06212300023533,-0.0
7248,06194000053603,-0.0
7249,06200200002052,-0.0
7250,06200500006348,-0.0
7251,06200600007780,-0.0
7252,06201000012076,-0.0
7253,06201200013508,0.0
7254,06201400016372,-0.0
7255,06201600019236,-0.0
7256,06201700020668,-0.0
7257,06201800040716,0.0
7258,06202600027828,0.0
7259,06202700043580,-0.0
7260,06202900029260,0.0
7261,06203300033556,0.0
7294,06220500006350,-0.0
7295,06220600007782,0.0
7264,06210300003485,-0.0
7265,06210400004917,0.0
7266,06210600007781,0.0
7267,06210700055037,-0.0
7268,06210800039285,-0.0
7269,06210900009213,-0.0
7270,06211000012077,-0.0
7271,06211400016373,-0.0
7272,06211500017805,-0.0
7273,06211600019237,-0.0
7274,06211700020669,-0.0
7275,06211800040717,0.0
7276,06211900046445,-0.0
7277,06212100022101,-0.0
7310,06230800039287,-0.0
7311,06230900009215,-0.0
7280,06212500026397,-0.0
7281,06212700043581,0.0
7282,06212800045013,-0.0
7283,06212900029261,-0.0
7284,06213000030693,0.0
7285,06213100032125,-0.0
7286,06213200056469,-0.0
7287,06213400034989,-0.0
7288,06213600049309,0.0
7289,06213700036421,-0.0
7290,06213800037853,-0.0
7291,06213900050741,-0.0
7292,06220200002054,0.0
7293,06220300003486,-0.0
7326,06233200056471,0.0
7327,06233300033559,0.0
7296,06221000012078,-0.0
7297,06221300014942,0.0
7298,06221400016374,-0.0
7299,06221600019238,0.0
7300,06221700020670,-0.0
7301,06221800040718,0.0
7302,06222000042150,-0.0
7303,06223700036422,-0.0
7304,06223800037854,-0.0
7305,06230300003487,0.0
7306,06230400004919,0.0
7307,06230500006351,0.0
7308,06230600007783,0.0
7309,06230700055039,-0.0
7342,06250200002057,0.0
7343,06250400004921,0.0
7312,06231200013511,0.0
7313,06231300014943,0.0
7314,06231400016375,0.0
7315,06231600019239,0.0
7316,06231700020671,0.0
7317,06232000042151,0.0
7318,06232100022103,-0.0
7319,06232200052175,-0.0
7320,06232500026399,0.0
7321,06232600027831,0.0
7322,06232700043583,0.0
7323,06232800045015,0.0
7324,06232900029263,0.0
7325,06233000030695,0.0
7358,06252600027833,0.0
7359,06252700043585,0.0
7328,06233400034991,0.0
7329,06233800037855,-0.0
7330,06240600007784,0.0
7331,06241200013512,-0.0
7332,06241300014944,0.0
7333,06241400016376,0.0
7334,06241600019240,0.0
7335,06241700020672,0.0
7336,06242000042152,0.0
7337,06242900029264,-0.0
7338,06243300033560,0.0
7339,06243400034992,0.0
7340,06243800037856,-0.0
7341,06250100000625,-0.0
7374,06261100010650,-0.0
7375,06261500017810,-0.0
7344,06250500006353,0.0
7345,06250600007785,0.0
7346,06250700055041,-0.0
7347,06250800039289,-0.0
7348,06250900009217,-0.0
7349,06251000012081,0.0
7350,06251200013513,0.0
7351,06251300014945,0.0
7352,06251500017809,-0.0
7353,06251800040721,0.0
7354,06252000042153,0.0
7355,06252200052177,-0.0
7356,06252300023537,-0.0
7357,06252500026401,0.0
7390,06263700036426,-0.0
7391,06263800037858,-0.0
7360,06252800045017,0.0
7361,06253000030697,0.0
7362,06253300033561,0.0
7363,06253400034993,0.0
7364,06253600049313,0.0
7365,06253800037857,0.0
7366,06254000053609,-0.0
7367,06260100000626,-0.0
7368,06260200002058,-0.0
7369,06260400004922,-0.0
7370,06260500006354,-0.0
7371,06260800039290,-0.0
7372,06260900009218,-0.0
7373,06261000012082,-0.0
7406,06280900009220,-0.0
7407,06281000012084,-0.0
7376,06261600019242,-0.0
7377,06261700020674,-0.0
7378,06261900046450,-0.0
7379,06262000042154,-0.0
7380,06262500026402,-0.0
7381,06262600027834,-0.0
7382,06262700043586,0.0
7383,06262900029266,-0.0
7384,06263000030698,-0.0
7385,06263100032130,-0.0
7386,06263300033562,0.0
7387,06263400034994,-0.0
7388,06263500047882,-0.0
7389,06263600049314,0.0
7422,06283500047884,-0.0
7423,06284000053612,-0.0
7392,06270200002059,-0.0
7393,06270500006355,-0.0
7394,06270600007787,-0.0
7395,06271000012083,-0.0
7396,06271400016379,-0.0
7397,06271800040723,-0.0
7398,06272600027835,0.0
7399,06272700043587,0.0
7400,06273400034995,-0.0
7401,06273700036427,-0.0
7402,06280500006356,0.0
7403,06280600007788,0.0
7404,06280700055044,-0.0
7405,06280800039292,-0.0
7438,06292400024973,-0.0
7439,06292600027837,0.0
7408,06281100010652,-0.0
7409,06281300014948,0.0
7410,06281500017812,-0.0
7411,06281600019244,-0.0
7412,06281800040724,0.0
7413,06281900046452,-0.0
7414,06282000042156,0.0
7415,06282200052180,-0.0
7416,06282700043588,0.0
7417,06282800045020,-0.0
7418,06283000030700,-0.0
7419,06283100032132,-0.0
7420,06283300033564,0.0
7421,06283400034996,-0.0
7454,06302000042158,0.0
7455,06302600027838,0.0
7424,06290400004925,0.0
7425,06290600007789,0.0
7426,06290700055045,-0.0
7427,06290800039293,-0.0
7428,06291000012085,-0.0
7429,06291100010653,-0.0
7430,06291200013517,-0.0
7431,06291300014949,0.0
7432,06291600019245,0.0
7433,06291800040725,-0.0
7434,06291900046453,-0.0
7435,06292000042157,0.0
7436,06292100022109,-0.0
7437,06292200052181,-0.0
7470,06312500026407,-0.0
7471,06312600027839,0.0
7440,06292700043589,0.0
7441,06292800045021,-0.0
7442,06292900029269,0.0
7443,06293000030701,0.0
7444,06293100032133,0.0
7445,06293400034997,0.0
7446,06293600049317,0.0
7447,06293800037861,-0.0
7448,06293900050749,-0.0
7449,06300300003494,0.0
7450,06300500006358,0.0
7451,06300600007790,0.0
7452,06301200013518,-0.0
7453,06301700020678,0.0
16782,14152500027191,0.0
7487,06332600027841,0.0
7456,06302900029270,-0.0
7457,06303100032134,0.0
7458,06303800037862,-0.0
7459,06310400004927,0.0
7460,06310500006359,0.0
7461,06310600007791,0.0
7462,06310800039295,-0.0
7463,06310900009223,-0.0
7464,06311000012087,0.0
7465,06311100010655,-0.0
7466,06311200013519,0.0
7467,06311500017815,-0.0
7468,06312200052183,-0.0
7469,06312400024975,-0.0
7502,06350600007795,-0.0
7503,06351600019251,-0.0
7472,06313400034999,0.0
7473,06313600049319,0.0
7474,06320300003496,0.0
7475,06320500006360,-0.0
7476,06321200013520,-0.0
7477,06321300014952,-0.0
7478,06321700020680,-0.0
7479,06323400035000,-0.0
7480,06323700036432,-0.0
7481,06323800037864,-0.0
7482,06330300003497,0.0
7483,06330500006361,-0.0
7484,06330600007793,-0.0
7485,06331400016385,-0.0
7517,06370300003501,0.0
7518,06370500006365,-0.0
7519,06370600007797,-0.0
7488,06332900029273,-0.0
7489,06333700036433,-0.0
7490,06340300003498,0.0
7491,06340500006362,-0.0
7492,06340600007794,-0.0
7493,06341300014954,-0.0
7494,06341400016386,-0.0
7495,06341700020682,-0.0
7496,06342000042162,0.0
7497,06342900029274,-0.0
7498,06343300033570,-0.0
7499,06343700036434,-0.0
7500,06343800037866,-0.0
7533,06383700036438,-0.0
7534,06383800037870,-0.0
7535,06390300003503,-0.0
7504,06352600027843,0.0
7505,06353300033571,-0.0
7506,06360300003500,-0.0
7507,06360600007796,-0.0
7508,06361000012092,-0.0
7509,06361400016388,0.0
7510,06361600019252,-0.0
7511,06361700020684,-0.0
7512,06362600027844,0.0
7513,06363300033572,-0.0
7514,06363400035004,0.0
7515,06363800037868,0.0
7516,06370200002069,-0.0
7549,06401200013528,-0.0
7550,06401300014960,-0.0
7551,06401400016392,-0.0
7520,06371000012093,0.0
7521,06371400016389,-0.0
7522,06371600019253,-0.0
7523,06373300033573,-0.0
7524,06373400035005,-0.0
7525,06373700036437,-0.0
7526,06373800037869,0.0
7527,06380200002070,-0.0
7528,06380300003502,-0.0
7529,06380500006366,-0.0
7530,06380600007798,-0.0
7531,06381000012094,-0.0
7532,06383400035006,-0.0
7565,06411300014961,0.0
7566,06411400016393,0.0
7567,06411500017825,0.0
7536,06390500006367,-0.0
7537,06390600007799,-0.0
7538,06391200013527,-0.0
7539,06391300014959,-0.0
7540,06391400016391,0.0
7541,06391700020687,-0.0
7542,06392900029279,-0.0
7543,06393400035007,0.0
7544,06393700036439,-0.0
7545,06400300003504,-0.0
7546,06400500006368,-0.0
7547,06400600007800,-0.0
7548,06401000012096,-0.0
7580,06420204002074,0.0
7581,06420304003506,0.0
7582,06420504006370,0.0
7583,06420704055058,0.0
7552,06401600019256,-0.0
7553,06401700020688,-0.0
7555,06402600027848,-0.0
7556,06403300033576,-0.0
7557,06403400035008,-0.0
7558,06410100000641,-0.0
7559,06410300003505,0.0
7560,06410400004937,0.0
7561,06410700055057,-0.0
7562,06410800039305,-0.0
7563,06411000012097,0.0
7564,06411100010665,-0.0
7596,06422604027850,0.0
7597,06422704043602,0.0
7598,06423004030714,0.0
7599,06423104032146,0.0
7568,06411600019257,0.0
7569,06411800040737,0.0
7570,06411900046465,-0.0
7571,06412000042169,0.0
7572,06412400024985,-0.0
7573,06412600027849,0.0
7574,06412700043601,0.0
7575,06412800045033,0.0
7576,06413300033577,-0.0
7577,06413500047897,-0.0
7578,06413600049329,-0.0
7579,06413800037873,0.0
7612,06443304033580,-0.0
7613,06443404035012,-0.0
7614,06443604049332,0.0
7615,06460204002078,0.0
7584,06420804039306,0.0
7585,06420904009234,0.0
7586,06421004012098,0.0
7587,06421104010666,0.0
7588,06421304014962,0.0
7589,06421604019258,0.0
7590,06421804040738,0.0
7591,06421904046466,0.0
7592,06422004042170,0.0
7593,06422204052194,0.0
7594,06422304023554,0.0
7595,06422504026418,0.0
7628,06463304033582,-0.0
7629,06463404035014,-0.0
7630,06463504047902,0.0
7631,06463804037878,-0.0
7600,06423204056490,0.0
7601,06423604049330,0.0
7602,06423704036442,0.0
7603,06423804037874,0.0
7604,06440204002076,0.0
7605,06440504006372,0.0
7606,06440604007804,-0.0
7607,06440804039308,-0.0
7608,06441804040740,-0.0
16781,14152200052967,0.0
7610,06442504026420,0.0
7611,06442604027852,-0.0
7643,06530104000653,-0.0
7644,06530304003517,-0.0
7645,06530604007813,-0.0
7646,06530804039317,0.0
7647,06531104010677,0.0
7616,06460304003510,-0.0
7617,06460404004942,0.0
7618,06460504006374,0.0
7619,06461204013534,0.0
7620,06461304014966,0.0
7621,06461504017830,-0.0
7622,06461704020694,-0.0
7623,06462504026422,0.0
7624,06462604027854,0.0
7626,06462904029286,-0.0
7627,06463004030718,0.0
7659,06533304033589,-0.0
7660,06533604049341,0.0
7661,06533704036453,-0.0
7662,06533804037885,-0.0
7663,06533904050773,0.0
7632,06464004053630,-0.0
7633,06520200002084,-0.0
7634,06520400004948,-0.0
7635,06520800039316,-0.0
7636,06521500017836,-0.0
7637,06521700020700,-0.0
7638,06521900046476,-0.0
7639,06522000042180,-0.0
7640,06522100022132,0.0
7641,06522300023564,0.0
7642,06523100032156,-0.0
7675,06543301033590,0.0
7676,06543401035022,0.0
7677,06543501047910,0.0
7678,06543601049342,0.0
7679,06543901050774,0.0
7648,06531304014973,-0.0
7649,06531404016405,-0.0
7650,06531504017837,0.0
7651,06532004042181,0.0
7652,06532204052205,0.0
7653,06532304023565,0.0
7654,06532504026429,-0.0
7655,06532704043613,0.0
7656,06532804045045,0.0
7657,06532904029293,0.0
7658,06533104032157,-0.0
7691,06551901046479,0.0
16780,14152100022895,-0.0
7693,06552101022135,0.0
7694,06552301023567,0.0
7695,06552601027863,0.0
7664,06540101000654,0.0
7665,06540301003518,0.0
7666,06541001012110,0.0
7667,06541101010678,0.0
7668,06541901046478,0.0
16779,14151900047239,0.0
7670,06542101022134,0.0
7671,06542201052206,0.0
7672,06542601027862,0.0
7673,06542901029294,0.0
7674,06543201056502,0.0
7707,06560501006384,0.0
7708,06560601007816,0.0
7709,06560801039320,0.0
7710,06560901009248,0.0
7711,06561201013544,0.0
7680,06550101000655,0.0
7681,06550201002087,0.0
7682,06550301003519,0.0
7683,06550401004951,0.0
7684,06550501006383,0.0
7685,06550601007815,0.0
7686,06550801039319,0.0
7687,06550901009247,0.0
7688,06551001012111,0.0
7689,06551501017839,0.0
7690,06551701020703,0.0
7723,06563501047912,0.0
7724,06563601049344,0.0
7725,06563701036456,0.0
7726,06563901050776,0.0
7727,06570100000657,-0.0
7696,06552701043615,0.0
7697,06553101032159,0.0
7698,06553201056503,0.0
7699,06553501047911,0.0
7700,06553601049343,0.0
7701,06553701036455,0.0
7702,06553801037887,0.0
7703,06553901050775,0.0
7704,06560101000656,0.0
7705,06560301003520,0.0
7706,06560401004952,0.0
7739,06572700043617,-0.0
7740,06572900029297,-0.0
7741,06573100032161,-0.0
7742,06573200056505,-0.0
7743,06573300033593,-0.0
7712,06561301014976,0.0
7713,06561601019272,0.0
7714,06561801040752,0.0
7715,06561901046480,0.0
7716,06562501026432,0.0
7717,06562601027864,0.0
7718,06562901029296,0.0
7719,06563001030728,0.0
7720,06563201056504,0.0
7721,06563301033592,0.0
7722,06563401035024,0.0
7755,06581200013546,0.0
7756,06581300014978,0.0
7757,06581500017842,0.0
7758,06581700020706,0.0
7759,06581800040754,0.0
7728,06570200002089,-0.0
7729,06570600007817,0.0
7730,06570700055073,-0.0
7731,06570800039321,-0.0
7732,06570900009249,-0.0
7733,06571000012113,-0.0
7734,06571400016409,-0.0
7735,06571700020705,-0.0
7736,06571800040753,-0.0
7737,06571900046481,-0.0
7738,06572300023569,-0.0
7771,06583900050778,0.0
7772,06584000053642,0.0
7773,06600205002092,0.0
7774,06600305003524,-0.0
7775,06600405004956,0.0
7744,06573400035025,-0.0
7745,06573500047913,-0.0
7746,06573600049345,-0.0
7747,06573700036457,-0.0
7748,06573900050777,-0.0
7749,06580200002090,0.0
7750,06580400004954,0.0
7751,06580500006386,0.0
7752,06580600007818,-0.0
7753,06580700055074,0.0
7754,06580900009250,0.0
7787,06680204002100,0.0
7788,06680404004964,0.0
7789,06680504006396,0.0
7790,06680604007828,0.0
7791,06680704055084,0.0
7760,06581900046482,0.0
7761,06582200052210,0.0
7762,06582300023570,0.0
7763,06582800045050,0.0
7764,06582900029298,0.0
7765,06583000030730,0.0
7766,06583200056506,0.0
7767,06583300033594,0.0
7768,06583400035026,0.0
7769,06583500047914,0.0
7770,06583600049346,0.0
7803,06682904029308,0.0
7804,06683004030740,0.0
7805,06683104032172,-0.0
7806,06683504047924,0.0
7807,06683604049356,0.0
7776,06600805039324,0.0
7777,06601405016412,-0.0
7778,06601505017844,-0.0
7779,06601805040756,0.0
7780,06601905046484,0.0
16778,14151800041511,0.0
7782,06602805045052,0.0
7783,06603105032164,0.0
7784,06603405035028,0.0
7785,06603805037892,-0.0
7786,06680104000668,0.0
7819,06772100022157,-0.0
7820,06772200052229,-0.0
7821,06772600027885,-0.0
7822,06772900029317,-0.0
7823,06773100032181,0.0
7792,06680804039332,0.0
7793,06680904009260,0.0
7794,06681104010692,0.0
7795,06681204013556,0.0
7796,06681304014988,-0.0
7797,06681404016420,0.0
7798,06681704020716,-0.0
7799,06681904046492,0.0
7800,06682104022148,0.0
7801,06682604027876,0.0
7802,06682804045060,0.0
7835,06812502026457,-0.0
7836,06820600007842,-0.0
7837,06822700043642,-0.0
7838,06860200002118,-0.0
7839,06860500006414,-0.0
7808,06683704036468,0.0
7809,06683904050788,0.0
7810,06770300003541,-0.0
7811,06770400004973,-0.0
7812,06770500006405,-0.0
7813,06770600007837,0.0
7814,06771200013565,-0.0
7815,06771300014997,-0.0
7816,06771400016429,-0.0
7817,06771500017861,-0.0
7818,06771600019293,0.0
7851,06862600027894,-0.0
7852,06862800045078,-0.0
7853,06862900029326,-0.0
7854,06863500047942,-0.0
7855,06863600049374,0.0
7824,06773300033613,-0.0
7825,06773500047933,-0.0
7826,06773800037909,0.0
7827,06780300003542,-0.0
7828,06781600019294,0.0
7829,06791600019295,0.0
7830,06791700020727,0.0
7831,06792900029319,0.0
7832,06801700020728,-0.0
7833,06802100022160,0.0
7834,06812202052233,-0.0
7867,06872800045079,-0.0
7868,06873000030759,-0.0
7869,06873400035055,-0.0
7870,06873500047943,0.0
7871,06873600049375,-0.0
7840,06860600007846,-0.0
7841,06860800039350,0.0
7842,06861000012142,0.0
7843,06861200013574,-0.0
7844,06861300015006,-0.0
7845,06861500017870,-0.0
7846,06861700020734,-0.0
7847,06861800040782,-0.0
7848,06861900046510,0.0
7849,06862100022166,-0.0
7850,06862300023598,-0.0
7883,06883100032192,-0.0
7884,06883300033624,-0.0
7885,06883700036488,-0.0
7886,06884000053672,-0.0
7887,06890100000689,-0.0
7856,06863700036486,-0.0
7857,06870200002119,-0.0
7858,06870300003551,-0.0
7859,06870500006415,-0.0
7860,06870600007847,-0.0
7861,06870800039351,-0.0
7862,06871000012143,-0.0
7863,06871100010711,0.0
7864,06871600019303,0.0
7865,06871900046511,-0.0
7866,06872600027895,-0.0
7899,06892600027897,-0.0
7900,06892800045081,0.0
7901,06893000030761,-0.0
7902,06893100032193,-0.0
7903,06893300033625,-0.0
7872,06873700036487,-0.0
7873,06880300003552,-0.0
7874,06880900009280,0.0
7875,06881000012144,0.0
7876,06881100010712,0.0
7877,06881600019304,0.0
7878,06882000042216,0.0
7879,06882300023600,-0.0
7880,06882600027896,-0.0
7881,06882800045080,-0.0
7882,06883000030760,-0.0
7915,06901805040786,-0.0
7916,06901905046514,0.0
7917,06902005042218,0.0
7918,06902305023602,0.0
7919,06902505026466,0.0
7888,06890200002121,-0.0
7889,06890300003553,0.0
7890,06890400004985,0.0
7891,06890600007849,-0.0
7892,06891100010713,-0.0
7893,06891300015009,0.0
7894,06891400016441,0.0
7895,06891700020737,-0.0
7896,06891800040785,0.0
7897,06892000042217,-0.0
7898,06892300023601,0.0
16777,14151500018599,0.0
7932,06910404004987,0.0
7933,06910504006419,0.0
7934,06910604007851,0.0
7935,06910804039355,0.0
7904,06893700036489,-0.0
7905,06894000053673,-0.0
7906,06900205002122,0.0
7907,06900305003554,0.0
7908,06900505006418,0.0
7909,06900605007850,0.0
7910,06900705055106,0.0
7911,06900805039354,0.0
7912,06901305015010,0.0
7913,06901405016442,0.0
7914,06901505017874,0.0
7947,06913404035059,0.0
7948,06913504047947,0.0
7949,06913604049379,0.0
7950,06913704036491,0.0
7951,06913804037923,0.0
7920,06902805045082,0.0
7921,06902905029330,0.0
7922,06903005030762,0.0
7923,06903105032194,0.0
7924,06903305033626,0.0
7925,06903405035058,0.0
7926,06903505047946,0.0
7927,06903605049378,0.0
7928,06903805037922,0.0
7929,06910104000691,0.0
7930,06910204002123,0.0
7963,06940605007854,0.0
7964,06940805039358,0.0
7965,06941405016446,0.0
16776,14151300015735,0.0
7967,06942705043654,0.0
7936,06911004012147,0.0
7937,06911304015011,0.0
7938,06911604019307,0.0
7939,06911704020739,0.0
7940,06911804040787,0.0
7941,06911904046515,0.0
7942,06912304023603,0.0
7943,06912604027899,0.0
7944,06913004030763,0.0
7945,06913104032195,0.0
7946,06913304033627,0.0
7979,06952000042223,-0.0
7980,06952100022175,-0.0
7981,06952200052247,-0.0
7982,06952500026471,-0.0
7983,06952600027903,-0.0
7952,06914004053675,0.0
7953,06930600007853,0.0
7954,06930800039357,0.0
7955,06931400016445,0.0
7956,06931500017877,0.0
7957,06932700043653,-0.0
7958,06933100032197,0.0
7959,06933400035061,0.0
16775,14150700055831,0.0
7961,06940305003558,0.0
7962,06940405004990,0.0
7995,06971000012153,0.0
7996,06971100010721,0.0
7997,06971300015017,0.0
7998,06971400016449,0.0
7999,06971600019313,0.0
7968,06942805045086,0.0
7969,06943105032198,0.0
7970,06943405035062,0.0
7971,06950200002127,-0.0
7972,06950300003559,-0.0
7973,06950500006423,-0.0
7974,06950600007855,0.0
7975,06950700055111,-0.0
7976,06951000012151,-0.0
7977,06951100010719,-0.0
7978,06951700020743,-0.0
8010,06973500047953,0.0
8011,06973600049385,-0.0
8012,06973800037929,-0.0
8013,06973900050817,-0.0
8014,06974000053681,-0.0
8015,06980100000698,-0.0
7985,06952800045087,-0.0
7986,06953000030767,-0.0
7987,06953400035063,-0.0
7988,06953700036495,-0.0
7989,06953800037927,0.0
7990,06953900050815,-0.0
7991,06954000053679,-0.0
7992,06970300003561,0.0
7993,06970500006425,0.0
7994,06970800039361,0.0
8026,06982500026474,0.0
8027,06982600027906,0.0
8028,06982800045090,0.0
8029,06982900029338,0.0
8030,06983000030770,-0.0
8031,06983100032202,0.0
8000,06971700020745,0.0
8001,06971900046521,0.0
8002,06972000042225,0.0
8003,06972100022177,0.0
8004,06972200052249,0.0
8005,06972300023609,0.0
8006,06972500026473,0.0
8007,06972700043657,-0.0
8008,06972900029337,-0.0
8009,06973100032201,-0.0
8042,06991304015019,0.0
8043,06991404016451,0.0
8044,06991804040795,0.0
8045,06992004042227,0.0
8046,06992204052251,0.0
8047,06992304023611,0.0
8016,06980300003562,0.0
8017,06980600007858,-0.0
8018,06980800039362,0.0
8019,06981400016450,0.0
8020,06981500017882,0.0
8021,06981600019314,0.0
8022,06981700020746,0.0
8023,06981900046522,-0.0
8024,06982100022178,-0.0
8025,06982200052250,-0.0
8058,06993804037931,0.0
8059,06993904050819,-0.0
8060,06994004053683,0.0
16774,14150600008575,0.0
8062,07000304003564,0.0
8063,07000404004996,0.0
8032,06983300033634,-0.0
8033,06983400035066,0.0
8034,06983500047954,-0.0
8035,06983600049386,-0.0
8036,06983900050818,-0.0
8037,06984000053682,0.0
8038,06990204002131,0.0
8039,06990504006427,0.0
8040,06990604007859,0.0
8041,06990804039363,0.0
8074,07002304023612,0.0
8075,07002504026476,0.0
8076,07002604027908,0.0
8077,07002704043660,0.0
8078,07003004030772,0.0
8079,07003104032204,0.0
8048,06992404025043,0.0
8049,06992504026475,0.0
8050,06992604027907,0.0
8051,06992704043659,0.0
8052,06992804045091,0.0
8053,06992904029339,0.0
8054,06993104032203,0.0
8055,06993504047955,0.0
8056,06993604049387,0.0
8057,06993704036499,0.0
8090,07010700055117,0.0
8091,07010800039365,-0.0
8092,07011200013589,-0.0
8093,07011300015021,-0.0
8094,07011400016453,-0.0
8095,07011500017885,-0.0
8064,07000504006428,0.0
8065,07000604007860,0.0
8066,07001004012156,0.0
8067,07001404016452,0.0
8068,07001704020748,0.0
16773,14150500007143,0.0
8070,07001904046524,0.0
16772,14150400005711,0.0
8072,07002104022180,0.0
8073,07002204052252,0.0
8105,07013000030773,-0.0
8106,07013300033637,-0.0
8108,07013500047957,-0.0
8109,07013600049389,0.0
8110,07014000053685,0.0
8111,07020300003566,0.0
8080,07003304033636,0.0
8081,07003404035068,0.0
8082,07003604049388,0.0
8083,07003704036500,0.0
8084,07003804037932,0.0
8085,07003904050820,0.0
8086,07004004053684,0.0
8087,07010400004997,0.0
8088,07010500006429,0.0
8089,07010600007861,-0.0
8120,07021500017886,0.0
8121,07021600019318,-0.0
8122,07021800040798,0.0
8123,07022000042230,0.0
8124,07022100022182,0.0
8125,07022200052254,0.0
8126,07022700043662,0.0
8127,07022800045094,-0.0
8097,07012100022181,-0.0
8098,07012200052253,-0.0
8099,07012300023613,-0.0
8100,07012400025045,-0.0
8101,07012500026477,0.0
8102,07012600027909,-0.0
8103,07012700043661,-0.0
8104,07012800045093,0.0
8136,07023800037934,0.0
8137,07023900050822,0.0
8138,07030200002135,-0.0
8139,07030300003567,-0.0
8140,07030500006431,-0.0
8141,07030600007863,-0.0
8142,07030800039367,-0.0
8143,07031100010727,-0.0
8112,07020400004998,-0.0
8113,07020500006430,0.0
8114,07020700055118,0.0
8115,07020800039366,0.0
8116,07021000012158,0.0
8117,07021200013590,0.0
8118,07021300015022,0.0
8119,07021400016454,0.0
8152,07032200052255,-0.0
8153,07032500026479,-0.0
8154,07032700043663,-0.0
8155,07032800045095,-0.0
8156,07032900029343,-0.0
8157,07033000030775,-0.0
8158,07033100032207,-0.0
8159,07033300033639,-0.0
8128,07022900029342,0.0
8129,07023000030774,-0.0
8130,07023100032206,-0.0
8131,07023300033638,0.0
8132,07023400035070,0.0
8133,07023500047958,0.0
8134,07023600049390,0.0
8135,07023700036502,0.0
8168,07040700055120,0.0
8169,07040800039368,0.0
8170,07041200013592,0.0
8171,07041400016456,0.0
16771,14150300004279,0.0
8173,07041600019320,0.0
8174,07041700020752,0.0
8175,07041800040800,0.0
8144,07031200013591,-0.0
8145,07031300015023,0.0
8146,07031400016455,-0.0
8147,07031500017887,-0.0
8148,07031800040799,-0.0
8149,07031900046527,-0.0
8150,07032000042231,-0.0
8151,07032100022183,-0.0
8184,07042800045096,0.0
8185,07043000030776,0.0
8186,07043100032208,0.0
8187,07043300033640,0.0
8188,07043400035072,0.0
8189,07043500047960,0.0
8190,07043600049392,0.0
8191,07043700036504,0.0
8160,07033400035071,-0.0
8161,07033500047959,-0.0
8162,07033600049391,-0.0
8163,07033700036503,0.0
8164,07033800037935,-0.0
8165,07033900050823,-0.0
8166,07040300003568,0.0
8167,07040400005000,-0.0
8200,07050900009297,-0.0
8201,07051200013593,0.0
8202,07051600019321,0.0
16770,14150100001415,0.0
8204,07051800040801,0.0
16737,14130700055829,-0.0
8206,07052000042233,0.0
8207,07052100022185,0.0
8176,07041900046528,0.0
8177,07042000042232,0.0
8178,07042200052256,0.0
8179,07042300023616,0.0
8180,07042400025048,0.0
8181,07042500026480,0.0
8182,07042600027912,0.0
8183,07042700043664,0.0
8216,07053400035073,0.0
8217,07053500047961,0.0
8218,07053600049393,0.0
8219,07053700036505,0.0
8220,07053800037937,-0.0
8221,07053900050825,0.0
8222,07054000053689,-0.0
8223,07060200002138,-0.0
8192,07043800037936,0.0
8193,07043900050824,-0.0
8194,07044000053688,-0.0
8195,07050400005001,0.0
8196,07050500006433,0.0
8197,07050600007865,0.0
8198,07050700055121,0.0
8199,07050800039369,0.0
8232,07061600019322,0.0
8233,07061700020754,0.0
8234,07061800040802,0.0
8235,07061900046530,0.0
8236,07062000042234,0.0
8237,07062100022186,0.0
8238,07062200052258,0.0
8239,07062300023618,0.0
8208,07052200052257,0.0
8209,07052400025049,0.0
16736,14130500007141,-0.0
8211,07052700043665,-0.0
8212,07052800045097,-0.0
8213,07052900029345,0.0
8214,07053100032209,0.0
8215,07053300033641,0.0
8248,07063800037938,0.0
8249,07063900050826,-0.0
8250,07064000053690,-0.0
8251,07070100000707,0.0
8252,07070200002139,-0.0
8253,07070300003571,-0.0
8254,07070400005003,-0.0
8255,07070500006435,0.0
8224,07060400005002,0.0
8225,07060700055122,-0.0
8226,07060800039370,0.0
8227,07061000012162,0.0
8228,07061100010730,0.0
8229,07061300015026,0.0
8230,07061400016458,0.0
8231,07061500017890,0.0
8264,07072000042235,0.0
8265,07072200052259,0.0
8266,07072400025051,-0.0
8267,07072500026483,-0.0
8268,07072600027915,-0.0
8269,07072900029347,0.0
8270,07073000030779,0.0
8271,07073500047963,-0.0
8240,07062500026482,-0.0
8241,07062600027914,0.0
8242,07062800045098,0.0
8243,07062900029346,0.0
8244,07063000030778,0.0
8245,07063300033642,-0.0
8246,07063500047962,-0.0
8247,07063600049394,0.0
8280,07081200013596,0.0
8281,07081300015028,0.0
8282,07081400016460,0.0
8283,07081500017892,0.0
8284,07081600019324,0.0
8285,07081800040804,0.0
8286,07082000042236,0.0
8287,07082100022188,0.0
8256,07070700055123,-0.0
8257,07070800039371,0.0
8258,07070900009299,-0.0
8259,07071100010731,-0.0
8260,07071200013595,0.0
8261,07071300015027,0.0
8262,07071400016459,-0.0
8263,07071500017891,0.0
8296,07083800037940,0.0
8297,07083900050828,0.0
8298,07084000053692,-0.0
8299,07090300003573,0.0
8300,07090500006437,0.0
8301,07090700055125,-0.0
8302,07090900009301,0.0
8303,07091100010733,0.0
8272,07073600049395,-0.0
8273,07073900050827,0.0
8274,07080200002140,0.0
8275,07080300003572,0.0
8276,07080700055124,0.0
8277,07080900009300,-0.0
8278,07081000012164,0.0
8279,07081100010732,0.0
8312,07092100022189,0.0
8313,07092200052261,0.0
8314,07092300023621,-0.0
8315,07092600027917,0.0
8316,07092700043669,0.0
8317,07092800045101,0.0
8318,07092900029349,-0.0
8319,07093000030781,0.0
8288,07082200052260,0.0
8289,07082400025052,-0.0
8290,07082500026484,0.0
8291,07082600027916,0.0
8292,07082800045100,0.0
8293,07082900029348,0.0
8294,07083500047964,-0.0
8295,07083600049396,-0.0
8328,07100500006438,0.0
8329,07100700055126,0.0
8330,07100900009302,0.0
8331,07101000012166,0.0
8332,07101100010734,0.0
8333,07101200013598,0.0
16767,14143700037214,0.0
8335,07101500017894,0.0
8304,07091200013597,0.0
8305,07091300015029,0.0
8306,07091500017893,0.0
8307,07091600019325,-0.0
8308,07091700020757,0.0
8309,07091800040805,-0.0
8310,07091900046533,0.0
8311,07092000042237,-0.0
8344,07102700043670,0.0
8345,07102800045102,0.0
8346,07102900029350,0.0
8347,07103000030782,0.0
8348,07103100032214,0.0
8349,07103300033646,0.0
8350,07103400035078,0.0
8351,07103500047966,0.0
8320,07093100032213,0.0
8321,07093400035077,-0.0
8322,07093500047965,0.0
8323,07093600049397,0.0
8324,07093700036509,-0.0
8325,07094000053693,0.0
8326,07100100000710,-0.0
8327,07100400005006,-0.0
8360,07112100022191,0.0
8361,07112300023623,-0.0
8362,07112400025055,0.0
8363,07112500026487,0.0
8364,07112800045103,0.0
8365,07113000030783,0.0
8366,07113500047967,0.0
8367,07113600049399,0.0
8336,07101600019326,0.0
8337,07101800040806,0.0
8338,07101900046534,0.0
8339,07102000042238,0.0
8340,07102200052262,0.0
8341,07102300023622,0.0
8342,07102500026486,-0.0
8343,07102600027918,0.0
8376,07121404016464,0.0
8377,07121504017896,0.0
8378,07121804040808,0.0
8379,07121904046536,0.0
8380,07122004042240,0.0
8381,07122104022192,0.0
8382,07122304023624,0.0
8383,07122404025056,0.0
8352,07103600049398,0.0
8353,07103700036510,0.0
8354,07104000053694,-0.0
8355,07110100000711,0.0
8356,07110400005007,0.0
8357,07110800039375,0.0
8358,07111100010735,0.0
8359,07111900046535,0.0
8392,07123404035080,0.0
8393,07123504047968,0.0
8394,07123604049400,0.0
8395,07123704036512,0.0
8396,07123804037944,0.0
8397,07130204002145,0.0
8398,07130804039377,0.0
8399,07130904009305,0.0
8368,07113900050831,0.0
8369,07120104000712,0.0
8370,07120204002144,0.0
8371,07120504006440,0.0
8372,07120804039376,0.0
8373,07120904009304,0.0
8374,07121004012168,0.0
8375,07121304015032,0.0
8408,07132304023625,0.0
8409,07132404025057,0.0
8410,07132504026489,0.0
8411,07132604027921,0.0
8412,07132704043673,0.0
16766,14143500048670,-0.0
8414,07133004030785,0.0
8415,07133104032217,0.0
8384,07122504026488,0.0
8385,07122604027920,0.0
8386,07122704043672,0.0
8387,07122804045104,0.0
8388,07122904029352,0.0
8389,07123004030784,0.0
8390,07123104032216,0.0
8391,07123304033648,0.0
8423,07134004053697,0.0
8424,07140200002146,0.0
8426,07140500006442,-0.0
8427,07140800039378,0.0
8428,07140900009306,0.0
8429,07141100010738,-0.0
8430,07141200013602,-0.0
8431,07141300015034,-0.0
8400,07131104010737,0.0
8401,07131304015033,0.0
8402,07131404016465,0.0
16765,14143400035782,-0.0
8404,07131704020761,0.0
8405,07131804040809,0.0
8406,07131904046537,0.0
16764,14143300034350,-0.0
8439,07142300023626,-0.0
8440,07142400025058,0.0
8441,07142500026490,0.0
8442,07142700043674,-0.0
16763,14143100032918,0.0
8444,07143000030786,-0.0
8445,07143100032218,-0.0
8446,07143300033650,-0.0
8447,07143400035082,-0.0
8416,07133304033649,0.0
8417,07133404035081,0.0
8418,07133504047969,0.0
8419,07133604049401,0.0
8420,07133704036513,0.0
8421,07133804037945,0.0
8422,07133904050833,0.0
8455,07150600007875,0.0
8456,07150800039379,0.0
8457,07151200013603,-0.0
8458,07151300015035,0.0
8459,07151400016467,-0.0
8460,07151600019331,0.0
8461,07151800040811,0.0
8462,07151900046539,-0.0
8463,07152000042243,0.0
8432,07141500017898,0.0
8433,07141600019330,-0.0
8434,07141700020762,-0.0
8435,07141800040810,-0.0
8436,07141900046538,-0.0
8437,07142000042242,-0.0
8438,07142100022194,-0.0
8470,07153000030787,0.0
8471,07153100032219,0.0
8472,07153300033651,-0.0
8473,07153400035083,0.0
8474,07153500047971,0.0
8475,07153600049403,0.0
8476,07153700036515,0.0
8477,07153800037947,0.0
8478,07153900050835,0.0
8479,07160300003580,-0.0
8448,07143500047970,-0.0
8449,07143600049402,0.0
8451,07143800037946,-0.0
8452,07150200002147,-0.0
8453,07150300003579,-0.0
8454,07150400005011,0.0
8486,07161700020764,-0.0
8487,07161800040812,-0.0
8488,07162000042244,-0.0
8489,07162100022196,-0.0
8490,07162400025060,-0.0
8491,07162500026492,-0.0
8492,07162700043676,-0.0
8493,07162800045108,-0.0
12662,10140701055421,0.0
8495,07163000030788,-0.0
8464,07152100022195,0.0
8465,07152300023627,0.0
8466,07152400025059,0.0
8467,07152500026491,-0.0
8468,07152700043675,0.0
8469,07152800045107,0.0
8502,07170300003581,0.0
8503,07170500006445,0.0
8504,07170700055133,0.0
8505,07170800039381,0.0
8506,07170900009309,0.0
8507,07171000012173,0.0
8508,07171200013605,0.0
8509,07171300015037,0.0
8510,07171400016469,0.0
8511,07171500017901,0.0
8480,07160400005012,-0.0
8481,07160600007876,-0.0
8482,07160700055132,-0.0
8483,07160800039380,-0.0
8484,07161400016468,-0.0
8485,07161500017900,-0.0
8518,07172500026493,-0.0
16762,14143000031486,-0.0
8520,07172700043677,0.0
8521,07172900029357,0.0
8522,07173100032221,0.0
8523,07173300033653,0.0
8524,07173400035085,0.0
8525,07173700036517,0.0
8526,07173800037949,0.0
8527,07173900050837,0.0
8496,07163100032220,-0.0
8497,07163300033652,-0.0
8498,07163400035084,-0.0
8499,07163700036516,-0.0
8500,07163800037948,-0.0
8501,07170200002149,0.0
8534,07181400016470,0.0
8535,07181500017902,0.0
8536,07181600019334,0.0
8537,07181700020766,0.0
8538,07181800040814,0.0
8539,07182000042246,0.0
8540,07182100022198,0.0
8541,07182300023630,0.0
8542,07182400025062,0.0
8543,07182500026494,0.0
8512,07171600019333,0.0
8513,07171700020765,0.0
8514,07171800040813,0.0
16761,14142800045806,-0.0
8516,07172100022197,0.0
8517,07172400025061,0.0
8549,07183300033654,0.0
8550,07183400035086,0.0
8551,07183500047974,0.0
8552,07183700036518,0.0
8553,07183800037950,0.0
8554,07190200002151,0.0
8556,07190400005015,0.0
8557,07190500006447,0.0
8558,07190800039383,0.0
8559,07191000012175,-0.0
8528,07180300003582,0.0
8529,07180400005014,0.0
8530,07180500006446,0.0
8531,07180800039382,-0.0
8532,07181200013606,0.0
8533,07181300015038,0.0
8565,07191800040815,0.0
8566,07192000042247,0.0
8567,07192100022199,0.0
8568,07192400025063,0.0
8569,07192600027927,0.0
8570,07192800045111,-0.0
8571,07192900029359,0.0
8572,07193000030791,-0.0
8573,07193300033655,-0.0
8574,07193500047975,0.0
8575,07200400005016,0.0
16760,14142300024326,-0.0
8545,07182700043678,0.0
8546,07182900029358,0.0
8547,07183000030790,0.0
8548,07183100032222,0.0
8581,07201200013608,-0.0
8582,07201300015040,0.0
8583,07201400016472,-0.0
8584,07201500017904,0.0
8585,07201600019336,0.0
8586,07201700020768,0.0
8587,07201800040816,-0.0
8588,07202100022200,0.0
8589,07202400025064,0.0
8590,07202500026496,0.0
8591,07202600027928,-0.0
8560,07191200013607,-0.0
8561,07191300015039,-0.0
8562,07191400016471,-0.0
8563,07191600019335,0.0
8564,07191700020767,0.0
8597,07210300003585,-0.0
8598,07210400005017,0.0
8599,07210500006449,0.0
8600,07210600007881,0.0
8601,07210900009313,0.0
8602,07211100010745,0.0
8603,07211200013609,0.0
8604,07211300015041,0.0
8605,07211400016473,0.0
8606,07211500017905,0.0
8607,07211700020769,0.0
8576,07200500006448,-0.0
8577,07200600007880,0.0
8578,07200900009312,0.0
8579,07201000012176,-0.0
8580,07201100010744,-0.0
8613,07212900029361,0.0
8614,07213000030793,0.0
8615,07213100032225,0.0
8616,07213600049409,0.0
8617,07220300003586,-0.0
8618,07220400005018,0.0
8619,07220900009314,-0.0
8620,07221000012178,-0.0
8621,07221100010746,-0.0
8622,07221200013610,0.0
8623,07221300015042,-0.0
8592,07202700043680,-0.0
8593,07202800045112,0.0
8594,07202900029360,-0.0
8595,07203000030792,-0.0
8596,07203300033656,-0.0
8629,07222000042250,-0.0
8630,07222100022202,0.0
8631,07222300023634,-0.0
8632,07222400025066,0.0
8633,07222500026498,0.0
8634,07222600027930,0.0
8635,07222700043682,0.0
8636,07222900029362,0.0
8637,07223000030794,0.0
8638,07223100032226,-0.0
8639,07223300033658,0.0
8608,07212000042249,0.0
8609,07212100022201,0.0
8610,07212400025065,0.0
16759,14142100022894,0.0
16758,14141900047238,0.0
8645,07230900009315,0.0
8646,07231000012179,0.0
8647,07231100010747,0.0
8648,07231200013611,0.0
16757,14141400017166,-0.0
8650,07231500017907,0.0
8651,07231700020771,0.0
8652,07231900046547,0.0
8653,07232100022203,0.0
16756,14141100011438,-0.0
8655,07232300023635,0.0
8624,07221400016474,0.0
8625,07221500017906,0.0
8626,07221600019338,-0.0
8627,07221700020770,-0.0
8628,07221900046546,-0.0
8661,07233500047979,0.0
8662,07240900009316,-0.0
8663,07241100010748,-0.0
8664,07241500017908,0.0
8665,07242100022204,0.0
8666,07242200052276,-0.0
8667,07242300023636,-0.0
8668,07242400025068,0.0
16755,14140900010006,-0.0
8670,07242800045116,0.0
8671,07243000030796,0.0
8640,07230200002155,0.0
8641,07230300003587,0.0
8642,07230400005019,0.0
8643,07230600007883,0.0
8644,07230800039387,0.0
8677,07250500006453,0.0
8678,07250600007885,-0.0
8679,07250700055141,0.0
8680,07250900009317,0.0
8681,07251000012181,0.0
8682,07251100010749,-0.0
8683,07251400016477,0.0
8684,07251500017909,0.0
8685,07251600019341,-0.0
8686,07251700020773,0.0
8687,07252000042253,0.0
8656,07232400025067,0.0
8657,07232500026499,-0.0
16754,14140800040078,-0.0
8659,07232900029363,0.0
8660,07233000030795,0.0
8693,07252900029365,0.0
8694,07253100032229,-0.0
8695,07253600049413,0.0
8696,07253700036525,0.0
8697,07253800037957,0.0
8698,07253900050845,-0.0
8699,07260100000726,0.0
8700,07260200002158,0.0
8701,07260300003590,-0.0
8702,07260400005022,0.0
8703,07260500006454,-0.0
8672,07243900050844,-0.0
8673,07244000053708,0.0
8674,07250100000725,-0.0
8675,07250200002157,0.0
8676,07250300003589,0.0
8708,07261100010750,0.0
8709,07261400016478,-0.0
8710,07261500017910,0.0
8711,07261600019342,-0.0
8712,07261700020774,-0.0
8713,07261800040822,-0.0
8714,07262100022206,0.0
8715,07262300023638,0.0
8716,07262500026502,0.0
8718,07262700043686,-0.0
8719,07262900029366,0.0
8688,07252100022205,0.0
8689,07252300023637,0.0
8690,07252400025069,0.0
8691,07252500026501,-0.0
8692,07252600027933,0.0
8724,07270404005023,0.0
8725,07270604007887,0.0
8726,07270704055143,0.0
8727,07270804039391,0.0
8728,07271004012183,0.0
8729,07271104010751,0.0
8730,07271404016479,-0.0
8731,07271504017911,0.0
8732,07271604019343,-0.0
8733,07271704020775,-0.0
8734,07272104022207,0.0
8735,07272204052279,0.0
8704,07260600007886,0.0
8705,07260700055142,0.0
8706,07260900009318,0.0
8707,07261000012182,0.0
8740,07274004053711,0.0
8741,07280104000728,0.0
8742,07280304003592,-0.0
8743,07280404005024,0.0
8744,07280504006456,-0.0
8745,07280604007888,0.0
8746,07281004012184,-0.0
8747,07281104010752,0.0
8748,07281204013616,-0.0
8749,07281304015048,-0.0
8750,07281404016480,-0.0
8751,07281504017912,0.0
8720,07263100032230,0.0
8721,07263900050846,0.0
8722,07270104000727,0.0
8723,07270304003591,-0.0
8755,07282104022208,0.0
8756,07282304023640,0.0
8757,07282504026504,0.0
8758,07282604027936,-0.0
8759,07283004030800,0.0
8760,07283404035096,-0.0
8761,07283704036528,-0.0
8762,07284004053712,0.0
8763,07290104000729,0.0
8764,07290304003593,-0.0
8765,07290404005025,0.0
8766,07290504006457,0.0
8736,07272304023639,0.0
8737,07272504026503,0.0
8738,07272704043687,-0.0
8739,07273904050847,0.0
8771,07291304015049,-0.0
8772,07291404016481,0.0
8773,07291504017913,0.0
8774,07291604019345,-0.0
8775,07291704020777,0.0
8776,07292104022209,0.0
8777,07292504026505,0.0
8778,07292904029369,0.0
8779,07293404035097,-0.0
8780,07293604049417,0.0
8781,07293904050849,0.0
8782,07300104000730,0.0
8783,07300204002162,0.0
8752,07281604019344,0.0
8753,07281704020776,-0.0
8754,07282004042256,-0.0
8787,07300804039394,0.0
8788,07300904009322,0.0
8789,07301004012186,0.0
8790,07301104010754,0.0
8791,07301204013618,0.0
8792,07301304015050,-0.0
8793,07301404016482,-0.0
8794,07301504017914,0.0
8795,07301604019346,0.0
8796,07301704020778,-0.0
8797,07301804040826,-0.0
8798,07302204052282,0.0
8799,07302304023642,0.0
8768,07290904009321,0.0
8769,07291104010753,0.0
8770,07291204013617,0.0
8803,07310104000731,0.0
8804,07310204002163,0.0
16721,14121800041508,-0.0
8806,07310504006459,0.0
8807,07310904009323,-0.0
8808,07311004012187,-0.0
8809,07311104010755,0.0
8810,07311204013619,0.0
8811,07311304015051,-0.0
8812,07311404016483,0.0
8813,07311504017915,0.0
8814,07311604019347,0.0
8815,07311704020779,-0.0
8784,07300304003594,-0.0
8785,07300404005026,0.0
8786,07300504006458,0.0
8818,07312504026507,0.0
8819,07312704043691,0.0
8820,07320404005028,-0.0
8821,07320504006460,0.0
8822,07321204013620,0.0
8823,07321304015052,-0.0
8824,07321404016484,-0.0
8825,07321504017916,0.0
8826,07321704020780,-0.0
8827,07322604027940,-0.0
8828,07322704043692,-0.0
8829,07322904029372,0.0
8830,07323104032236,0.0
8831,07330304003597,0.0
8800,07302404025074,0.0
8801,07302504026506,0.0
8834,07330604007893,0.0
8835,07330904009325,0.0
8836,07331004012189,0.0
8837,07331104010757,-0.0
8838,07331204013621,0.0
8839,07331404016485,0.0
8840,07331504017917,0.0
8841,07331604019349,0.0
8842,07331804040829,0.0
8843,07332404025077,0.0
8844,07332604027941,0.0
8845,07333104032237,0.0
8846,07333304033669,0.0
8847,07333404035101,0.0
8816,07311804040827,-0.0
8817,07312304023643,0.0
8850,07340104000734,0.0
8851,07340204002166,-0.0
8852,07340304003598,-0.0
8853,07340404005030,0.0
8854,07340504006462,-0.0
8855,07340604007894,-0.0
8856,07340904009326,0.0
8857,07341004012190,-0.0
8858,07341104010758,0.0
8859,07341204013622,-0.0
8860,07341304015054,-0.0
8861,07341404016486,-0.0
8862,07341504017918,0.0
8863,07341604019350,-0.0
8832,07330404005029,0.0
8833,07330504006461,0.0
8866,07342404025078,0.0
8867,07342504026510,0.0
8868,07343004030806,0.0
8869,07343104032238,-0.0
8870,07343304033670,-0.0
8871,07343404035102,-0.0
8872,07343604049422,0.0
8873,07343804037966,-0.0
8874,07350204002167,-0.0
8875,07350504006463,-0.0
8876,07350604007895,-0.0
8877,07350704055151,0.0
8878,07350904009327,0.0
8879,07351004012191,0.0
8848,07333504047989,0.0
8849,07333704036533,0.0
8882,07351304015055,-0.0
8883,07351804040831,-0.0
8884,07352004042263,0.0
8885,07352204052287,0.0
8886,07352404025079,0.0
8887,07352804045127,0.0
8888,07353104032239,0.0
8889,07353304033671,-0.0
8890,07353404035103,-0.0
8891,07353704036535,-0.0
8892,07353804037967,-0.0
8893,07354004053719,0.0
8894,07360300003600,-0.0
8895,07360400005032,-0.0
8864,07341804040830,-0.0
8865,07342004042262,-0.0
8898,07360800039400,-0.0
8899,07360900009328,-0.0
8900,07361000012192,0.0
8901,07361100010760,-0.0
8902,07361200013624,0.0
8903,07361300015056,-0.0
8904,07361600019352,-0.0
8905,07361700020784,-0.0
8906,07361800040832,0.0
8907,07362000042264,-0.0
8908,07362700043696,-0.0
8909,07362900029376,-0.0
8910,07363100032240,-0.0
8911,07363300033672,-0.0
8880,07351104010759,0.0
8881,07351204013623,-0.0
8914,07363800037968,-0.0
8915,07370200002169,-0.0
8916,07370300003601,-0.0
8917,07370400005033,-0.0
8918,07370500006465,-0.0
8919,07370600007897,-0.0
8920,07370900009329,-0.0
8921,07371000012193,0.0
8922,07371100010761,-0.0
8923,07371200013625,0.0
8924,07372000042265,-0.0
8925,07372200052289,0.0
8926,07372600027945,-0.0
8927,07372900029377,-0.0
8896,07360500006464,-0.0
8897,07360600007896,-0.0
8930,07373400035105,-0.0
8931,07373800037969,-0.0
8932,07380203002170,0.0
8933,07380303003602,0.0
8934,07380403005034,0.0
8935,07380503006466,0.0
8936,07380603007898,0.0
8937,07380703055154,0.0
8938,07380903009330,0.0
8939,07381003012194,0.0
8940,07381103010762,0.0
8941,07381303015058,0.0
8942,07381403016490,0.0
8943,07381803040834,0.0
8912,07363400035104,-0.0
8913,07363700036536,-0.0
8946,07383103032242,0.0
8947,07383303033674,0.0
8948,07383803037970,0.0
8949,07384003053722,0.0
8950,07390203002171,0.0
8951,07390303003603,0.0
8952,07390503006467,0.0
8953,07390603007899,0.0
8954,07390903009331,0.0
8955,07391003012195,0.0
8956,07391203013627,0.0
8957,07391703020787,0.0
8958,07391803040835,0.0
8959,07391903046563,0.0
8928,07373100032241,-0.0
8929,07373300033673,-0.0
8962,07392903029379,0.0
8963,07393103032243,0.0
8964,07393303033675,0.0
8965,07393603049427,0.0
8966,07393803037971,0.0
8967,07400100000740,0.0
8968,07400200002172,0.0
8969,07400600007900,0.0
8970,07401300015060,-0.0
8971,07401400016492,0.0
8972,07401900046564,0.0
8973,07402000042268,0.0
8974,07402500026516,0.0
8975,07402900029380,-0.0
16720,14121400017164,-0.0
8945,07382903029378,0.0
8978,07403700036540,0.0
8979,07403800037972,0.0
8980,07410101000741,0.0
8981,07410201002173,0.0
8982,07410401005037,0.0
8983,07410501006469,0.0
8984,07410601007901,0.0
8985,07410701055157,0.0
8986,07411401016493,0.0
8987,07411601019357,0.0
8988,07411801040837,0.0
8989,07411901046565,0.0
16751,14140300004278,-0.0
8991,07412501026517,0.0
8960,07392003042267,0.0
8961,07392603027947,0.0
8994,07412901029381,0.0
8995,07413601049429,0.0
8996,07413701036541,0.0
8997,07413801037973,0.0
8998,07420201002174,0.0
8999,07420401005038,0.0
9000,07420501006470,0.0
9001,07420701055158,0.0
9002,07421201013630,0.0
9003,07421801040838,0.0
9004,07422001042270,0.0
9005,07422401025086,0.0
9006,07422701043702,0.0
9007,07422801045134,0.0
8976,07403300033676,0.0
8977,07403500047996,0.0
9010,07423701036542,0.0
9011,07423801037974,0.0
9012,07430200002175,0.0
9013,07430300003607,-0.0
9014,07430400005039,0.0
9015,07430500006471,0.0
9016,07430700055159,0.0
9017,07431000012199,0.0
9018,07431800040839,-0.0
9019,07431900046567,0.0
9020,07432700043703,0.0
9021,07432900029383,0.0
9022,07433100032247,0.0
9023,07433300033679,0.0
8992,07412701043701,0.0
8993,07412801045133,0.0
9026,07433700036543,0.0
9027,07433800037975,0.0
9028,07440100000744,-0.0
9029,07440200002176,-0.0
9030,07440300003608,-0.0
9031,07440400005040,0.0
9032,07440500006472,-0.0
9033,07442700043704,-0.0
9034,07442900029384,-0.0
9035,07443300033680,-0.0
9036,07443400035112,-0.0
9037,07443600049432,-0.0
9038,07450100000745,-0.0
9039,07450200002177,-0.0
9008,07422901029382,0.0
9009,07423401035110,0.0
9042,07450700055161,-0.0
9043,07451000012201,-0.0
9044,07451700020793,-0.0
9045,07451900046569,-0.0
9046,07453100032249,-0.0
9047,07453300033681,-0.0
9048,07453400035113,-0.0
9049,07453500048001,-0.0
9050,07453700036545,-0.0
9051,07453800037977,-0.0
9052,07460100000746,-0.0
9053,07460200002178,-0.0
9054,07460300003610,-0.0
9055,07460400005042,-0.0
9024,07433500047999,0.0
9025,07433600049431,0.0
9058,07461100010770,-0.0
9059,07461400016498,-0.0
9060,07461800040842,-0.0
9061,07462400025090,-0.0
9062,07463100032250,-0.0
9063,07463400035114,-0.0
9064,07463700036546,-0.0
9065,07463800037978,-0.0
9066,07463900050866,-0.0
9067,07470100000747,-0.0
9068,07470200002179,-0.0
9069,07470300003611,-0.0
9070,07470400005043,-0.0
9071,07471200013635,-0.0
9040,07450300003609,-0.0
9041,07450400005041,-0.0
66,00070400004302,0.0
67,00070800038670,0.0
68,00070900008598,0.0
69,00071100010030,0.0
70,00071500017190,0.0
71,00071900045830,0.0
72,00072000041534,0.0
73,00072100021486,0.0
74,00072500025782,0.0
75,00072800044398,0.0
76,00073600048694,0.0
77,00240300002887,-0.0
78,00240400004319,0.0
79,00240800038687,-0.0
9056,07460700055162,0.0
9057,07460800039410,-0.0
9073,07471800040843,-0.0
9074,07471900046571,-0.0
9075,07472500026523,0.0
9077,07472700043707,-0.0
9078,07472800045139,-0.0
9079,07472900029387,-0.0
9080,07473400035115,-0.0
9081,07473700036547,-0.0
9082,07473800037979,-0.0
9083,07510100000751,-0.0
9084,07510200002183,-0.0
9085,07510300003615,-0.0
9086,07510500006479,-0.0
9087,07510900009343,-0.0
64,00063900050125,0.0
65,00070100000006,0.0
9088,07511100010775,-0.0
9089,07511200013639,-0.0
16750,14140200002846,-0.0
9092,07512400025095,-0.0
9093,07512500026527,-0.0
9094,07512600027959,-0.0
9095,07512800045143,0.0
9096,07512900029391,-0.0
9097,07513100032255,0.0
9098,07513400035119,-0.0
9099,07513900050871,-0.0
9100,07520100000752,-0.0
9101,07520200002184,-0.0
9102,07520300003616,-0.0
9103,07520400005048,0.0
9072,07471400016499,-0.0
9135,07550301003619,-0.0
9104,07520900009344,0.0
9105,07521200013640,-0.0
9106,07521300015072,0.0
9107,07521400016504,0.0
9108,07521600019368,-0.0
9109,07522400025096,-0.0
9110,07522600027960,-0.0
9111,07522700043712,-0.0
9112,07523300033688,-0.0
9113,07523400035120,-0.0
9114,07523700036552,0.0
9115,07523900050872,-0.0
9116,07530100000753,-0.0
9117,07530200002185,-0.0
9118,07530300003617,-0.0
9151,07553401035123,-0.0
9120,07530800039417,0.0
9121,07531200013641,-0.0
9122,07531300015073,0.0
9123,07531400016505,0.0
9124,07531600019369,0.0
9125,07531700020801,-0.0
9126,07531800040849,-0.0
9127,07532400025097,-0.0
9128,07532500026529,-0.0
9129,07532600027961,0.0
9130,07532700043713,-0.0
9131,07533100032257,-0.0
9132,07533400035121,-0.0
9133,07533900050873,-0.0
9134,07550201002187,-0.0
9166,07562601027964,-0.0
9167,07562701043716,-0.0
9136,07550701055171,-0.0
9137,07551101010779,-0.0
9138,07551301015075,-0.0
9139,07551401016507,-0.0
9140,07551601019371,-0.0
9141,07551801040851,-0.0
9142,07551901046579,-0.0
9143,07552201052307,-0.0
9144,07552401025099,-0.0
9146,07552701043715,-0.0
9147,07553001030827,-0.0
9148,07553101032259,-0.0
9149,07553201056603,-0.0
9150,07553301033691,-0.0
9182,07571801040853,-0.0
9183,07572101022237,-0.0
9152,07553501048011,-0.0
9153,07553701036555,-0.0
9154,07553801037987,-0.0
9155,07553901050875,-0.0
9156,07560101000756,-0.0
9157,07560201002188,-0.0
9158,07560401005052,-0.0
9159,07560701055172,-0.0
9160,07561201013644,-0.0
9161,07561301015076,-0.0
9162,07561401016508,-0.0
9163,07561601019372,-0.0
9164,07561801040852,-0.0
9165,07562201052308,-0.0
9198,07580401005054,-0.0
9199,07580601007918,-0.0
9168,07563101032260,-0.0
9169,07563201056604,-0.0
9170,07563301033692,-0.0
9171,07563801037988,-0.0
9172,07570101000757,-0.0
9173,07570201002189,-0.0
9174,07570301003621,-0.0
9175,07570401005053,-0.0
9176,07570501006485,-0.0
9177,07570701055173,-0.0
9178,07571201013645,-0.0
9179,07571301015077,-0.0
9180,07571401016509,-0.0
9181,07571601019373,-0.0
9214,07583201056606,-0.0
9215,07583401035126,-0.0
9184,07572201052309,-0.0
9185,07572401025101,-0.0
9186,07572501026533,-0.0
9187,07572601027965,-0.0
9188,07572701043717,-0.0
9189,07572801045149,-0.0
9190,07572901029397,-0.0
9191,07573101032261,-0.0
9192,07573201056605,-0.0
9193,07573301033693,-0.0
9194,07573701036557,-0.0
9195,07574001053741,-0.0
9196,07580101000758,-0.0
9197,07580201002190,-0.0
9230,07591801040855,-0.0
9231,07591901046583,-0.0
9200,07581001012214,-0.0
9201,07581201013646,-0.0
9202,07581301015078,-0.0
9203,07581401016510,-0.0
9204,07581601019374,-0.0
9205,07581701020806,-0.0
9206,07581801040854,-0.0
9207,07582001042286,-0.0
9208,07582201052310,-0.0
9209,07582401025102,-0.0
9210,07582501026534,-0.0
9211,07582701043718,-0.0
9212,07582901029398,-0.0
9213,07583101032262,-0.0
9246,07601001012216,-0.0
9247,07601201013648,-0.0
9216,07583601049446,-0.0
9217,07583701036558,-0.0
9218,07583801037990,-0.0
9219,07584001053742,-0.0
9220,07590101000759,-0.0
9221,07590201002191,-0.0
9222,07590301003623,-0.0
9223,07590701055175,-0.0
9224,07590801039423,-0.0
9225,07591001012215,-0.0
9226,07591301015079,-0.0
9227,07591401016511,-0.0
9228,07591601019375,-0.0
9229,07591701020807,-0.0
9262,07603401035128,-0.0
9263,07603601049448,-0.0
9232,07592001042287,-0.0
9233,07592101022239,-0.0
9234,07592401025103,-0.0
9235,07592501026535,-0.0
9236,07592701043719,-0.0
9237,07593101032263,-0.0
9238,07593401035127,-0.0
9239,07593501048015,-0.0
9240,07593701036559,-0.0
9241,07593801037991,-0.0
9242,07593901050879,-0.0
9243,07600101000760,-0.0
9244,07600601007920,-0.0
9245,07600701055176,-0.0
9278,07613501048017,-0.0
9279,07613601049449,-0.0
9248,07601301015080,-0.0
9249,07601401016512,-0.0
9250,07601601019376,-0.0
9251,07601701020808,-0.0
9252,07601801040856,-0.0
9253,07602001042288,-0.0
9254,07602301023672,-0.0
9255,07602501026536,-0.0
9256,07602601027968,-0.0
9257,07602701043720,-0.0
9258,07602901029400,-0.0
9259,07603101032264,-0.0
9260,07603201056608,-0.0
9261,07603301033696,-0.0
9294,07623101032266,-0.0
9295,07623501048018,-0.0
9264,07603701036560,-0.0
9265,07610101000761,-0.0
9266,07610201002193,-0.0
9267,07610601007921,-0.0
9268,07611001012217,-0.0
9269,07611301015081,-0.0
9270,07611401016513,-0.0
9271,07611601019377,-0.0
9272,07611801040857,-0.0
9273,07612001042289,-0.0
9274,07612601027969,-0.0
9275,07612901029401,-0.0
9276,07613101032265,-0.0
9277,07613301033697,-0.0
9310,07633301033699,-0.0
9311,07633501048019,-0.0
9280,07613701036561,-0.0
9281,07620101000762,-0.0
9282,07620901009354,-0.0
9283,07621001012218,-0.0
9284,07621101010786,-0.0
9285,07621301015082,-0.0
9286,07621401016514,-0.0
9287,07621701020810,-0.0
9288,07621801040858,-0.0
9289,07622001042290,-0.0
9290,07622301023674,-0.0
9291,07622501026538,-0.0
9292,07622701043722,-0.0
9293,07622901029402,-0.0
9326,07672805045159,0.0
9327,07673505048023,0.0
9296,07623601049450,-0.0
9297,07623701036562,-0.0
9298,07623801037994,-0.0
9299,07623901050882,-0.0
9300,07630101000763,-0.0
9301,07630201002195,-0.0
9302,07630701055179,-0.0
9303,07631301015083,-0.0
9304,07631701020811,-0.0
9305,07632001042291,-0.0
9306,07632601027971,-0.0
9307,07632701043723,-0.0
9308,07632801045155,-0.0
9309,07632901029403,-0.0
9342,07683700036568,0.0
9343,07683800038000,-0.0
9312,07633701036563,-0.0
9313,07633801037995,-0.0
9314,07660700055182,-0.0
9315,07660800039430,0.0
9316,07660900009358,-0.0
9317,07661100010790,-0.0
9318,07661900046590,-0.0
9319,07662300023678,0.0
9320,07663600049454,-0.0
9321,07663900050886,0.0
9322,07670705055183,0.0
9323,07671905046591,0.0
9324,07672205052319,0.0
9325,07672405025111,0.0
9358,07700205002263,0.0
9359,07700605007991,0.0
9328,07673605049455,0.0
9329,07673905050887,-0.0
9330,07680100000768,-0.0
9331,07680700055184,0.0
9332,07680800039432,0.0
9333,07681300015088,-0.0
9334,07681400016520,0.0
9335,07681500017952,0.0
9336,07681700020816,0.0
16749,14140100001414,-0.0
9338,07682600027976,0.0
9339,07682800045160,0.0
9340,07682900029408,0.0
9341,07683500048024,0.0
9374,07721305015153,0.0
9375,07721405016585,0.0
9344,07690200002262,0.0
9345,07690500006558,0.0
9346,07691000012286,-0.0
9347,07691200013718,0.0
9348,07691300015150,-0.0
9349,07691400016582,0.0
9350,07691600019446,0.0
9351,07691700020878,-0.0
9352,07691800040926,0.0
16748,14134000054397,-0.0
9354,07692700043790,0.0
9355,07693300033766,-0.0
9356,07693700036630,0.0
9357,07693800038062,0.0
9390,07732500026611,-0.0
9391,07733000030907,-0.0
9360,07701005012287,0.0
9361,07701205013719,0.0
9362,07701305015151,0.0
9363,07701405016583,0.0
9364,07701605019447,0.0
9365,07701705020879,0.0
9366,07701805040927,0.0
9367,07702005042359,0.0
9368,07702705043791,0.0
9369,07702905029471,0.0
9370,07703305033767,0.0
9371,07703705036631,0.0
9372,07721005012289,0.0
9373,07721205013721,0.0
9406,07754000053820,0.0
9407,07760400005133,-0.0
9376,07721605019449,0.0
9377,07721805040929,0.0
9378,07722005042361,0.0
9379,07723405035201,0.0
9380,07730400005131,-0.0
9381,07730700055251,-0.0
9382,07730800039499,-0.0
9383,07731100010859,-0.0
9384,07731500018019,-0.0
9385,07731900046659,-0.0
9386,07732100022315,-0.0
9387,07732200052387,-0.0
9388,07732300023747,-0.0
9389,07732400025179,-0.0
9422,07770904009430,0.0
9423,07771104010862,0.0
9392,07734000053819,-0.0
9393,07740400005130,-0.0
9394,07740900009426,0.0
9395,07741100010858,-0.0
9396,07741500018018,-0.0
9397,07742100022314,-0.0
9398,07750400005132,-0.0
9399,07750700055252,-0.0
9400,07750800039500,-0.0
9401,07751500018020,-0.0
9402,07751900046660,-0.0
9403,07752500026612,-0.0
9404,07753000030908,-0.0
9405,07753600049524,-0.0
9438,07780900009361,-0.0
9439,07781100010793,0.0
9408,07760800039501,-0.0
9409,07761100010861,-0.0
9410,07761500018021,-0.0
9411,07762100022317,-0.0
9412,07762200052389,-0.0
9413,07762400025181,0.0
9414,07762500026613,-0.0
9415,07762800045229,-0.0
9416,07763000030909,-0.0
9417,07763500048093,-0.0
9418,07763600049525,-0.0
9419,07770104000838,0.0
9420,07770704055254,0.0
9421,07770804039502,-0.0
9454,07801805040867,-0.0
9455,07801905046595,-0.0
9424,07771504018022,-0.0
9425,07771904046662,0.0
9426,07772104022318,0.0
9427,07772204052390,0.0
9428,07772304023750,0.0
9429,07772404025182,0.0
9430,07772804045230,0.0
9431,07773004030910,0.0
9432,07773504048094,0.0
9433,07773604049526,0.0
9434,07773904050958,0.0
9435,07774004053822,0.0
9436,07780500006497,0.0
9437,07780600007929,0.0
9470,07822203052325,-0.0
9471,07823903050893,0.0
9440,07781500017953,-0.0
9441,07782000042297,0.0
9442,07783700036569,0.0
9443,07783800038001,0.0
9444,07790605007930,0.0
9445,07792005042298,0.0
9446,07793705036570,0.0
9447,07793805038002,0.0
9448,07800605007931,0.0
9449,07800705055187,0.0
9450,07800805039435,-0.0
9451,07801305015091,-0.0
9452,07801405016523,-0.0
9453,07801505017955,-0.0
9486,07861103010801,0.0
9487,07861503017961,-0.0
9456,07802005042299,-0.0
9457,07802105022251,-0.0
9458,07802205052323,-0.0
9459,07802605027979,-0.0
9460,07802905029411,0.0
9461,07803305033707,-0.0
9462,07810803039436,-0.0
9463,07811903046596,0.0
9464,07812203052324,0.0
9465,07812803045164,0.0
9466,07814003053756,0.0
9467,07820403005069,0.0
9468,07820803039437,0.0
9469,07821103010797,0.0
9501,07883503048035,0.0
9502,07883603049467,0.0
9503,07883903050899,0.0
9472,07830803039438,-0.0
9473,07831103010798,0.0
9474,07831503017958,0.0
9475,07832103022254,0.0
9476,07832203052326,0.0
9478,07833503048030,0.0
9479,07840103000775,0.0
9480,07840703055191,0.0
9481,07840803039439,-0.0
9482,07841103010799,0.0
9483,07842203052327,0.0
9484,07842303023687,0.0
9485,07860103000777,0.0
9517,07902403025125,0.0
9518,07902503026557,-0.0
9519,07902803045173,-0.0
9488,07862203052329,-0.0
9489,07862303023689,0.0
9490,07862803045169,0.0
9491,07863503048033,-0.0
9492,07863603049465,0.0
9493,07863903050897,0.0
16747,14133800038645,-0.0
9495,07880703055195,0.0
9496,07880803039443,0.0
9497,07881903046603,0.0
9498,07882103022259,0.0
9499,07882203052331,0.0
9500,07882803045171,0.0
9533,07942300023697,0.0
9534,07943600049473,0.0
9535,07951503017970,0.0
9504,07884003053763,0.0
9505,07891103010804,0.0
9506,07892203052332,0.0
9507,07892503026556,0.0
9508,07892803045172,0.0
9509,07893503048036,0.0
9510,07893603049468,0.0
9511,07900103000781,0.0
9512,07900403005077,0.0
9513,07900703055197,0.0
9514,07900803039445,0.0
9515,07902103022261,-0.0
9516,07902203052333,-0.0
9549,07963503048043,0.0
9550,07963903050907,-0.0
9551,07964003053771,-0.0
9520,07903603049469,0.0
9521,07904003053765,0.0
9522,07910403005078,0.0
9523,07911903046606,0.0
9524,07912203052334,0.0
9525,07912403025126,-0.0
9526,07912503026558,0.0
9527,07913503048038,0.0
9528,07913603049470,0.0
9529,07913903050902,0.0
9530,07921900046607,0.0
9531,07923600049471,-0.0
9532,07942200052337,0.0
9565,07983503048045,0.0
9566,07983603049477,0.0
9567,07983903050909,0.0
9536,07951903046610,0.0
9537,07952303023698,0.0
9538,07952403025130,0.0
9539,07952503026562,0.0
9540,07952803045178,0.0
9541,07953603049474,0.0
9542,07960403005083,-0.0
9543,07961903046611,-0.0
9544,07962203052339,0.0
9545,07962403025131,0.0
9546,07962503026563,-0.0
9547,07962803045179,-0.0
9548,07963003030859,-0.0
9581,08013503048048,-0.0
9582,08013603049480,-0.0
9583,08013903050912,-0.0
9552,07971503017972,0.0
9553,07971903046612,0.0
9554,07972203052340,-0.0
9555,07972503026564,-0.0
9556,07973603049476,0.0
9557,07973903050908,-0.0
9558,07974003053772,0.0
9559,07980403005085,0.0
9560,07980903009381,0.0
9561,07981903046613,0.0
9562,07982203052341,0.0
9563,07982803045181,0.0
9564,07983003030861,0.0
9597,08033603049482,0.0
9598,08033903050914,0.0
9599,08080103000799,-0.0
9568,08000703055207,0.0
9569,08000803039455,-0.0
9570,08001103010815,0.0
9571,08001503017975,-0.0
9572,08001903046615,0.0
9573,08002203052343,-0.0
9574,08003503048047,0.0
9575,08003603049479,0.0
9576,08010803039456,-0.0
9577,08011503017976,0.0
9578,08011903046616,-0.0
9579,08012803045184,0.0
9580,08013003030864,-0.0
9613,08093503048056,0.0
9614,08093603049488,0.0
9615,08093903050920,0.0
9584,08020103000793,0.0
9585,08020803039457,-0.0
9586,08021503017977,-0.0
9587,08021903046617,0.0
9588,08022203052345,-0.0
9589,08023503048049,0.0
9590,08030803039458,0.0
9591,08031503017978,0.0
9592,08031903046618,0.0
9593,08032203052346,0.0
9594,08032803045186,0.0
9595,08033003030866,0.0
9596,08033503048050,0.0
9629,08110703055218,0.0
9630,08111103010826,0.0
9631,08111503017986,0.0
9600,08080803039463,-0.0
9601,08081903046623,0.0
9602,08082103022279,0.0
9603,08083003030871,-0.0
9604,08083503048055,-0.0
9605,08083603049487,0.0
9606,08083903050919,0.0
9607,08090103000800,0.0
9608,08090703055216,0.0
9609,08091103010824,0.0
9610,08091903046624,0.0
9611,08092203052352,-0.0
9612,08093003030872,0.0
9645,08122503026579,0.0
9646,08122803045195,0.0
9647,08123003030875,0.0
9616,08100103000801,0.0
9617,08100703055217,0.0
9618,08101103010825,0.0
9619,08101903046625,0.0
9620,08102103022281,-0.0
9621,08102403025145,0.0
9622,08102503026577,0.0
9623,08102803045193,0.0
9624,08103003030873,0.0
9625,08103503048057,0.0
9626,08103603049489,0.0
9627,08104003053785,0.0
9628,08110103000802,0.0
9661,08133503048060,0.0
9662,08133603049492,0.0
9663,08133903050924,0.0
9632,08112103022282,0.0
9633,08112203052354,0.0
9634,08112403025146,0.0
9635,08112503026578,0.0
9636,08113003030874,0.0
16746,14133700037213,0.0
9638,08113903050922,0.0
9639,08114003053786,0.0
9640,08120803039467,0.0
9641,08121103010827,0.0
9642,08121903046627,0.0
9643,08122203052355,0.0
9644,08122303023715,0.0
9677,08150405005102,0.0
9678,08150805039470,0.0
9679,08151005012262,0.0
9648,08123503048059,0.0
9649,08123603049491,0.0
9650,08123903050923,0.0
9651,08130403005100,0.0
9652,08130703055220,0.0
9653,08130803039468,0.0
9654,08131103010828,0.0
16745,14133500048669,-0.0
9656,08132103022284,0.0
9657,08132403025148,0.0
9658,08132503026580,0.0
9659,08132803045196,0.0
9660,08133003030876,0.0
9692,08153505048062,0.0
9693,08153605049494,0.0
9694,08154005053790,0.0
9695,08160305003671,-0.0
9664,08134003053788,0.0
9665,08140205002237,-0.0
9667,08141005012261,-0.0
9668,08141305015125,0.0
9669,08141705020853,0.0
9670,08141905046629,-0.0
9671,08142105022285,0.0
9672,08142205052357,0.0
9673,08142505026581,0.0
9674,08142605028013,-0.0
9675,08142905029445,-0.0
9676,08143005030877,0.0
9708,08162405025151,-0.0
9709,08162505026583,0.0
9710,08162605028015,-0.0
9711,08162705043767,0.0
9680,08151305015126,0.0
9681,08151405016558,0.0
9682,08151705020854,0.0
9683,08152105022286,0.0
9684,08152205052358,0.0
9685,08152405025150,0.0
9686,08152505026582,0.0
9687,08152605028014,0.0
9688,08152705043766,0.0
9689,08152805045198,0.0
9690,08152905029446,0.0
9691,08153005030878,0.0
9724,08171505017992,-0.0
9725,08171705020856,0.0
9726,08171805040904,0.0
9727,08171905046632,-0.0
9696,08160405005103,-0.0
9697,08160505006535,0.0
9698,08160805039471,-0.0
9699,08161005012263,-0.0
9700,08161405016559,-0.0
9701,08161505017991,-0.0
9702,08161605019423,0.0
9703,08161705020855,-0.0
9704,08162005042335,0.0
9705,08162105022287,0.0
9706,08162205052359,0.0
9707,08162305023719,0.0
9740,08183005030882,0.0
9741,08184005053794,-0.0
9742,08190705055227,-0.0
9743,08190805039475,-0.0
9712,08162805045199,-0.0
9713,08162905029447,0.0
9714,08163005030879,-0.0
9715,08163105032311,-0.0
9716,08163305033743,-0.0
9717,08163405035175,-0.0
9718,08163505048063,-0.0
9719,08163705036607,0.0
9720,08170405005104,-0.0
9721,08170505006536,-0.0
9722,08170805039472,0.0
9723,08171405016560,0.0
9756,08213905050933,-0.0
9757,08220405005112,0.0
9758,08220705055232,-0.0
9759,08220905009408,0.0
9728,08172105022288,0.0
9729,08172305023720,-0.0
9730,08172505026584,0.0
9731,08172605028016,0.0
9732,08172705043768,-0.0
9733,08172905029448,0.0
9734,08173005030880,-0.0
9735,08173105032312,0.0
9736,08173305033744,0.0
9737,08173405035176,0.0
9738,08180805039474,-0.0
9739,08181505017994,0.0
9772,08240705055225,0.0
9773,08240805039473,-0.0
9774,08241105010833,0.0
9775,08241505017993,0.0
9744,08190905009403,0.0
9745,08191505017995,-0.0
9746,08191905046635,0.0
9747,08192305023723,-0.0
9748,08192505026587,0.0
9749,08192805045203,0.0
9750,08193505048067,0.0
9751,08193605049499,0.0
9752,08194005053795,-0.0
9753,08200705055228,-0.0
9754,08212505026589,0.0
9755,08213605049501,0.0
9788,08251505017998,0.0
9789,08251905046638,0.0
9790,08252105022294,0.0
9791,08252205052366,0.0
9760,08222205052368,-0.0
9761,08222505026592,0.0
9762,08222805045208,0.0
9763,08224005053800,0.0
9764,08230405005113,0.0
9765,08230805039481,-0.0
9766,08230905009409,-0.0
9767,08231105010841,-0.0
9768,08231505018001,0.0
9769,08232805045209,0.0
9770,08233005030889,0.0
9771,08234005053801,-0.0
9804,08262405025159,-0.0
9805,08262505026591,0.0
9806,08262805045207,0.0
9807,08263005030887,-0.0
9776,08241905046633,-0.0
9777,08242105022289,0.0
9778,08242305023721,0.0
9779,08242505026585,0.0
9780,08243005030881,0.0
9781,08243505048065,-0.0
9782,08243605049497,-0.0
9783,08243905050929,0.0
9784,08244005053793,-0.0
9785,08250705055230,-0.0
9786,08250805039478,-0.0
9787,08250905009406,0.0
9820,08281405016571,0.0
9821,08281705020867,-0.0
9822,08281805040915,0.0
9823,08282205052371,-0.0
9792,08252305023726,-0.0
9793,08252405025158,0.0
9794,08252505026590,0.0
9795,08252805045206,0.0
9796,08253505048070,0.0
9797,08253605049502,0.0
9798,08254005053798,0.0
9799,08260705055231,0.0
9800,08260805039479,-0.0
9801,08261505017999,0.0
9802,08261905046639,-0.0
9803,08262205052367,0.0
9836,08291600019436,0.0
9837,08292000042348,0.0
9838,08292100022300,-0.0
9839,08292500026596,0.0
9808,08263505048071,0.0
9809,08263605049503,0.0
9810,08263905050935,-0.0
9811,08264005053799,0.0
9812,08271505018002,0.0
9813,08272305023730,0.0
9814,08272805045210,-0.0
9815,08274005053802,-0.0
9816,08280405005115,0.0
9817,08280705055235,0.0
9818,08280905009411,0.0
9819,08281205013707,0.0
9852,08361000012283,0.0
9853,08361100010851,0.0
9854,08361200013715,0.0
9855,08361300015147,0.0
9824,08282305023731,0.0
9825,08282505026595,0.0
9826,08282605028027,0.0
9827,08282805045211,0.0
9828,08283005030891,-0.0
9829,08283105032323,0.0
9830,08283805038051,0.0
9831,08284005053803,-0.0
9832,08290900009412,-0.0
9833,08291000012276,0.0
9834,08291100010844,-0.0
9835,08291500018004,-0.0
9868,08370605007988,0.0
9869,08370905009420,-0.0
9870,08371105010852,-0.0
9871,08371205013716,0.0
9840,08293100032324,0.0
9841,08293700036620,0.0
9842,08300605007981,0.0
9843,08300905009413,0.0
9844,08301105010845,0.0
9845,08301505018005,0.0
9846,08301605019437,0.0
9847,08302005042349,0.0
9848,08302105022301,0.0
9849,08303305033757,0.0
9850,08360200002259,-0.0
9851,08360900009419,0.0
9884,08380301003693,-0.0
9885,08380501006557,0.0
9886,08380701055245,0.0
9887,08380801039493,-0.0
9856,08361400016579,-0.0
9857,08361500018011,-0.0
9858,08361600019443,-0.0
9859,08361700020875,-0.0
9860,08361800040923,-0.0
9861,08362000042355,-0.0
9862,08362100022307,0.0
9863,08363100032331,-0.0
9864,08363400035195,0.0
9865,08363700036627,-0.0
9866,08363800038059,-0.0
9867,08370205002260,-0.0
9900,08382301023741,-0.0
9901,08382401025173,0.0
9902,08382501026605,-0.0
9903,08382701043789,-0.0
9872,08371305015148,-0.0
9873,08371405016580,-0.0
9874,08371505018012,-0.0
9875,08371605019444,-0.0
9876,08371705020876,-0.0
9877,08371805040924,-0.0
9878,08372005042356,0.0
9879,08373105032332,0.0
9880,08373305033764,0.0
9881,08373405035196,0.0
9882,08373805038060,-0.0
9883,08380201002261,0.0
9916,08401104010864,0.0
9917,08401504018024,0.0
9918,08401904046664,0.0
9919,08402204052392,0.0
9888,08381001012285,0.0
9889,08381101010853,-0.0
9890,08381201013717,0.0
9891,08381301015149,0.0
9892,08381401016581,-0.0
9893,08381601019445,0.0
9894,08381701020877,-0.0
9895,08381801040925,0.0
9896,08381901046653,0.0
9897,08382001042357,0.0
9898,08382101022309,0.0
9899,08382201052381,0.0
9932,08411904046665,0.0
9933,08412104022321,0.0
9934,08412204052393,0.0
9935,08412304023753,0.0
9904,08382801045221,-0.0
9905,08383001030901,-0.0
9906,08383101032333,-0.0
9907,08383301033765,0.0
9908,08383501048085,-0.0
9909,08383701036629,0.0
9910,08383801038061,0.0
9911,08384001053813,0.0
9912,08400104000840,0.0
9913,08400704055256,0.0
9914,08400804039504,-0.0
9915,08400904009432,0.0
9948,08451903046669,0.0
9949,08452103022325,0.0
9950,08452203052397,0.0
9951,08452303023757,0.0
9920,08402304023752,0.0
9921,08402404025184,0.0
9922,08402504026616,0.0
9923,08402804045232,0.0
9924,08403504048096,0.0
9925,08403604049528,0.0
9926,08403904050960,0.0
9927,08410704055257,0.0
9928,08410804039505,-0.0
9929,08410904009433,0.0
9930,08411104010865,0.0
9931,08411504018025,0.0
9964,08532403025197,-0.0
9965,08532503026629,-0.0
9966,08532803045245,-0.0
9967,08533503048109,-0.0
9936,08412404025185,0.0
9937,08412504026617,0.0
9938,08412804045233,0.0
9939,08413004030913,0.0
9940,08413504048097,0.0
9941,08413604049529,0.0
9942,08413904050961,0.0
9943,08450403005141,0.0
9944,08450703055261,0.0
9945,08450803039509,-0.0
9946,08451103010869,0.0
9947,08451503018029,0.0
9980,08562203052408,0.0
9981,08562303023768,0.0
9982,08562403025200,0.0
9983,08562503026632,0.0
9952,08452503026621,0.0
9953,08452803045237,0.0
9954,08453003030917,0.0
9955,08453503048101,0.0
9956,08453603049533,0.0
9957,08530403005149,-0.0
9958,08530703055269,-0.0
9959,08530803039517,-0.0
9960,08531503018037,-0.0
9961,08531903046677,-0.0
9962,08532203052405,-0.0
9963,08532303023765,-0.0
9996,08580903009450,0.0
9997,08581103010882,0.0
9998,08581503018042,-0.0
9999,08581903046682,0.0
9968,08533603049541,-0.0
9969,08533903050973,-0.0
9970,08534003053837,0.0
9971,08560103000856,0.0
9972,08560403005152,0.0
9973,08560703055272,0.0
9974,08560803039520,-0.0
9975,08560903009448,0.0
9976,08561103010880,0.0
9977,08561503018040,-0.0
9978,08561903046680,0.0
9979,08562103022336,0.0
10012,08662203052418,-0.0
10013,08662403025210,0.0
10014,08663503048122,-0.0
10015,08663603049554,-0.0
9984,08562803045248,0.0
9985,08563003030928,0.0
9986,08563503048112,0.0
9987,08563603049544,0.0
9988,08563903050976,0.0
9989,08570903009449,-0.0
9990,08572203052409,-0.0
9991,08572303023769,-0.0
9992,08572503026633,-0.0
9993,08580403005154,-0.0
9994,08580703055274,0.0
9995,08580803039522,-0.0
10028,08691605019485,-0.0
10029,08691805040965,0.0
10030,08691905046693,-0.0
10031,08692005042397,0.0
10000,08582103022338,0.0
10001,08582203052410,0.0
10002,08582303023770,0.0
10003,08582803045250,0.0
10004,08583003030930,0.0
10005,08583503048114,0.0
10006,08583603049546,0.0
10007,08583903050978,0.0
10008,08660403005162,-0.0
10009,08660903009458,-0.0
10010,08661103010890,-0.0
10011,08661903046690,-0.0
10044,08700605008030,-0.0
10045,08700805039534,-0.0
10046,08700905009462,-0.0
10047,08701005012326,0.0
10016,08663903050986,0.0
10017,08690305003733,0.0
10018,08690405005165,-0.0
10019,08690605008029,0.0
10020,08690805039533,-0.0
10021,08690905009461,-0.0
10022,08691005012325,0.0
10023,08691105010893,-0.0
10024,08691205013757,0.0
10025,08691305015189,0.0
10026,08691405016621,0.0
10027,08691505018053,-0.0
10059,08702905029510,0.0
10060,08703005030942,-0.0
10061,08703105032374,-0.0
10062,08703405035238,-0.0
10032,08692105022349,-0.0
10033,08692205052421,-0.0
10034,08692405025213,-0.0
10035,08692605028077,-0.0
10036,08692805045261,-0.0
10037,08693005030941,-0.0
10038,08693105032373,-0.0
10039,08693505048125,-0.0
10040,08693605049557,-0.0
10041,08693805038101,0.0
10042,08700305003734,0.0
10043,08700405005166,0.0
10075,08711704020919,0.0
10076,08711804040967,0.0
10077,08711904046695,-0.0
10078,08712004042399,0.0
10079,08712104022351,-0.0
10048,08701105010894,-0.0
10049,08701205013758,0.0
10050,08701305015190,0.0
10051,08701405016622,0.0
10052,08701505018054,-0.0
10053,08701805040966,0.0
10054,08701905046694,-0.0
10055,08702005042398,0.0
10056,08702205052422,-0.0
10057,08702405025214,-0.0
10058,08702505026646,0.0
10091,08713604049559,-0.0
10092,08713704036671,-0.0
10093,08713804038103,0.0
10094,08720405005168,0.0
10095,08720505006600,-0.0
10064,08703605049558,-0.0
10065,08703805038102,0.0
10066,08710304003735,0.0
10067,08710504006599,0.0
10068,08710604008031,-0.0
10069,08710804039535,-0.0
10070,08710904009463,-0.0
10071,08711004012327,0.0
10072,08711104010895,-0.0
10073,08711304015191,0.0
10074,08711504018055,-0.0
10107,08722505026648,0.0
10108,08722705043832,-0.0
10109,08722805045264,0.0
10110,08722905029512,-0.0
10111,08723005030944,0.0
10080,08712204052423,-0.0
10081,08712304023783,-0.0
10082,08712404025215,-0.0
10083,08712504026647,0.0
10084,08712604028079,-0.0
10085,08712904029511,0.0
10086,08713004030943,-0.0
10087,08713104032375,-0.0
10088,08713304033807,0.0
10089,08713404035239,-0.0
10090,08713504048127,-0.0
10123,08731105010897,0.0
10124,08731205013761,-0.0
10125,08731805040969,-0.0
10126,08731905046697,0.0
10127,08732005042401,-0.0
10096,08720805039536,0.0
10097,08720905009464,0.0
10098,08721005012328,-0.0
10099,08721105010896,0.0
10100,08721305015192,-0.0
10101,08721805040968,-0.0
10102,08721905046696,0.0
10103,08722005042400,-0.0
10104,08722205052424,0.0
10105,08722305023784,0.0
10106,08722405025216,0.0
10139,08733605049561,0.0
10140,08733705036673,-0.0
10141,08733805038105,-0.0
10142,08740304003738,-0.0
10143,08740404005170,0.0
10112,08723105032376,-0.0
10113,08723305033808,-0.0
10114,08723505048128,0.0
10115,08723605049560,0.0
10116,08723805038104,-0.0
10117,08730405005169,0.0
10118,08730505006601,-0.0
10119,08730605008033,-0.0
10120,08730805039537,0.0
10121,08730905009465,0.0
10122,08731005012329,-0.0
10155,08742604028082,-0.0
10156,08742704043834,-0.0
10157,08743004030946,0.0
10158,08743304033810,-0.0
10159,08743504048130,0.0
10128,08732105022353,0.0
10129,08732205052425,0.0
10130,08732305023785,0.0
10131,08732405025217,0.0
10132,08732505026649,0.0
10133,08732605028081,-0.0
10134,08732705043833,-0.0
10135,08733005030945,0.0
10136,08733105032377,-0.0
10137,08733305033809,-0.0
10138,08733505048129,0.0
10171,08752005042403,0.0
10172,08752305023787,-0.0
10173,08752405025219,-0.0
10174,08752505026651,-0.0
10175,08752705043835,-0.0
10144,08740504006602,-0.0
10145,08740804039538,0.0
10146,08740904009466,0.0
10147,08741004012330,-0.0
10148,08741104010898,0.0
10149,08741204013762,-0.0
10150,08741804040970,-0.0
10151,08741904046698,0.0
10152,08742004042402,-0.0
10153,08742404025218,0.0
10154,08742504026650,0.0
10187,08760805039540,0.0
10188,08760905009468,-0.0
10189,08761105010900,-0.0
10190,08761505018060,-0.0
10191,08761605019492,0.0
10160,08743604049562,0.0
10161,08743804038106,-0.0
10162,08744004053858,0.0
10163,08750305003739,0.0
10164,08750405005171,-0.0
10165,08750505006603,0.0
10166,08750605008035,-0.0
10167,08750805039539,0.0
10168,08751005012331,0.0
10169,08751105010899,-0.0
10170,08751505018059,-0.0
10203,08763605049564,-0.0
10204,08763705036676,-0.0
10205,08763805038108,-0.0
10206,08790100000879,0.0
10207,08791500018063,0.0
10176,08752805045267,0.0
10177,08753005030947,-0.0
10178,08753105032379,0.0
10179,08753305033811,0.0
10180,08753505048131,-0.0
10181,08753605049563,-0.0
10182,08753805038107,-0.0
10183,08760205002308,0.0
10184,08760305003740,-0.0
10185,08760405005172,-0.0
10186,08760505006604,-0.0
10219,08800500006608,-0.0
10220,08800800039544,0.0
10221,08801200013768,-0.0
10222,08801500018064,0.0
10223,08801900046704,0.0
10192,08761705020924,0.0
10193,08762105022356,-0.0
10194,08762305023788,-0.0
10195,08762405025220,0.0
10196,08762505026652,-0.0
10197,08762905029516,0.0
10198,08763005030948,-0.0
10199,08763105032380,0.0
10200,08763305033812,0.0
10201,08763405035244,0.0
10202,08763505048132,-0.0
10235,08803900051000,0.0
10236,08810104000881,0.0
10237,08810304003745,-0.0
10238,08810404005177,0.0
10239,08810504006609,-0.0
10208,08791900046703,0.0
10209,08792300023791,0.0
16744,14133400035781,-0.0
10211,08792500026655,0.0
10212,08793000030951,0.0
10213,08793500048135,0.0
10214,08793600049567,0.0
10215,08793900050999,0.0
10216,08800100000880,0.0
10217,08800200002312,0.0
10218,08800400005176,0.0
10251,08813004030953,0.0
10252,08813104032385,-0.0
10253,08813304033817,-0.0
10254,08813404035249,-0.0
10255,08813504048137,0.0
10224,08802300023792,0.0
10225,08802400025224,0.0
10226,08802500026656,0.0
10227,08802800045272,0.0
10228,08803000030952,0.0
10229,08803100032384,-0.0
10230,08803300033816,-0.0
10231,08803400035248,-0.0
10232,08803500048136,0.0
10233,08803700036680,-0.0
10234,08803800038112,-0.0
10267,08821304015202,-0.0
10268,08821404016634,-0.0
10269,08821504018066,0.0
10270,08821704020930,-0.0
10271,08822204052434,0.0
10240,08810804039545,0.0
10241,08811004012337,-0.0
10242,08811304015201,-0.0
10243,08811404016633,-0.0
10244,08811504018065,0.0
10245,08811604019497,-0.0
10246,08811704020929,-0.0
10247,08812304023793,0.0
10248,08812504026657,0.0
10249,08812704043841,0.0
10250,08812804045273,0.0
10283,08823804038114,0.0
10284,08823904051002,0.0
10285,08824004053866,0.0
10286,08830104000883,0.0
10287,08830304003747,-0.0
10256,08813704036681,-0.0
10257,08813804038113,-0.0
10258,08813904051001,0.0
10259,08820104000882,0.0
10260,08820204002314,0.0
10261,08820304003746,-0.0
10262,08820404005178,0.0
10263,08820504006610,-0.0
10264,08820704055298,0.0
10265,08820804039546,0.0
10266,08820904009474,0.0
10298,08832304023795,0.0
10299,08832404025227,0.0
10300,08832504026659,0.0
10301,08832904029523,-0.0
10302,08833004030955,0.0
10303,08833104032387,0.0
10272,08822304023794,0.0
10273,08822404025226,0.0
10274,08822504026658,0.0
10275,08822704043842,0.0
10276,08822904029522,-0.0
10277,08823004030954,0.0
10279,08823404035250,-0.0
10280,08823504048138,0.0
10281,08823604049570,0.0
10282,08823704036682,-0.0
10313,08840804039548,0.0
10314,08841004012340,-0.0
10315,08841204013772,0.0
10317,08841404016636,-0.0
10318,08841504018068,0.0
10319,08841604019500,0.0
10288,08830404005179,0.0
10289,08830504006611,-0.0
10290,08830704055299,0.0
10291,08831204013771,-0.0
10292,08831304015203,-0.0
10293,08831404016635,0.0
10294,08831504018067,0.0
10295,08831604019499,0.0
10296,08831704020931,0.0
10297,08832104022363,0.0
10329,08843504048140,0.0
10330,08843704036684,-0.0
10331,08843804038116,0.0
10332,08843904051004,0.0
10333,08844004053868,-0.0
10334,08850104000885,0.0
10335,08850204002317,0.0
10304,08833304033819,-0.0
10305,08833404035251,-0.0
10306,08833604049571,0.0
10307,08833704036683,-0.0
10308,08833904051003,-0.0
10309,08840104000884,0.0
10310,08840304003748,-0.0
10311,08840404005180,0.0
10312,08840704055300,0.0
10345,08851704020933,-0.0
10346,08851804040981,-0.0
10347,08852104022365,0.0
10348,08852304023797,-0.0
10349,08852404025229,0.0
10350,08852504026661,0.0
10351,08852604028093,-0.0
10320,08841804040980,-0.0
10321,08842104022364,0.0
10322,08842304023796,0.0
10323,08842404025228,-0.0
10324,08842504026660,0.0
10325,08842604028092,-0.0
10326,08842904029524,0.0
10327,08843004030956,0.0
10328,08843304033820,-0.0
10361,08860204002318,0.0
10362,08860304003750,-0.0
10363,08860404005182,0.0
10364,08860704055302,0.0
10365,08860904009478,-0.0
10366,08861004012342,-0.0
10367,08861104010910,0.0
16743,14133300034349,-0.0
10337,08850404005181,0.0
10338,08850804039549,0.0
10339,08850904009477,-0.0
10340,08851104010909,0.0
10341,08851204013773,0.0
10342,08851304015205,-0.0
10343,08851404016637,0.0
10344,08851504018069,0.0
10377,08862404025230,-0.0
10378,08862504026662,0.0
10379,08862604028094,-0.0
10380,08863404035254,-0.0
10381,08863904051006,0.0
10382,08864004053870,0.0
10383,08870204002319,0.0
10352,08852704043845,0.0
10353,08852904029525,0.0
10354,08853104032389,0.0
10355,08853304033821,0.0
10356,08853404035253,0.0
10357,08853604049573,0.0
10358,08853804038117,0.0
10359,08853904051005,0.0
10360,08860104000886,0.0
10393,08872204052439,0.0
10394,08872304023799,0.0
16742,14132400025757,-0.0
10396,08872504026663,-0.0
10397,08872604028095,0.0
10398,08872704043847,-0.0
10399,08873004030959,0.0
10368,08861304015206,-0.0
10369,08861404016638,-0.0
10370,08861504018070,0.0
10371,08861704020934,-0.0
10372,08861804040982,-0.0
10373,08862004042414,-0.0
10374,08862104022366,0.0
10375,08862204052438,0.0
10376,08862304023798,0.0
10409,08880304003752,-0.0
10410,08880404005184,0.0
10411,08880704055304,0.0
10412,08880904009480,0.0
10413,08881004012344,-0.0
10414,08881104010912,0.0
10415,08881504018072,0.0
10384,08870604008047,-0.0
10385,08870904009479,0.0
10386,08871004012343,0.0
10387,08871104010911,0.0
10388,08871504018071,0.0
10389,08871704020935,0.0
10390,08871804040983,0.0
10391,08871904046711,0.0
10392,08872104022367,0.0
10424,08882604028096,-0.0
10425,08883004030960,0.0
10426,08883104032392,0.0
10427,08883304033824,-0.0
10428,08883504048144,0.0
10429,08883604049576,0.0
10430,08883704036688,-0.0
10431,08890104000889,0.0
10400,08873104032391,0.0
10401,08873304033823,-0.0
10402,08873404035255,0.0
10403,08873604049575,0.0
10405,08873804038119,-0.0
10406,08873904051007,0.0
10407,08880104000888,0.0
10408,08880204002320,-0.0
10440,08891604019505,0.0
10441,08891704020937,0.0
10442,08891804040985,-0.0
10443,08891904046713,0.0
10444,08892004042417,0.0
10445,08892104022369,0.0
10446,08892504026665,0.0
10447,08892604028097,0.0
10416,08881604019504,0.0
10417,08881804040984,-0.0
10418,08881904046712,0.0
10419,08882004042416,-0.0
10420,08882104022368,0.0
10421,08882204052440,0.0
10422,08882404025232,0.0
10423,08882504026664,0.0
10456,08900101000890,0.0
10457,08900201002322,-0.0
10458,08900301003754,-0.0
10459,08900401005186,-0.0
10460,08900601008050,-0.0
10461,08900701055306,0.0
10462,08900801039554,-0.0
10463,08900901009482,0.0
10432,08890204002321,0.0
10433,08890304003753,0.0
10434,08890404005185,0.0
10435,08890904009481,0.0
10436,08891004012345,0.0
10437,08891104010913,0.0
10438,08891404016641,0.0
10439,08891504018073,0.0
10472,08902001042418,-0.0
10473,08902101022370,0.0
10474,08902201052442,0.0
10475,08902701043850,-0.0
10476,08903101032394,-0.0
10477,08903201056738,0.0
10478,08903301033826,-0.0
10479,08903601049578,0.0
10448,08892704043849,0.0
10449,08892804045281,0.0
10450,08893004030961,0.0
10451,08893104032393,0.0
10452,08893304033825,0.0
10453,08893504048145,0.0
10454,08893604049577,0.0
10455,08893704036689,0.0
10488,08911501018075,-0.0
10489,08911601019507,-0.0
10490,08911701020939,-0.0
10491,08911801040987,-0.0
10492,08911901046715,0.0
10493,08912101022371,0.0
10494,08912301023803,0.0
10495,08912401025235,-0.0
10464,08901101010914,-0.0
10465,08901201013778,-0.0
10466,08901301015210,-0.0
10467,08901501018074,-0.0
10468,08901601019506,-0.0
10469,08901701020938,-0.0
10470,08901801040986,-0.0
10471,08901901046714,-0.0
10504,08913901051011,0.0
10505,08914001053875,0.0
10506,08920101000892,0.0
10507,08920201002324,-0.0
10508,08920401005188,-0.0
10509,08920501006620,-0.0
10510,08920901009484,0.0
10511,08921101010916,-0.0
10480,08903901051010,0.0
10481,08910101000891,0.0
10482,08910401005187,-0.0
10483,08910501006619,-0.0
10484,08910601008051,-0.0
10485,08910901009483,0.0
10486,08911101010915,-0.0
10487,08911401016643,-0.0
10519,08922101022372,0.0
10520,08922201052444,-0.0
10521,08922501026668,-0.0
10522,08922601028100,-0.0
10523,08922701043852,-0.0
10524,08922901029532,-0.0
10525,08923201056740,0.0
10526,08923301033828,-0.0
10527,08923401035260,-0.0
10496,08912501026667,-0.0
10498,08912701043851,-0.0
10499,08913201056739,0.0
10500,08913301033827,-0.0
10501,08913601049579,0.0
10502,08913701036691,-0.0
10503,08913801038123,-0.0
10535,08930501006621,-0.0
10536,08930601008053,-0.0
10537,08930701055309,0.0
10538,08930901009485,0.0
10539,08931101010917,-0.0
10540,08931201013781,-0.0
10541,08931301015213,-0.0
10542,08931401016645,-0.0
10543,08931501018077,-0.0
10512,08921201013780,-0.0
10513,08921401016644,-0.0
10514,08921501018076,-0.0
10515,08921601019508,-0.0
10516,08921701020940,-0.0
10517,08921801040988,-0.0
10518,08921901046716,0.0
10550,08932301023805,-0.0
10551,08932401025237,-0.0
10552,08932501026669,-0.0
10554,08932701043853,-0.0
16741,14132300024325,-0.0
10556,08933001030965,-0.0
10557,08933201056741,-0.0
10558,08933301033829,-0.0
10559,08933401035261,-0.0
10528,08923501048148,-0.0
10529,08923601049580,-0.0
10530,08923801038124,0.0
10531,08923901051012,0.0
10532,08930101000893,0.0
10533,08930201002325,-0.0
10534,08930401005189,-0.0
10566,08940801039558,-0.0
10567,08940901009486,0.0
10568,08941101010918,-0.0
10569,08941201013782,-0.0
10570,08941301015214,-0.0
10571,08941401016646,-0.0
10572,08941501018078,-0.0
10573,08941601019510,-0.0
10574,08941801040990,-0.0
10575,08941901046718,-0.0
10544,08931601019509,-0.0
10545,08931701020941,-0.0
10546,08931801040989,-0.0
10547,08931901046717,-0.0
10548,08932001042421,-0.0
10549,08932101022373,0.0
10582,08943101032398,-0.0
10583,08943201056742,-0.0
10584,08943501048150,-0.0
10585,08943601049582,-0.0
10586,08943801038126,-0.0
10587,08943901051014,-0.0
10588,08944001053878,0.0
10589,08950400005191,-0.0
10590,08950900009487,0.0
10591,08951100010919,-0.0
10560,08933801038125,-0.0
10561,08933901051013,-0.0
10562,08940101000894,-0.0
10563,08940401005190,-0.0
10564,08940501006622,-0.0
10565,08940701055310,0.0
10598,08952300023807,-0.0
10599,08952600028103,-0.0
10600,08952700043855,-0.0
10601,08952800045287,0.0
10602,08952900029535,-0.0
10603,08953200056743,-0.0
10604,08953300033831,-0.0
10605,08953400035263,-0.0
10606,08953700036695,-0.0
10607,08953900051015,-0.0
10576,08942101022374,-0.0
10577,08942201052446,-0.0
10578,08942301023806,-0.0
10579,08942601028102,-0.0
10580,08942701043854,-0.0
10581,08942901029534,-0.0
10614,08961301015216,-0.0
10615,08961401016648,-0.0
10616,08961501018080,-0.0
10617,08961601019512,-0.0
10618,08961701020944,-0.0
10619,08961801040992,-0.0
10620,08961901046720,0.0
10621,08962101022376,-0.0
10622,08962301023808,-0.0
10623,08962501026672,-0.0
10592,08951400016647,-0.0
10593,08951500018079,-0.0
10594,08951600019511,-0.0
10595,08951800040991,-0.0
10596,08951900046719,0.0
10597,08952100022375,-0.0
10630,08963401035264,-0.0
10631,08963501048152,-0.0
10632,08963601049584,-0.0
10633,08963801038128,-0.0
10634,08964001053880,0.0
10635,08980101000898,-0.0
10636,08980201002330,-0.0
10637,08980401005194,-0.0
10638,08980601008058,-0.0
10639,08980701055314,0.0
10608,08960101000896,-0.0
10609,08960801039560,-0.0
10610,08960901009488,0.0
10611,08961001012352,-0.0
10612,08961101010920,-0.0
10613,08961201013784,-0.0
10645,08981401016650,-0.0
10646,08981601019514,-0.0
10647,08981801040994,-0.0
10648,08981901046722,-0.0
10649,08982001042426,-0.0
10650,08982101022378,-0.0
10651,08982201052450,-0.0
10652,08982401025242,-0.0
10653,08982601028106,-0.0
10654,08982701043858,-0.0
10655,08982801045290,-0.0
10625,08962701043856,-0.0
10626,08962901029536,-0.0
10627,08963001030968,-0.0
10628,08963101032400,-0.0
10629,08963301033832,-0.0
10661,09000805039564,0.0
10662,09001005012356,0.0
10663,09001305015220,0.0
10664,09001405016652,0.0
10665,09001605019516,0.0
10666,09002005042428,0.0
10667,09002305023812,0.0
10668,09002605028108,0.0
10669,09002705043860,0.0
10670,09003305033836,-0.0
10671,09003405035268,0.0
10640,08980801039562,-0.0
10641,08980901009490,-0.0
10642,08981001012354,-0.0
10643,08981101010922,-0.0
10644,08981301015218,-0.0
10677,09010804039565,0.0
10678,09010904009493,0.0
10679,09011104010925,0.0
10680,09011304015221,-0.0
10681,09011404016653,-0.0
10682,09011504018085,0.0
10683,09011604019517,0.0
10684,09011704020949,-0.0
10685,09011804040997,0.0
10686,09011904046725,0.0
10687,09012004042429,0.0
10656,08982901029538,-0.0
10657,08983001030970,-0.0
10658,08983301033834,-0.0
10659,09000305003764,0.0
10660,09000605008060,-0.0
10693,09012904029541,0.0
10694,09013004030973,0.0
10695,09013104032405,-0.0
10696,09013604049589,0.0
10697,09013904051021,0.0
10698,09020100000902,-0.0
10699,09020200002334,-0.0
10700,09020300003766,0.0
10701,09020400005198,0.0
10702,09020600008062,0.0
10703,09020700055318,0.0
10672,09003705036700,-0.0
10673,09003805038132,0.0
10674,09010404005197,0.0
10675,09010604008061,-0.0
10676,09010704055317,0.0
10709,09021400016654,0.0
10710,09021500018086,-0.0
10711,09021700020950,0.0
10712,09021800040998,0.0
10713,09021900046726,0.0
10714,09022000042430,0.0
10715,09022100022382,0.0
10716,09022400025246,-0.0
10717,09022600028110,-0.0
10718,09022700043862,0.0
10719,09023000030974,0.0
10688,09012104022381,0.0
10689,09012204052453,0.0
10690,09012304023813,0.0
10691,09012404025245,0.0
10692,09012704043861,-0.0
10725,09030600008063,0.0
10726,09030800039567,-0.0
10727,09031100010927,-0.0
10728,09031300015223,0.0
10729,09031400016655,0.0
10730,09031700020951,0.0
10731,09031800040999,0.0
10732,09032000042431,0.0
10733,09032100022383,0.0
10734,09032200052455,0.0
10735,09032600028111,0.0
10704,09020800039566,-0.0
10705,09020900009494,0.0
10706,09021000012358,0.0
10707,09021100010926,0.0
10708,09021300015222,-0.0
10741,09040500006632,0.0
10742,09040600008064,0.0
10743,09040800039568,0.0
10744,09041000012360,0.0
10745,09041100010928,-0.0
10746,09041400016656,0.0
10747,09041600019520,-0.0
10748,09041700020952,0.0
10749,09041800041000,0.0
10750,09042000042432,0.0
10751,09042600028112,0.0
10720,09023400035270,0.0
10721,09023700036702,-0.0
10722,09024000053886,0.0
10723,09030300003767,0.0
10724,09030500006631,0.0
10757,09043800038136,0.0
10758,09050200002337,0.0
10759,09050300003769,0.0
10760,09050400005201,-0.0
10761,09050500006633,-0.0
10762,09050600008065,0.0
10763,09050900009497,-0.0
10764,09051000012361,0.0
10765,09051100010929,0.0
10766,09051400016657,0.0
10767,09051600019521,-0.0
10736,09032700043863,-0.0
10737,09032900029543,-0.0
10738,09033000030975,0.0
10739,09033800038135,0.0
10740,09040300003768,0.0
10773,09053400035273,0.0
10774,09053800038137,0.0
10775,09060205002338,0.0
10776,09060305003770,0.0
10777,09060405005202,0.0
10778,09060505006634,0.0
10779,09060605008066,0.0
10780,09060905009498,0.0
10781,09061005012362,0.0
10782,09061205013794,0.0
10783,09061305015226,0.0
10752,09042700043864,-0.0
10753,09042900029544,0.0
10754,09043000030976,0.0
10755,09043400035272,-0.0
10756,09043700036704,-0.0
10789,09062105022386,-0.0
10790,09062605028114,0.0
10791,09062905029546,0.0
10792,09063405035274,0.0
10793,09063805038138,0.0
10794,09070600008067,0.0
10795,09072100022387,-0.0
10796,09072700043867,0.0
10797,09080200002340,-0.0
10798,09080300003772,-0.0
10799,09080400005204,-0.0
10768,09051800041001,-0.0
10769,09052000042433,0.0
10770,09052100022385,-0.0
10771,09052600028113,0.0
10772,09052900029545,0.0
10805,09090205002341,-0.0
10806,09090405005205,0.0
10807,09090505006637,0.0
10808,09091005012365,0.0
10809,09091305015229,0.0
10810,09091605019525,0.0
10811,09092005042437,0.0
10812,09092105022389,0.0
10813,09092505026685,0.0
10814,09092605028117,0.0
10815,09092705043869,-0.0
10784,09061405016658,0.0
10785,09061605019522,0.0
10786,09061705020954,0.0
10787,09061805041002,-0.0
16740,14132100022893,0.0
10821,09110600008071,-0.0
10822,09110700055327,0.0
10823,09110800039575,-0.0
10824,09110900009503,-0.0
10825,09111000012367,-0.0
10826,09111400016663,-0.0
10827,09111600019527,0.0
10828,09111800041007,-0.0
10829,09111900046735,-0.0
10830,09112000042439,-0.0
10831,09112100022391,-0.0
10800,09080500006636,-0.0
10801,09081000012364,0.0
10802,09082000042436,-0.0
10803,09082100022388,-0.0
10804,09082900029548,-0.0
10837,09113000030983,-0.0
10838,09113400035279,-0.0
10839,09120100000912,0.0
10840,09120200002344,0.0
10841,09120300003776,0.0
10842,09120400005208,0.0
10843,09120500006640,0.0
10844,09120700055328,0.0
10845,09120800039576,0.0
10846,09120900009504,0.0
10847,09121000012368,0.0
10816,09092905029549,0.0
10817,09093105032413,0.0
10818,09110100000911,-0.0
10819,09110200002343,-0.0
10820,09110400005207,0.0
10853,09122100022392,0.0
10854,09122400025256,0.0
10855,09122500026688,0.0
16739,14131800041509,-0.0
10857,09122700043872,0.0
10858,09122900029552,0.0
10859,09123000030984,0.0
10860,09123100032416,0.0
10861,09123800038144,0.0
10862,09130100000913,0.0
10863,09130200002345,0.0
10832,09112200052463,-0.0
10833,09112300023823,-0.0
10834,09112400025255,-0.0
10835,09112500026687,0.0
10836,09112900029551,-0.0
10869,09131000012369,0.0
10870,09131200013801,0.0
10871,09131300015233,0.0
10872,09131400016665,0.0
10873,09131500018097,0.0
10874,09131600019529,0.0
10875,09131700020961,0.0
10876,09131800041009,0.0
10877,09131900046737,0.0
10878,09132000042441,0.0
10879,09132100022393,-0.0
10848,09121200013800,0.0
10849,09121600019528,0.0
10850,09121800041008,0.0
10851,09121900046736,0.0
16738,14131500018597,-0.0
10885,09133000030985,0.0
10886,09133100032417,0.0
10887,09133400035281,0.0
10888,09133500048169,-0.0
10889,09133600049601,0.0
10890,09170304003817,-0.0
10891,09170604008113,-0.0
10892,09170704055369,0.0
10893,09170804039617,-0.0
10894,09170904009545,0.0
10895,09171104010977,0.0
10864,09130400005209,0.0
10865,09130500006641,0.0
10866,09130600008073,0.0
10867,09130700055329,0.0
10868,09130800039577,0.0
10901,09172004042481,-0.0
10902,09172204052505,0.0
10903,09172304023865,0.0
10904,09172604028161,-0.0
10905,09173204056801,0.0
10906,09173404035321,-0.0
10907,09173504048209,0.0
10908,09220805039622,-0.0
10909,09221505018142,-0.0
10910,09230805039623,-0.0
10911,09231505018143,0.0
10880,09132200052465,0.0
10881,09132300023825,0.0
10882,09132400025257,0.0
10883,09132500026689,0.0
10884,09132900029553,0.0
10916,09241505018229,0.0
10917,09250705055462,-0.0
10918,09251105011070,0.0
10919,09251905046870,0.0
10920,09252205052598,0.0
10921,09252505026822,0.0
10922,09252805045438,0.0
10923,09253505048302,0.0
10924,09253905051166,0.0
10925,09261505018227,-0.0
10926,09271505018228,0.0
10927,09271905046868,0.0
10896,09171204013841,-0.0
10898,09171404016705,-0.0
10899,09171504018137,0.0
10900,09171704021001,-0.0
10932,09280705055463,0.0
10933,09280905009639,0.0
10934,09281105011071,0.0
10935,09281905046871,0.0
10936,09282205052599,0.0
10937,09282305023959,-0.0
10938,09282505026823,0.0
10939,09282805045439,0.0
10940,09283605049735,0.0
10941,09290905009640,-0.0
10942,09291105011072,-0.0
10943,09291505018232,-0.0
10912,09232805045351,-0.0
10913,09233005031031,0.0
10914,09234005053943,-0.0
10915,09240805039709,0.0
10948,09301905046873,0.0
10949,09302105022529,0.0
10950,09302505026825,0.0
10951,09302805045441,0.0
10952,09310105001050,0.0
10953,09310405005346,0.0
10954,09310505006778,-0.0
10955,09310605008210,-0.0
10956,09310705055466,0.0
10957,09310905009642,0.0
10958,09311105011074,0.0
10959,09311305015370,-0.0
10928,09272405025388,-0.0
10929,09273005031116,-0.0
10930,09273505048300,0.0
10931,09280405005343,0.0
10964,09311905046874,0.0
10965,09312105022530,0.0
10966,09312405025394,0.0
10967,09312605028258,-0.0
10968,09312705044010,0.0
10969,09312905029690,0.0
10970,09313005031122,0.0
10971,09313305033986,-0.0
10972,09313405035418,-0.0
10973,09313505048306,0.0
10974,09313605049738,0.0
10975,09313705036850,0.0
10944,09292505026824,0.0
10945,09294005054032,0.0
10946,09301105011073,-0.0
10947,09301505018233,-0.0
10980,09320705055467,-0.0
10981,09321305015371,-0.0
10982,09321405016803,-0.0
10983,09321805041147,-0.0
10984,09321905046875,0.0
10985,09322005042579,0.0
10986,09322405025395,0.0
10987,09322605028259,-0.0
10988,09322705044011,-0.0
10989,09322905029691,0.0
10990,09323005031123,0.0
10991,09323505048307,0.0
10960,09311405016802,-0.0
10961,09311505018234,0.0
10962,09311605019666,-0.0
10963,09311705021098,-0.0
10996,09331000012373,-0.0
10997,09331200013805,-0.0
10998,09331300015237,0.0
10999,09331400016669,0.0
11000,09331700020965,0.0
11001,09332000042445,0.0
11002,09332600028125,-0.0
11003,09332900029557,-0.0
11004,09333800038149,-0.0
11005,09340200002350,0.0
11006,09340300003782,0.0
11007,09341000012374,0.0
10976,09314005054034,0.0
10977,09320305003915,-0.0
10978,09320505006779,-0.0
10979,09320605008211,-0.0
11012,09342600028126,0.0
11013,09342900029558,0.0
11014,09343400035286,-0.0
11015,09343700036718,0.0
11016,09350200002351,0.0
11017,09350300003783,0.0
11018,09350500006647,0.0
11019,09350600008079,0.0
11020,09351000012375,-0.0
11021,09351200013807,-0.0
11022,09351300015239,0.0
11023,09351700020967,0.0
10992,09323605049739,0.0
10993,09323705036851,-0.0
10994,09330300003781,0.0
10995,09330500006645,0.0
11028,09360505006648,-0.0
11029,09360805039584,0.0
11030,09361205013808,-0.0
11031,09361305015240,-0.0
11032,09361405016672,0.0
11033,09361805041016,0.0
11034,09361905046744,0.0
11035,09362005042448,0.0
11036,09363005030992,-0.0
11037,09363105032424,0.0
11038,09363405035288,-0.0
11039,09363705036720,-0.0
11008,09341200013806,-0.0
11009,09341300015238,0.0
11010,09341700020966,0.0
11011,09342000042446,0.0
11044,09370805039585,0.0
11045,09371205013809,-0.0
11046,09371405016673,0.0
11047,09371505018105,0.0
11048,09371805041017,-0.0
11049,09371905046745,0.0
11050,09372105022401,-0.0
11051,09373005030993,0.0
11052,09373105032425,0.0
11053,09373305033857,-0.0
11054,09380100000922,-0.0
11055,09380400005218,-0.0
11024,09352900029559,0.0
11025,09353800038151,-0.0
11026,09360205002352,0.0
11027,09360405005216,0.0
11060,09382300023834,-0.0
11061,09382400025266,-0.0
11062,09382800045314,-0.0
11063,09383000030994,-0.0
11064,09383600049610,-0.0
11065,09383900051042,-0.0
11066,09390100000923,-0.0
11067,09390400005219,-0.0
11068,09390900009515,0.0
11069,09391500018107,-0.0
11070,09392100022403,-0.0
11071,09392200052475,-0.0
11040,09370205002353,0.0
11041,09370305003785,0.0
11042,09370405005217,0.0
11043,09370505006649,0.0
11076,09393600049611,-0.0
11077,09393900051043,-0.0
11078,09400100000924,-0.0
11079,09400400005220,-0.0
11080,09400800039588,-0.0
11081,09400900009516,0.0
11082,09401500018108,-0.0
11083,09402100022404,-0.0
11084,09402400025268,-0.0
11085,09402800045316,-0.0
11086,09403600049612,-0.0
11087,09403900051044,-0.0
11056,09380800039586,-0.0
11057,09381100010946,-0.0
11058,09381900046746,-0.0
11059,09382100022402,-0.0
11092,09410500006653,0.0
11093,09410900009517,-0.0
11094,09411100010949,0.0
11095,09411200013813,-0.0
11096,09411300015245,0.0
11097,09411400016677,-0.0
11098,09411500018109,0.0
11099,09411600019541,-0.0
11100,09411700020973,0.0
11101,09411900046749,0.0
11102,09412000042453,0.0
11103,09412100022405,0.0
11072,09392400025267,-0.0
11073,09392500026699,-0.0
11074,09393000030995,-0.0
11075,09393500048179,-0.0
11108,09413600049613,0.0
11109,09413700036725,-0.0
11110,09413900051045,0.0
11111,09420100000926,0.0
11112,09420200002358,0.0
11113,09420400005222,0.0
11114,09420800039590,0.0
11115,09421500018110,0.0
11116,09421600019542,-0.0
11117,09422100022406,0.0
11118,09422400025270,0.0
11119,09422800045318,0.0
11088,09410100000925,0.0
11089,09410200002357,0.0
11090,09410300003789,0.0
11091,09410400005221,0.0
11124,09430100000927,0.0
11125,09430200002359,0.0
11126,09430900009519,-0.0
11127,09431100010951,0.0
11128,09431600019543,-0.0
11129,09431900046751,-0.0
11130,09432100022407,0.0
11131,09432200052479,0.0
11132,09432400025271,0.0
11133,09432500026703,-0.0
11134,09433000030999,-0.0
11135,09433600049615,0.0
11104,09412400025269,0.0
11105,09412500026701,0.0
11106,09413400035293,0.0
11107,09413500048181,0.0
11139,09440300003792,-0.0
11140,09440400005224,0.0
11141,09440600008088,-0.0
11142,09440800039592,0.0
11143,09441100010952,0.0
11144,09441200013816,-0.0
11145,09441400016680,0.0
11146,09441500018112,0.0
11147,09441900046752,0.0
11148,09442100022408,0.0
11149,09442400025272,0.0
11150,09442500026704,0.0
11120,09423300033862,0.0
11121,09423600049614,0.0
11122,09423900051046,0.0
11123,09424000053910,-0.0
11155,09443900051048,0.0
11156,09450100000929,0.0
11157,09450400005225,0.0
11158,09450500006657,0.0
11159,09450600008089,-0.0
11160,09451100010953,0.0
11161,09451200013817,-0.0
11162,09451400016681,-0.0
11163,09451600019545,0.0
11164,09451900046753,0.0
11165,09452100022409,0.0
11166,09452200052481,0.0
11167,09452400025273,0.0
11136,09433900051047,0.0
11137,09440100000928,0.0
11138,09440200002360,0.0
11171,09453900051049,0.0
11172,09460100000930,0.0
11173,09460300003794,-0.0
11174,09460400005226,0.0
11175,09460500006658,0.0
11176,09460600008090,-0.0
11177,09460700055346,0.0
11178,09461100010954,0.0
11179,09461500018114,0.0
11180,09461700020978,-0.0
11181,09461900046754,0.0
11182,09462100022410,0.0
11183,09462300023842,0.0
11152,09443000031000,0.0
11153,09443300033864,-0.0
11154,09443600049616,0.0
11186,09463500048186,0.0
11187,09463600049618,0.0
11188,09463900051050,-0.0
11189,09470100000931,0.0
11190,09470300003795,0.0
11191,09470600008091,0.0
11192,09470700055347,0.0
11193,09470900009523,-0.0
11194,09471100010955,0.0
11195,09471200013819,0.0
11196,09471300015251,0.0
11197,09471400016683,0.0
11198,09472000042459,0.0
11199,09472400025275,0.0
11169,09453000031001,0.0
11170,09453600049617,0.0
50,00052300022916,0.0
51,00052400024348,0.0
16705,14113500048667,-0.0
53,00053500047260,0.0
54,00053900050124,0.0
55,00054000052988,0.0
16704,14113400058180,-0.0
57,00060400004301,0.0
58,00060700054421,0.0
59,00060800038669,0.0
60,00061100010029,0.0
61,00061500017189,0.0
62,00061900045829,0.0
63,00062400024349,0.0
11184,09462400025274,-0.0
11185,09463000031002,0.0
11202,09473000031003,0.0
11203,09480100000932,0.0
11204,09480700055348,-0.0
11205,09481100010956,0.0
11206,09481400016684,-0.0
11207,09482400025276,0.0
11208,09482800045324,0.0
11209,09483000031004,0.0
11210,09490100000933,0.0
11211,09490400005229,0.0
11212,09490700055349,0.0
11213,09490800039597,0.0
11214,09490900009525,-0.0
11215,09491100010957,0.0
48,00052100021484,0.0
49,00052200051556,0.0
11217,09491400016685,0.0
11218,09492400025277,0.0
11219,09492500026709,-0.0
11220,09492800045325,0.0
11221,09493500048189,0.0
11222,09493800038165,0.0
11223,09494000053917,0.0
11224,09500300003798,-0.0
11225,09500700055350,0.0
11226,09501100010958,0.0
11227,09501200013822,0.0
11228,09501400016686,0.0
11229,09501500018118,0.0
11230,09501700020982,0.0
11231,09501900046758,0.0
11201,09472800045323,0.0
11233,09502400025278,0.0
11234,09502500026710,0.0
16735,14130300004277,0.0
11236,09502700043894,0.0
11237,09502800045326,0.0
11238,09502900029574,0.0
11239,09503400035302,0.0
11240,09503700036734,0.0
11241,09503800038166,0.0
11242,09510300003799,0.0
11243,09510600008095,0.0
11244,09510700055351,-0.0
11245,09510900009527,-0.0
11246,09511100010959,0.0
11247,09511400016687,0.0
11216,09491300015253,0.0
11249,09511900046759,0.0
11250,09512400025279,0.0
11251,09512500026711,0.0
16734,14130100001413,-0.0
11253,09513000031007,0.0
11254,09513400035303,0.0
11255,09513700036735,0.0
11256,09520900009528,-0.0
11257,09521100010960,0.0
11258,09521500018120,0.0
11259,09521600019552,0.0
11260,09521900046760,0.0
11261,09522400025280,-0.0
11262,09522500026712,0.0
16733,14124000054396,-0.0
16732,14123900051532,-0.0
11265,09523800038168,0.0
11266,09532100022417,-0.0
11267,09532200052489,-0.0
11268,09542100022418,-0.0
11269,09543600049626,0.0
11270,09552100022419,-0.0
11271,09552200052491,-0.0
11272,09553600049627,0.0
11273,09560100000940,0.0
11274,09560200002372,0.0
11275,09560300003804,-0.0
11276,09560400005236,0.0
11277,09560500006668,0.0
11278,09560600008100,0.0
11279,09560700055356,0.0
11248,09511500018119,0.0
11281,09561300015260,-0.0
11282,09561400016692,-0.0
11283,09561500018124,0.0
11284,09561600019556,-0.0
11285,09561900046764,0.0
11286,09562000042468,0.0
11287,09562100022420,0.0
11288,09562300023852,0.0
11289,09562400025284,0.0
11290,09562500026716,0.0
11291,09562700043900,0.0
11292,09563000031012,0.0
11293,09563400035308,0.0
11294,09563600049628,0.0
11295,09563800038172,0.0
11264,09522800045328,0.0
11297,09572000042469,0.0
11298,09572900029581,0.0
11299,09581200013830,0.0
11300,09581700020990,0.0
11301,09582000042470,0.0
11302,09591200013831,-0.0
11303,09591700020991,0.0
11304,09592000042471,0.0
11305,09592900029583,0.0
11306,09601200013832,-0.0
11307,09602000042472,0.0
11308,09611200013833,-0.0
11309,09611700020993,0.0
11310,09612000042473,0.0
11311,09621200013834,-0.0
11280,09561200013828,0.0
11313,09630405005243,0.0
11314,09630505006675,0.0
11315,09630905009539,0.0
11316,09631105010971,0.0
11317,09631205013835,0.0
11318,09631405016699,0.0
11319,09631505018131,0.0
11320,09631705020995,0.0
11321,09631905046771,-0.0
11322,09632105022427,0.0
11323,09632205052499,0.0
11324,09632505026723,0.0
11325,09633005031019,0.0
11326,09633605049635,-0.0
11327,09640100000948,0.0
11296,09571200013829,-0.0
11329,09640500006676,0.0
11330,09640600008108,-0.0
11331,09640700055364,-0.0
11332,09641200013836,0.0
11333,09641300015268,0.0
11334,09641400016700,0.0
11335,09641500018132,0.0
11336,09641600019564,-0.0
11337,09641900046772,0.0
11338,09642100022428,0.0
11339,09642300023860,0.0
11340,09642400025292,0.0
11341,09642500026724,0.0
11342,09643000031020,0.0
11343,09643600049636,-0.0
11312,09622000042474,0.0
11345,09650405005245,0.0
11346,09650505006677,0.0
11347,09650605008109,0.0
11348,09650705055365,-0.0
11349,09650905009541,0.0
11350,09651205013837,0.0
16731,14123800038644,-0.0
11352,09651405016701,0.0
11353,09651505018133,0.0
11354,09651705020997,0.0
11355,09652005042477,0.0
11356,09652205052501,0.0
11357,09652305023861,0.0
11358,09652905029589,0.0
11359,09653005031021,0.0
11328,09640400005244,0.0
11361,09654005053933,0.0
11362,09660305003814,-0.0
11363,09660505006678,0.0
11364,09661105010974,0.0
11365,09661305015270,-0.0
11366,09661505018134,0.0
11367,09661905046774,0.0
11368,09662005042478,0.0
11369,09662505026726,0.0
11370,09662805045342,0.0
11371,09663505048206,0.0
11372,09670401005247,0.0
11373,09670501006679,-0.0
11374,09670801039615,0.0
11375,09671301015271,-0.0
11344,09650205002381,0.0
11377,09671601019567,0.0
16730,14123500048668,-0.0
16729,14123300034348,0.0
11380,09672701043911,0.0
11381,09673701036751,0.0
11382,09690100000960,-0.0
11383,09690200002392,-0.0
11384,09690300003824,-0.0
11385,09690300057365,-0.0
11386,09690400005256,-0.0
11387,09690600008120,-0.0
11388,09690700055376,-0.0
11389,09690800039624,-0.0
11390,09690800058265,-0.0
11391,09690900057509,0.0
11360,09653905051069,0.0
11393,09691100010984,-0.0
11394,09691300015280,-0.0
11395,09691400016712,-0.0
11396,09691500018144,0.0
11397,09691600019576,-0.0
11398,09691600057761,-0.0
11399,09691700021008,0.0
11400,09691700057797,-0.0
11401,09691900046784,-0.0
11402,09691900058445,-0.0
11403,09692000042488,0.0
11404,09692000058301,0.0
11405,09692300023872,-0.0
11406,09692500026736,0.0
11407,09692600028168,-0.0
11376,09671401016703,0.0
11409,09692700058373,0.0
11410,09692800045352,-0.0
11411,09692800058409,-0.0
11412,09693000031032,-0.0
11413,09693400035328,-0.0
11414,09693500058481,0.0
11415,09693700036760,-0.0
11416,09693800038192,-0.0
11417,09693800058229,-0.0
11418,09700200002393,0.0
11419,09700300003825,0.0
11420,09700600008121,0.0
11421,09700600057474,0.0
11422,09700700055377,0.0
11423,09700800039625,0.0
11392,09691000012416,-0.0
11425,09701000012417,0.0
11426,09701100010985,0.0
11427,09701200013849,0.0
11428,09701300015281,0.0
11429,09701600019577,-0.0
11430,09701700021009,0.0
11431,09701700057798,0.0
11432,09701900058446,0.0
11433,09702000042489,0.0
11434,09702100022441,0.0
11435,09702200052513,0.0
11436,09702200058626,0.0
11437,09702600028169,0.0
11438,09702700043921,0.0
11439,09702700058374,0.0
11408,09692700043920,0.0
11441,09703000031033,0.0
11442,09703000058050,0.0
11443,09703100032465,0.0
11444,09703400035329,0.0
11445,09703400058158,0.0
11446,09703600049649,0.0
11447,09703800038193,0.0
11448,09703900051081,0.0
11449,09704000053945,0.0
11450,09704000058590,0.0
11451,09710100057295,-0.0
11452,09710200002394,-0.0
11453,09710300003826,-0.0
11454,09710300057367,-0.0
11455,09710400005258,-0.0
11424,09700900009553,0.0
11457,09710600057475,-0.0
11458,09710700055378,-0.0
11459,09710800039626,-0.0
11460,09710800058267,-0.0
11461,09710900057511,0.0
11462,09711000012418,-0.0
11463,09711100010986,-0.0
11464,09711200057619,-0.0
11465,09711300015282,-0.0
11466,09711400057691,-0.0
11467,09711600019578,-0.0
11468,09711600057763,-0.0
11469,09711700021010,-0.0
11470,09711700057799,-0.0
11471,09711900046786,-0.0
11440,09702800045353,0.0
11473,09712000042490,0.0
11474,09712100022442,-0.0
11475,09712400025306,-0.0
11476,09712500026738,0.0
11477,09712700043922,0.0
11478,09712800045354,-0.0
11479,09712800058411,-0.0
11480,09713000031034,-0.0
11481,09713000058051,-0.0
11482,09713100032466,0.0
11483,09713400035330,-0.0
11484,09713500048218,0.0
11485,09713600049650,0.0
11486,09713700036762,-0.0
11487,09713700058195,-0.0
11456,09710600008122,-0.0
11489,09713800058231,-0.0
11490,09713900051082,-0.0
11491,09720100057296,-0.0
11492,09720200002395,-0.0
11493,09720300003827,-0.0
11494,09720300057368,-0.0
11495,09720400005259,-0.0
11496,09720500006691,-0.0
11497,09720600057476,-0.0
11498,09720700055379,0.0
11499,09720800039627,-0.0
11500,09720800058268,-0.0
11501,09720900009555,0.0
11502,09720900057512,0.0
11503,09721000012419,-0.0
11472,09711900058447,-0.0
11505,09721100010987,-0.0
11506,09721300015283,-0.0
11507,09721300057656,-0.0
11508,09721500018147,0.0
11509,09721600057764,-0.0
11510,09721700021011,0.0
11511,09721700057800,-0.0
11512,09721900046787,0.0
11513,09721900058448,0.0
11514,09722000042491,0.0
11515,09722000058304,0.0
11516,09722100022443,-0.0
11517,09722200052515,-0.0
11518,09722400025307,-0.0
11519,09722700043923,0.0
11488,09713800038194,-0.0
11521,09722800058412,-0.0
11522,09723000031035,-0.0
11523,09723000058052,-0.0
11524,09723100032467,0.0
11525,09723300058124,-0.0
11526,09723400035331,-0.0
11527,09723600049651,0.0
11528,09723700036763,-0.0
11529,09723800038195,-0.0
11530,09723800058232,-0.0
11531,09723900051083,-0.0
11532,09730100000964,-0.0
11533,09730100057297,-0.0
11534,09730200002396,-0.0
11535,09730300003828,-0.0
11504,09721000057584,-0.0
11537,09730400005260,-0.0
11538,09730500006692,-0.0
11539,09730600008124,-0.0
11540,09730700055380,-0.0
11541,09730800039628,-0.0
11542,09730800058269,-0.0
11543,09731000012420,-0.0
11544,09731100010988,-0.0
11545,09731100057549,-0.0
11546,09731300015284,-0.0
11547,09731500018148,0.0
11548,09731600057765,-0.0
11549,09731700021012,-0.0
11550,09731700057801,-0.0
11551,09731800041060,-0.0
11520,09722800045355,-0.0
11553,09731900058449,-0.0
11554,09732000042492,0.0
11555,09732100022444,-0.0
11556,09732400025308,-0.0
11557,09732500026740,0.0
11558,09732500057945,0.0
11559,09732700043924,-0.0
11560,09732800045356,-0.0
11561,09732800058413,-0.0
11562,09733100032468,0.0
11563,09733400035332,-0.0
11564,09733500048220,0.0
11565,09733700036764,-0.0
11566,09733800038196,-0.0
11567,09733800058233,-0.0
11536,09730300057369,-0.0
11569,09740200002397,-0.0
11570,09740200057334,-0.0
11571,09740300003829,-0.0
11572,09740400005261,-0.0
11573,09740400057406,-0.0
11574,09740500006693,-0.0
11575,09740600057478,-0.0
11576,09740700055381,-0.0
11577,09740800039629,-0.0
11578,09740900009557,-0.0
11579,09740900057514,-0.0
11580,09741000012421,-0.0
11581,09741100010989,-0.0
11582,09741300015285,-0.0
11583,09741500018149,-0.0
11552,09731900046788,-0.0
11585,09741800041061,-0.0
11586,09741900058450,-0.0
11587,09742000042493,-0.0
11588,09742100022445,-0.0
11589,09742200058630,-0.0
11590,09742300057874,-0.0
11591,09742400025309,-0.0
11592,09742400057910,-0.0
11593,09742500057946,-0.0
11594,09742600057982,-0.0
11595,09742700043925,-0.0
11596,09742800058414,-0.0
11597,09743000031037,-0.0
11598,09743100032469,-0.0
11599,09743300033901,-0.0
11568,09740100000965,-0.0
11601,09743500058486,-0.0
11602,09743600049653,-0.0
11603,09743700036765,-0.0
11604,09743800038197,-0.0
11605,09743900051085,-0.0
11606,09743900058558,-0.0
11607,09744000058594,-0.0
11608,09750100000968,-0.0
11609,09750200002400,-0.0
11610,09750300003832,-0.0
11611,09750400005264,-0.0
11612,09750500006696,-0.0
11613,09750600008128,-0.0
11614,09750700055384,-0.0
11615,09750800039632,-0.0
11584,09741700057802,-0.0
11617,09751400016720,-0.0
11618,09751500018152,-0.0
11619,09751800041064,-0.0
11620,09752000042496,-0.0
11621,09752100022448,-0.0
11622,09752400025312,-0.0
11623,09752500026744,-0.0
11624,09752600028176,-0.0
11625,09752700043928,-0.0
11626,09752800045360,-0.0
11627,09752900029608,-0.0
11628,09753100032472,-0.0
11629,09753200056816,-0.0
11630,09753300033904,-0.0
11631,09753400035336,-0.0
11600,09743400035333,-0.0
11633,09753800038200,-0.0
11634,09760101000969,0.0
11635,09760201002401,0.0
11636,09760301003833,-0.0
11637,09760401005265,-0.0
11638,09760501006697,0.0
11639,09760701055385,0.0
11640,09760801039633,-0.0
11641,09761201013857,-0.0
11642,09761301015289,-0.0
11643,09761501018153,0.0
11644,09761601019585,0.0
11645,09761701021017,-0.0
11646,09761801041065,-0.0
11647,09762001042497,-0.0
11616,09751300015288,-0.0
11649,09762401025313,-0.0
11650,09762501026745,-0.0
11651,09762601028177,-0.0
11652,09762701043929,0.0
11653,09762801045361,0.0
11654,09762901029609,0.0
11655,09763001031041,0.0
11656,09763101032473,-0.0
11657,09763301033905,0.0
11658,09763401035337,0.0
11659,09763601049657,0.0
11660,09763701036769,0.0
11661,09763801038201,0.0
11662,09770100000970,-0.0
11663,09770200002402,-0.0
11632,09753700036768,-0.0
11665,09770400005266,-0.0
11666,09770500006698,-0.0
11667,09770700055386,-0.0
11668,09770800039634,-0.0
11669,09771000012426,-0.0
11670,09771200013858,-0.0
11671,09771300015290,-0.0
11672,09771500018154,-0.0
11673,09771600019586,-0.0
11674,09771700021018,-0.0
11675,09772000042498,-0.0
11676,09772100022450,-0.0
11677,09772200052522,-0.0
11678,09772400025314,-0.0
11679,09772500026746,-0.0
11648,09762101022449,0.0
11681,09772700043930,-0.0
11682,09773000031042,-0.0
11683,09773100032474,-0.0
11684,09773300033906,-0.0
11685,09773400035338,-0.0
11686,09773600049658,-0.0
11687,09773800038202,-0.0
11688,09774000053954,-0.0
11689,09780101000971,0.0
11690,09780201002403,0.0
11691,09780301003835,-0.0
11692,09780401005267,0.0
11693,09780801039635,-0.0
11694,09781001012427,0.0
11695,09781201013859,-0.0
11664,09770300003834,-0.0
11697,09781501018155,0.0
11698,09781601019587,0.0
11699,09781701021019,-0.0
11700,09781801041067,-0.0
11701,09781901046795,0.0
11702,09782001042499,-0.0
11703,09782101022451,0.0
11704,09782301023883,0.0
11705,09782401025315,-0.0
11706,09782501026747,-0.0
11707,09782601028179,-0.0
11708,09782701043931,0.0
11709,09782901029611,0.0
11710,09783001031043,0.0
11711,09783101032475,-0.0
11680,09772600028178,-0.0
11713,09783401035339,0.0
11714,09783601049659,0.0
11715,09783801038203,0.0
11716,09783901051091,0.0
11717,09790100000972,-0.0
11718,09790200002404,-0.0
11719,09790400005268,-0.0
11720,09790700055388,-0.0
11721,09790800039636,-0.0
11722,09790900009564,0.0
11723,09791000012428,-0.0
11724,09791200013860,-0.0
11725,09791300015292,-0.0
11726,09791500018156,-0.0
11727,09791600019588,-0.0
11696,09781301015291,-0.0
11729,09791800041068,-0.0
11730,09792000042500,-0.0
11731,09792100022452,-0.0
11732,09792200052524,-0.0
11733,09792300023884,-0.0
11734,09792400025316,-0.0
11735,09792500026748,-0.0
11736,09792600028180,-0.0
11737,09792800045364,-0.0
11738,09793000031044,-0.0
11739,09793100032476,-0.0
11740,09793400035340,-0.0
11741,09793600049660,-0.0
11742,09793900051092,-0.0
11743,09794000053956,-0.0
11712,09783201056819,0.0
11745,09800301003837,-0.0
11746,09800401005269,-0.0
11747,09800701055389,0.0
11748,09800801039637,-0.0
11749,09800901009565,0.0
11750,09801001012429,0.0
11751,09801201013861,-0.0
11752,09801401016725,-0.0
11753,09801501018157,0.0
11754,09801601019589,0.0
11755,09801701021021,-0.0
11756,09801801041069,-0.0
11757,09801901046797,0.0
11758,09802001042501,-0.0
11759,09802301023885,0.0
11728,09791700021020,-0.0
11761,09802501026749,-0.0
11762,09802601028181,-0.0
11763,09802701043933,0.0
11764,09802901029613,0.0
11765,09803001031045,0.0
11766,09803101032477,-0.0
11767,09803201056821,0.0
11768,09803501048229,0.0
11769,09803901051093,0.0
11770,09804001053957,0.0
11771,09810100000966,-0.0
11772,09810200002398,-0.0
11773,09810300003830,-0.0
11774,09810400005262,-0.0
11775,09810500006694,-0.0
11744,09800201002405,0.0
11776,09810600008126,-0.0
11777,09810700055382,-0.0
11778,09810800039630,-0.0
11779,09811100010990,-0.0
11780,09811300015286,-0.0
11781,09811500018150,-0.0
11782,09811800041062,-0.0
11783,09811900046790,-0.0
11785,09812100022446,-0.0
11786,09812300023878,-0.0
11787,09812400025310,-0.0
11788,09812500026742,-0.0
11789,09812600028174,-0.0
11790,09812700043926,-0.0
11791,09812800045358,-0.0
11760,09802401025317,-0.0
11823,09823900051087,-0.0
11792,09813100032470,-0.0
11793,09813200056814,-0.0
11794,09813300033902,-0.0
11795,09813400035334,-0.0
11796,09813500048222,-0.0
11797,09813600049654,-0.0
11798,09813800038198,-0.0
11799,09813900051086,-0.0
11800,09820100000967,-0.0
11801,09820200002399,-0.0
11802,09820300003831,-0.0
11803,09820700055383,-0.0
11804,09820800039631,-0.0
11805,09821100010991,-0.0
11807,09821400016719,-0.0
11839,09832600028182,-0.0
11808,09821500018151,-0.0
11809,09821800041063,-0.0
11810,09822000042495,-0.0
11811,09822100022447,-0.0
11812,09822400025311,-0.0
11813,09822500026743,-0.0
11814,09822700043927,-0.0
11815,09822800045359,-0.0
11816,09823000031039,-0.0
11817,09823100032471,-0.0
11818,09823200056815,-0.0
11819,09823300033903,-0.0
11820,09823400035335,-0.0
11821,09823700036767,-0.0
11822,09823800038199,-0.0
11855,09841100010999,-0.0
11824,09830200002406,-0.0
11825,09830700055390,0.0
11826,09830800039638,-0.0
11827,09830900009566,0.0
11828,09831100010998,-0.0
11829,09831200013862,-0.0
11830,09831500018158,-0.0
11831,09831600019590,-0.0
11832,09831700021022,-0.0
11833,09831800041070,-0.0
11834,09831900046798,-0.0
11835,09832000042502,-0.0
11836,09832200052526,-0.0
11837,09832400025318,-0.0
11838,09832500026750,-0.0
11871,09843200056823,-0.0
11840,09832800045366,-0.0
11841,09832900029614,-0.0
11842,09833000031046,-0.0
11843,09833100032478,-0.0
11844,09833200056822,-0.0
11845,09833400035342,-0.0
11846,09833600049662,-0.0
11847,09833900051094,-0.0
11848,09834000053958,-0.0
11849,09840200002407,-0.0
11850,09840300003839,-0.0
11851,09840500006703,-0.0
11852,09840600008135,-0.0
11853,09840800039639,-0.0
11854,09840900009567,0.0
11887,09851900046800,-0.0
11856,09841500018159,-0.0
11857,09841600019591,-0.0
11858,09841800041071,-0.0
11859,09841900046799,-0.0
11860,09842000042503,-0.0
11861,09842200052527,-0.0
11862,09842300023887,0.0
11863,09842400025319,-0.0
11864,09842500026751,-0.0
11865,09842600028183,-0.0
11866,09842700043935,-0.0
11867,09842800045367,-0.0
11868,09842900029615,-0.0
11869,09843000031047,-0.0
11870,09843100032479,-0.0
11903,09860100000977,0.0
11872,09843500048231,-0.0
11873,09843600049663,-0.0
11874,09843700036775,-0.0
11875,09844000053959,-0.0
11876,09850300003840,-0.0
11877,09850500006704,-0.0
11878,09850600008136,-0.0
11879,09850700055392,0.0
11880,09850800039640,-0.0
11881,09850900009568,0.0
11882,09851100011000,0.0
11883,09851500018160,-0.0
11884,09851600019592,-0.0
11885,09851700021024,-0.0
11886,09851800041072,-0.0
11919,09862300023889,0.0
11888,09852000042504,-0.0
11889,09852100022456,-0.0
11890,09852200052528,0.0
11891,09852400025320,-0.0
11892,09852500026752,-0.0
11893,09852600028184,-0.0
11894,09852700043936,-0.0
11895,09852900029616,0.0
11896,09853100032480,-0.0
11897,09853200056824,0.0
11898,09853400035344,-0.0
11899,09853700036776,-0.0
11900,09853800038208,-0.0
11901,09853900051096,-0.0
11902,09854000053960,-0.0
11935,09870100000978,0.0
11904,09860200002409,-0.0
11905,09860300003841,-0.0
11906,09860500006705,-0.0
11907,09860600008137,-0.0
11908,09860700055393,0.0
11909,09860800039641,-0.0
11910,09860900009569,0.0
11911,09861300015297,-0.0
11912,09861500018161,-0.0
11913,09861600019593,-0.0
11914,09861700021025,-0.0
11915,09861800041073,-0.0
11916,09861900046801,-0.0
11917,09862000042505,-0.0
11918,09862100022457,-0.0
11951,09872400025322,-0.0
11920,09862400025321,-0.0
11921,09862500026753,-0.0
11922,09862600028185,-0.0
11923,09862700043937,-0.0
11924,09862800045369,0.0
11925,09862900029617,-0.0
11926,09863000031049,-0.0
11927,09863100032481,-0.0
11928,09863200056825,0.0
11929,09863400035345,-0.0
11930,09863500048233,-0.0
11931,09863600049665,0.0
11932,09863700036777,-0.0
11933,09863800038209,-0.0
11934,09863900051097,-0.0
11967,09880200002411,-0.0
11936,09870400005274,-0.0
11937,09870500006706,-0.0
11938,09870600008138,-0.0
11939,09870700055394,0.0
11940,09870800039642,-0.0
11941,09870900009570,0.0
11942,09871300015298,-0.0
11943,09871500018162,-0.0
11944,09871600019594,-0.0
11945,09871700021026,-0.0
11946,09871900046802,-0.0
11947,09872000042506,-0.0
11948,09872100022458,-0.0
11949,09872200052530,0.0
11950,09872300023890,0.0
11983,09882500026755,0.0
11952,09872500026754,-0.0
11953,09872600028186,-0.0
11954,09872700043938,-0.0
11955,09872800045370,0.0
11956,09873100032482,-0.0
11957,09873200056826,0.0
11958,09873300033914,-0.0
11959,09873400035346,-0.0
11960,09873500048234,-0.0
11961,09873600049666,0.0
11962,09873700036778,-0.0
11963,09873800038210,-0.0
11964,09873900051098,-0.0
11965,09874000053962,-0.0
11966,09880100000979,0.0
11999,09890900009572,-0.0
11968,09880400005275,-0.0
11969,09880700055395,0.0
11970,09880800039643,-0.0
11971,09880900009571,0.0
11972,09881200013867,-0.0
11973,09881300015299,-0.0
11974,09881400016731,-0.0
11975,09881500018163,-0.0
11976,09881600019595,-0.0
11977,09881700021027,-0.0
11978,09881800041075,-0.0
11979,09881900046803,-0.0
11980,09882000042507,-0.0
11981,09882300023891,0.0
11982,09882400025323,-0.0
16728,14123100032916,0.0
11984,09882600028187,-0.0
11985,09882800045371,0.0
11986,09883000031051,0.0
11987,09883100032483,-0.0
11988,09883200056827,0.0
11989,09883300033915,-0.0
11990,09883400035347,-0.0
11991,09883500048235,-0.0
11992,09883600049667,0.0
11993,09883800038211,-0.0
11994,09883900051099,-0.0
11995,09890100000980,0.0
11996,09890400005276,0.0
11997,09890700055396,0.0
11998,09890800039644,0.0
12030,09901701021029,-0.0
12031,09901801041077,-0.0
12000,09891200013868,-0.0
12002,09891400016732,-0.0
12003,09891500018164,0.0
12004,09891600019596,0.0
12005,09891700021028,-0.0
12006,09891800041076,-0.0
12007,09891900046804,0.0
12008,09892100022460,0.0
12009,09892200052532,0.0
12010,09892300023892,0.0
12011,09892500026756,0.0
12012,09892700043940,-0.0
12013,09892800045372,0.0
12014,09893000031052,0.0
12046,09903701036781,0.0
12047,09903801038213,0.0
12016,09893500048236,0.0
12017,09893600049668,0.0
12018,09893700036780,-0.0
12019,09893800038212,-0.0
12020,09893900051100,0.0
12021,09894000053964,0.0
12022,09900101000981,0.0
12023,09900201002413,0.0
12024,09900401005277,0.0
12025,09900901009573,0.0
12026,09901201013869,-0.0
16727,14122900030052,-0.0
12028,09901401016733,-0.0
12029,09901501018165,0.0
12062,09912400025326,0.0
12063,09912500026758,0.0
12032,09901901046805,0.0
12033,09902001042509,0.0
12034,09902301023893,0.0
12035,09902501026757,0.0
16726,14122800045804,-0.0
12037,09902701043941,0.0
12038,09902801045373,0.0
12039,09903001031053,0.0
12040,09903101032485,0.0
12041,09903201056829,0.0
12042,09903301033917,0.0
12043,09903401035349,0.0
12044,09903501048237,0.0
12045,09903601049669,0.0
12078,09920801039647,0.0
12079,09921201013871,0.0
12048,09903901051101,0.0
12049,09910100000982,0.0
12050,09910300003846,-0.0
12051,09910400005278,0.0
12052,09910800039646,0.0
12053,09910900009574,-0.0
12054,09911200013870,-0.0
12055,09911300015302,-0.0
12056,09911400016734,-0.0
12057,09911500018166,0.0
12058,09911600019598,0.0
12059,09911700021030,-0.0
12060,09911800041078,-0.0
12061,09912000042510,-0.0
12094,09923001031055,0.0
12095,09923101032487,0.0
12064,09912600028190,-0.0
12065,09912700043942,-0.0
12066,09912800045374,0.0
12067,09913000031054,0.0
12068,09913300033918,-0.0
12069,09913600049670,0.0
12070,09913700036782,-0.0
12071,09913800038214,-0.0
12072,09913900051102,0.0
12073,09920101000983,0.0
12074,09920301003847,0.0
12075,09920401005279,0.0
12076,09920601008143,0.0
12077,09920701055399,0.0
12109,09931100011008,0.0
12110,09931200013872,-0.0
16725,14122700044372,-0.0
12081,09921401016735,-0.0
12082,09921501018167,0.0
12083,09921601019599,0.0
12084,09921801041079,-0.0
12085,09921901046807,0.0
12086,09922001042511,0.0
12087,09922301023895,0.0
12088,09922401025327,0.0
12089,09922501026759,0.0
12090,09922601028191,0.0
12091,09922701043943,0.0
12092,09922801045375,0.0
12093,09922901029623,0.0
12125,09933300033920,-0.0
12126,09933400035352,-0.0
12127,09933600049672,0.0
12096,09923301033919,0.0
12097,09923401035351,0.0
12098,09923501048239,0.0
12099,09923601049671,0.0
12100,09923701036783,0.0
12101,09923801038215,0.0
12102,09923901051103,0.0
12103,09930100000984,0.0
12104,09930400005280,0.0
12105,09930600008144,-0.0
12106,09930800039648,0.0
12107,09930900009576,-0.0
12108,09931000012440,-0.0
12141,09941301015305,0.0
12142,09941501018169,0.0
12143,09941601019601,0.0
12112,09931400016736,-0.0
12113,09931500018168,0.0
12114,09931600019600,0.0
12115,09931700021032,-0.0
12116,09932000042512,0.0
12117,09932200052536,0.0
12118,09932400025328,0.0
12119,09932500026760,0.0
12120,09932600028192,-0.0
12121,09932700043944,-0.0
12122,09932800045376,0.0
12123,09932900029624,-0.0
12124,09933000031056,0.0
12157,09943301033921,0.0
12158,09943401035353,0.0
12159,09943501048241,0.0
12128,09933700036784,-0.0
12129,09933800038216,-0.0
12130,09933900051104,0.0
12131,09940101000985,0.0
12132,09940301003849,0.0
12133,09940401005281,0.0
12134,09940501006713,0.0
12135,09940601008145,0.0
12136,09940701055401,0.0
12137,09940901009577,0.0
12138,09941001012441,0.0
12139,09941101011009,0.0
12140,09941201013873,0.0
12173,09951500018170,-0.0
12174,09951600019602,-0.0
12175,09951700021034,-0.0
12144,09941801041081,-0.0
12145,09941901046809,0.0
12146,09942001042513,0.0
12147,09942101022465,0.0
12148,09942201052537,0.0
12149,09942301023897,0.0
12150,09942401025329,0.0
12151,09942501026761,0.0
16724,14122400025756,-0.0
12153,09942801045377,0.0
12154,09943001031057,0.0
12155,09943101032489,0.0
12156,09943201056833,0.0
12189,09953700036786,-0.0
12190,09953800038218,-0.0
12191,09960400005283,-0.0
12160,09943601049673,0.0
12161,09943701036785,0.0
12162,09943801038217,0.0
12163,09950100000986,0.0
12164,09950400005282,0.0
12165,09950500006714,-0.0
12166,09950600008146,-0.0
12167,09950700055402,0.0
12168,09950800039650,-0.0
12169,09951000012442,-0.0
12170,09951100011010,0.0
12171,09951200013874,-0.0
12172,09951300015306,-0.0
12205,09962500026763,0.0
12206,09962900029627,-0.0
12207,09963000031059,0.0
12176,09952000042514,-0.0
12177,09952100022466,0.0
12178,09952200052538,0.0
12179,09952300023898,0.0
12180,09952400025330,-0.0
12181,09952500026762,0.0
12182,09952600028194,-0.0
12183,09952700043946,-0.0
12184,09952900029626,-0.0
12185,09953000031058,0.0
12186,09953200056834,0.0
12187,09953300033922,-0.0
12188,09953400035354,-0.0
12221,09970900009580,-0.0
12222,09971000012444,-0.0
12223,09971100011012,0.0
12192,09960600008147,-0.0
12193,09960700055403,0.0
12194,09960900009579,0.0
12195,09961000012443,-0.0
12196,09961100011011,0.0
12197,09961200013875,-0.0
12198,09961500018171,0.0
12199,09961800041083,-0.0
12200,09962000042515,-0.0
12201,09962100022467,0.0
12202,09962200052539,0.0
12203,09962300023899,0.0
12204,09962400025331,-0.0
12237,09973000031060,0.0
12238,09973200056836,-0.0
12239,09973300033924,-0.0
12208,09963100032491,0.0
12209,09963200056835,0.0
12210,09963300033923,-0.0
12211,09963400035355,-0.0
12212,09963700036787,-0.0
12213,09963800038219,-0.0
12214,09963900051107,0.0
12215,09970200002420,-0.0
12216,09970400005284,0.0
12217,09970500006716,-0.0
12218,09970600008148,-0.0
12219,09970700055404,0.0
12220,09970800039652,-0.0
12253,09981700021037,-0.0
12254,09981900046813,0.0
12255,09982100022469,0.0
12224,09971200013876,-0.0
12225,09971500018172,0.0
12226,09971600019604,-0.0
12227,09971700021036,-0.0
12228,09972000042516,-0.0
12229,09972200052540,0.0
12230,09972300023900,0.0
12231,09972400025332,-0.0
12232,09972500026764,0.0
12233,09972600028196,-0.0
12234,09972700043948,-0.0
12235,09972800045380,0.0
12236,09972900029628,-0.0
12269,09990200002422,-0.0
12270,09990300003854,-0.0
12271,09990400005286,0.0
12240,09973400035356,-0.0
12241,09973700036788,-0.0
12242,09973800038220,-0.0
12243,09973900051108,0.0
12244,09980200002421,-0.0
12245,09980400005285,0.0
12246,09980500006717,-0.0
12247,09980600008149,-0.0
12248,09980700055405,0.0
12249,09980900009581,-0.0
12250,09981000012445,-0.0
12251,09981100011013,0.0
12252,09981500018173,0.0
12285,09992400025334,0.0
12286,09992500026766,0.0
12287,09992600028198,-0.0
12256,09982200052541,0.0
12257,09982400025333,-0.0
12258,09982600028197,-0.0
12259,09982800045381,0.0
12260,09982900029629,-0.0
12261,09983000031061,0.0
12262,09983100032493,0.0
12263,09983200056837,-0.0
12264,09983300033925,-0.0
12265,09983400035357,-0.0
12266,09983500048245,0.0
12267,09983900051109,0.0
12268,09990100000990,0.0
12301,10001400016743,-0.0
12302,10001500018175,0.0
12303,10001600019607,-0.0
12272,09990500006718,-0.0
12273,09990600008150,-0.0
12274,09990700055406,0.0
12275,09991000012446,-0.0
12276,09991100011014,0.0
12277,09991200013878,-0.0
12278,09991400016742,-0.0
12279,09991500018174,0.0
12280,09991600019606,-0.0
12281,09991700021038,-0.0
12282,09992100022470,0.0
12283,09992200052542,0.0
12284,09992300023902,0.0
12317,10004000053975,0.0
12318,10010100000992,0.0
12319,10010300003856,-0.0
12288,09992900029630,-0.0
12289,09993000031062,0.0
12290,09993200056838,-0.0
12291,09993500048246,0.0
12292,09993600049678,0.0
12293,09993900051110,0.0
12294,10000200002423,-0.0
12295,10000300003855,-0.0
12296,10000400005287,0.0
12297,10000500006719,-0.0
12298,10000600008151,-0.0
12299,10000700055407,0.0
12300,10001000012447,-0.0
12333,10012300023904,-0.0
12334,10012400025336,0.0
12335,10012500026768,0.0
12304,10001700021039,-0.0
12305,10001800041087,-0.0
12306,10002000042519,-0.0
12307,10002100022471,0.0
12308,10002200052543,0.0
12309,10002300023903,0.0
12310,10002400025335,0.0
12311,10002500026767,0.0
12312,10002600028199,-0.0
12313,10002900029631,-0.0
12314,10003000031063,0.0
12315,10003600049679,0.0
12316,10003900051111,0.0
12349,10020400005289,0.0
12350,10020500006721,-0.0
12351,10020600008153,-0.0
12320,10010400005288,0.0
12321,10010500006720,-0.0
12322,10010600008152,-0.0
12323,10010700055408,0.0
12324,10011100011016,0.0
12325,10011200013880,-0.0
12326,10011400016744,-0.0
12327,10011500018176,0.0
12328,10011600019608,0.0
12329,10011800041088,-0.0
12330,10011900046816,0.0
12331,10012000042520,-0.0
12332,10012200052544,0.0
12365,10022400025337,0.0
12366,10022500026769,0.0
12367,10022600028201,-0.0
12336,10012600028200,-0.0
12337,10012800045384,0.0
12338,10012900029632,-0.0
12339,10013000031064,0.0
12340,10013100032496,-0.0
12341,10013200056840,0.0
12342,10013400035360,-0.0
12343,10013500048248,0.0
12344,10013600049680,0.0
12345,10013900051112,0.0
12346,10014000053976,0.0
12347,10020100000993,0.0
12348,10020300003857,-0.0
12380,10030500006722,-0.0
12381,10030600008154,-0.0
12382,10030800039658,-0.0
12383,10030900009586,-0.0
12352,10020700055409,0.0
12353,10020900009585,-0.0
12354,10021000012449,-0.0
12355,10021100011017,0.0
12356,10021200013881,-0.0
12358,10021500018177,0.0
12359,10021600019609,-0.0
12360,10021700021041,-0.0
12361,10021800041089,-0.0
12362,10021900046817,0.0
12363,10022100022473,0.0
12364,10022200052545,0.0
12396,10032600028202,-0.0
12397,10032700043954,-0.0
12398,10032800045386,0.0
12399,10032900029634,-0.0
12368,10022800045385,0.0
12369,10022900029633,-0.0
12370,10023000031065,0.0
12371,10023200056841,0.0
12372,10023400035361,-0.0
12373,10023500048249,0.0
12374,10023600049681,0.0
12375,10023900051113,0.0
12376,10024000053977,0.0
12377,10030100000994,0.0
12378,10030300003858,0.0
12379,10030400005290,0.0
12411,10041500018179,0.0
12412,10041600019611,0.0
12413,10041700021043,-0.0
12414,10041800041091,-0.0
12415,10041900046819,0.0
12384,10031100011018,0.0
12385,10031200013882,-0.0
12387,10031500018178,0.0
12388,10031800041090,-0.0
12389,10031900046818,0.0
12390,10032000042522,0.0
12391,10032100022474,0.0
12392,10032200052546,0.0
12393,10032300023906,-0.0
12394,10032400025338,0.0
12395,10032500026770,0.0
12426,10043600049683,0.0
12427,10044000053979,0.0
12428,10050200002428,-0.0
12429,10050300003860,0.0
12430,10050400005292,0.0
12431,10050600008156,-0.0
12400,10033100032498,-0.0
12401,10033400035362,-0.0
12402,10033600049682,0.0
12403,10033900051114,0.0
12404,10034000053978,0.0
12405,10040400005291,0.0
12406,10040900009587,-0.0
12407,10041000012451,-0.0
12408,10041100011019,0.0
12409,10041200013883,-0.0
12442,10052500026772,0.0
12443,10052600028204,-0.0
12444,10052700043956,-0.0
12445,10052800045388,0.0
12446,10053100032500,0.0
12447,10053200056844,0.0
12416,10042000042523,0.0
12417,10042100022475,0.0
12418,10042400025339,0.0
12419,10042500026771,0.0
12420,10042600028203,-0.0
12421,10042700043955,-0.0
12422,10042800045387,0.0
12423,10043200056843,0.0
12424,10043400035363,-0.0
12425,10043500048251,0.0
12458,10061000012453,-0.0
12459,10061100011021,0.0
12460,10061200013885,-0.0
12461,10061300015317,-0.0
12462,10061400016749,-0.0
12463,10061500018181,0.0
12432,10050700055412,0.0
12433,10050900009588,-0.0
12434,10051100011020,0.0
12435,10051500018180,0.0
12436,10051600019612,0.0
12437,10051800041092,-0.0
12438,10051900046820,0.0
12439,10052000042524,0.0
12440,10052300023908,-0.0
12441,10052400025340,0.0
12474,10063200056845,0.0
12475,10063400035365,-0.0
12476,10063500048253,0.0
12477,10064000053981,0.0
12478,10070200002430,0.0
12479,10070300003862,0.0
12448,10053400035364,-0.0
12449,10053500048252,0.0
12450,10053600049684,0.0
12451,10053900051116,0.0
12452,10054000053980,0.0
12453,10060200002429,-0.0
12454,10060300003861,0.0
12455,10060400005293,0.0
12456,10060700055413,0.0
12457,10060900009589,-0.0
12490,10071600019614,0.0
12491,10071800041094,0.0
12492,10071900046822,0.0
16723,14122300024324,-0.0
12494,10072200052550,-0.0
12495,10072300023910,-0.0
12464,10061600019613,0.0
12465,10061700021045,0.0
12466,10061800041093,-0.0
12467,10061900046821,0.0
12468,10062000042525,0.0
12469,10062100022477,0.0
12470,10062400025341,0.0
12471,10062500026773,0.0
12472,10062700043957,-0.0
12473,10062800045389,0.0
12506,10080200002431,0.0
12507,10080300003863,0.0
12508,10080400005295,0.0
12509,10080600008159,0.0
12510,10080700055415,0.0
12511,10080800039663,0.0
12480,10070400005294,0.0
12481,10070600008158,0.0
12482,10070700055414,0.0
12483,10070900009590,-0.0
12484,10071000012454,0.0
12485,10071100011022,0.0
12486,10071200013886,-0.0
12487,10071300015318,0.0
12488,10071400016750,0.0
12489,10071500018182,0.0
12522,10082600028207,0.0
12523,10082800045391,-0.0
12524,10082900029639,0.0
12525,10083000031071,0.0
12526,10083100032503,0.0
12527,10083200056847,0.0
12496,10072400025342,0.0
12497,10072500026774,0.0
12498,10072800045390,-0.0
12499,10073100032502,0.0
12500,10073200056846,0.0
12501,10073300033934,0.0
12502,10073500048254,0.0
12503,10073600049686,0.0
12504,10073900051118,0.0
12505,10074000053982,0.0
12538,10090900009592,-0.0
12539,10091000012456,0.0
12540,10091100011024,0.0
12541,10091200013888,0.0
12542,10091300015320,0.0
12543,10091400016752,0.0
12512,10081100011023,0.0
12513,10081200013887,-0.0
12514,10081300015319,0.0
12515,10081500018183,0.0
12516,10081600019615,0.0
12517,10081700021047,0.0
12518,10081800041095,0.0
12519,10082100022479,0.0
12520,10082200052551,-0.0
12521,10082500026775,0.0
12554,10093700036800,0.0
12555,10093800038232,0.0
12556,10100200002433,0.0
12557,10100300003865,0.0
12558,10100400005297,0.0
12559,10100500006729,0.0
12528,10083300033935,-0.0
12529,10083500048255,-0.0
12530,10083600049687,0.0
12531,10083800038231,0.0
12532,10083900051119,0.0
12533,10090200002432,0.0
12534,10090300003864,0.0
12535,10090400005296,0.0
12536,10090600008160,0.0
12537,10090700055416,-0.0
12570,10102200052553,-0.0
12571,10102600028209,0.0
12572,10103100032505,0.0
12573,10103200056849,0.0
12574,10103300033937,0.0
12575,10103500048257,-0.0
12544,10091800041096,-0.0
12545,10091900046824,0.0
12546,10092300023912,-0.0
12547,10092600028208,0.0
12548,10092700043960,0.0
12549,10092800045392,-0.0
12550,10093000031072,0.0
12551,10093200056848,0.0
12552,10093500048256,0.0
12553,10093600049688,0.0
12586,10110900009594,-0.0
12587,10111000012458,0.0
12588,10111100011026,0.0
12589,10111200013890,0.0
12590,10111400016754,0.0
12591,10111800041098,0.0
12560,10100600008161,0.0
12561,10101000012457,0.0
12562,10101100011025,0.0
12563,10101200013889,0.0
12564,10101300015321,0.0
12565,10101500018185,0.0
12566,10101600019617,0.0
12567,10101700021049,0.0
12568,10101800041097,0.0
12569,10101900046825,0.0
12602,10113900051122,-0.0
12603,10120100001003,-0.0
12604,10120200002435,0.0
12605,10120300003867,0.0
12606,10120400005299,0.0
12607,10120500006731,0.0
12576,10103600049689,0.0
12577,10103700036801,0.0
12578,10103800038233,0.0
12579,10104000053985,-0.0
12580,10110100001002,0.0
12581,10110200002434,0.0
12582,10110400005298,0.0
12583,10110500006730,0.0
12584,10110700055418,-0.0
12585,10110800039666,0.0
12618,10122300023915,-0.0
12619,10122500026779,0.0
16722,14122100022892,0.0
16689,14112300024323,-0.0
12622,10123000031075,0.0
12623,10123100032507,0.0
12592,10111900046826,0.0
12593,10112200052554,-0.0
12594,10112300023914,0.0
16688,14112100022891,-0.0
16719,14121100011436,-0.0
12597,10112800045394,-0.0
12598,10113100032506,0.0
12599,10113200056850,0.0
12600,10113500048258,0.0
12601,10113800038234,0.0
12634,10130800039668,0.0
12635,10130900009596,0.0
12636,10131000012460,0.0
12637,10131100011028,0.0
12638,10131200013892,0.0
12639,10132000042532,0.0
12608,10120600008163,0.0
12609,10120800039667,0.0
12610,10120900009595,-0.0
12611,10121000012459,0.0
12612,10121200013891,0.0
12613,10121300015323,0.0
12614,10121500018187,0.0
12615,10121600019619,0.0
12616,10121800041099,0.0
12617,10122200052555,-0.0
12650,10133400035372,0.0
12651,10133500048260,0.0
12652,10133700036804,0.0
12653,10133800038236,0.0
12654,10133900051124,-0.0
12655,10134000053988,0.0
12624,10123400035371,0.0
12625,10123500048259,-0.0
12626,10123600049691,-0.0
12627,10123700036803,0.0
12628,10124000053987,-0.0
12629,10130100001004,0.0
12630,10130200002436,0.0
12631,10130400005300,0.0
12632,10130600008164,0.0
12633,10130700055420,-0.0
12666,10141101011029,0.0
12667,10141201013893,0.0
12668,10141301015325,0.0
12669,10141801041101,0.0
12670,10141901046829,0.0
12671,10142001042533,0.0
12640,10132200052556,-0.0
12641,10132300023916,-0.0
12642,10132400025348,0.0
12643,10132500026780,0.0
12644,10132600028212,0.0
12645,10132700043964,0.0
12646,10132800045396,-0.0
12647,10133000031076,0.0
12648,10133100032508,0.0
12649,10133200056852,0.0
12682,10143201056853,0.0
12683,10143601049693,0.0
12684,10143801038237,0.0
12685,10144001053989,0.0
12686,10150100001006,0.0
12687,10150200002438,0.0
12656,10140101001005,0.0
12657,10140201002437,0.0
12658,10140301003869,0.0
12659,10140401005301,0.0
12660,10140501006733,0.0
12661,10140601008165,0.0
16864,14313000031503,-0.0
12663,10140801039669,0.0
12664,10140901009597,0.0
12665,10141001012461,0.0
12698,10152400025350,0.0
12699,10152500026782,0.0
12700,10152600028214,0.0
12701,10152700043966,0.0
12702,10152800045398,-0.0
12703,10153000031078,0.0
12672,10142101022485,0.0
12673,10142201052557,0.0
12674,10142301023917,0.0
12675,10142401025349,0.0
12676,10142501026781,0.0
12677,10142601028213,0.0
12678,10142701043965,0.0
12679,10142801045397,0.0
12680,10143001031077,0.0
12681,10143101032509,0.0
12714,10160501006735,0.0
12715,10160601008167,0.0
12716,10160801039671,0.0
12717,10160901009599,0.0
12718,10161001012463,0.0
12719,10161101011031,0.0
12688,10150400005302,0.0
12689,10150500006734,0.0
12690,10150600008166,0.0
12691,10150800039670,0.0
12692,10150900009598,0.0
12693,10151000012462,0.0
12694,10151100011030,0.0
12695,10152000042534,0.0
12696,10152100022486,0.0
12697,10152300023918,0.0
12730,10163101032511,0.0
12731,10163201056855,0.0
12732,10163401035375,0.0
12733,10163601049695,0.0
12734,10163801038239,0.0
12735,10170100001008,-0.0
12704,10153100032510,0.0
12705,10153200056854,0.0
12706,10153400035374,0.0
12707,10153600049694,-0.0
12708,10153800038238,0.0
12709,10153900051126,-0.0
12710,10160101001007,0.0
12711,10160201002439,0.0
12712,10160301003871,0.0
12713,10160401005303,0.0
12746,10171900046832,0.0
12747,10172000042536,0.0
12748,10172100022488,0.0
12749,10172200052560,-0.0
12750,10172400025352,0.0
12751,10172500026784,0.0
12720,10161801041103,0.0
12721,10161901046831,0.0
12722,10162001042535,0.0
12723,10162101022487,0.0
12724,10162401025351,0.0
12725,10162501026783,0.0
12726,10162601028215,0.0
12727,10162701043967,0.0
12728,10162801045399,0.0
12729,10163001031079,0.0
12762,10180301003873,0.0
12763,10180501006737,0.0
12764,10180601008169,0.0
12765,10180801039673,0.0
12766,10181501018193,0.0
12767,10181801041105,0.0
12736,10170300003872,0.0
12737,10170400005304,0.0
12738,10170500006736,0.0
12739,10170600008168,0.0
12740,10170700055424,-0.0
12741,10170800039672,0.0
12742,10170900009600,0.0
12743,10171000012464,0.0
12744,10171100011032,0.0
12745,10171800041104,0.0
12778,10183501048265,0.0
12779,10183601049697,0.0
12780,10183901051129,0.0
12781,10190100001010,0.0
12782,10190300003874,0.0
12783,10190400005306,0.0
12752,10172600028216,0.0
12753,10172700043968,0.0
12754,10172800045400,0.0
12755,10173000031080,0.0
12756,10173100032512,0.0
12757,10173400035376,0.0
12758,10173600049696,-0.0
12759,10173700036808,0.0
12760,10173800038240,0.0
12761,10180201002441,0.0
12794,10192900029650,0.0
12795,10193200056858,0.0
12796,10193400035378,0.0
12797,10193500048266,0.0
12798,10200100001011,-0.0
12799,10200200002443,0.0
12768,10181901046833,0.0
12769,10182001042537,0.0
12770,10182101022489,0.0
12771,10182201052561,0.0
12772,10182301023921,0.0
12773,10182401025353,0.0
12774,10182501026785,0.0
12775,10182901029649,0.0
12776,10183101032513,0.0
12777,10183401035377,0.0
12810,10202600028219,0.0
12811,10202700043971,0.0
12812,10202800045403,-0.0
12813,10203000031083,0.0
12814,10203400035379,0.0
12815,10203500048267,-0.0
12784,10190500006738,0.0
12785,10190600008170,0.0
12786,10190800039674,0.0
12787,10191100011034,0.0
12788,10191700021058,0.0
12789,10191900046834,0.0
12790,10192000042538,0.0
12791,10192100022490,0.0
12792,10192300023922,0.0
12793,10192700043970,0.0
12826,10211600019628,0.0
12827,10211700021060,0.0
12828,10211800041108,0.0
12829,10212000042540,0.0
12830,10212100022492,0.0
12831,10212200052564,-0.0
12800,10200400005307,0.0
12801,10200500006739,0.0
12802,10200600008171,0.0
12803,10200800039675,0.0
12804,10201800041107,0.0
12805,10201900046835,0.0
12806,10202000042539,0.0
12807,10202300023923,-0.0
12808,10202400025355,0.0
12809,10202500026787,0.0
12842,10213900051132,-0.0
12843,10220100001013,-0.0
12844,10220200002445,0.0
12845,10220300003877,0.0
12846,10220400005309,0.0
12847,10220500006741,0.0
12816,10203700036811,0.0
12817,10203900051131,-0.0
12818,10204000053995,-0.0
12819,10210100001012,0.0
12820,10210200002444,0.0
12821,10210300003876,-0.0
12822,10210400005308,0.0
12823,10210500006740,0.0
12824,10210800039676,0.0
12825,10211400016764,0.0
12858,10222600028221,0.0
12859,10222700043973,0.0
12860,10222900029653,0.0
12861,10223300033949,0.0
12862,10223400035381,0.0
12863,10223500048269,-0.0
12832,10212400025356,0.0
12833,10212500026788,0.0
12834,10212600028220,0.0
12835,10212900029652,0.0
12836,10213000031084,0.0
12837,10213300033948,0.0
12838,10213400035380,0.0
12839,10213500048268,0.0
12840,10213700036812,0.0
12841,10213800038244,0.0
12874,10231500018198,0.0
12875,10231700021062,0.0
12876,10232000042542,0.0
12877,10232100022494,0.0
12878,10232200052566,-0.0
12879,10232300023926,0.0
12848,10220700055429,-0.0
12849,10220800039677,0.0
12850,10221400016765,0.0
12851,10221800041109,0.0
12852,10222000042541,0.0
12853,10222100022493,0.0
12854,10222200052565,-0.0
12855,10222300023925,-0.0
12856,10222400025357,0.0
12857,10222500026789,0.0
12890,10240100001015,0.0
12891,10240300003879,0.0
12892,10240400005311,0.0
12893,10240800039679,0.0
12894,10240900009607,0.0
12895,10241100011039,0.0
12864,10223700036813,0.0
12865,10230100001014,0.0
12866,10230200002446,0.0
12867,10230300003878,0.0
12868,10230400005310,0.0
12869,10230700055430,-0.0
12870,10230800039678,0.0
12871,10230900009606,0.0
12872,10231100011038,0.0
12873,10231400016766,0.0
12906,10242800045407,0.0
12907,10242900029655,0.0
12908,10243000031087,0.0
12909,10243300033951,0.0
12910,10243400035383,0.0
12911,10243500048271,0.0
12880,10232400025358,0.0
12881,10232500026790,0.0
12882,10232600028222,0.0
12883,10232700043974,0.0
12884,10232900029654,0.0
12885,10233100032518,0.0
12886,10233300033950,0.0
12887,10233400035382,0.0
12888,10233500048270,0.0
12889,10233700036814,0.0
12922,10251100011040,0.0
12923,10251200013904,0.0
12924,10251300015336,0.0
12925,10251400016768,0.0
12926,10251500018200,0.0
12927,10251600019632,0.0
12896,10241300015335,0.0
12897,10241400016767,0.0
12898,10241500018199,0.0
12899,10241600019631,0.0
12900,10241700021063,0.0
12901,10242000042543,0.0
12902,10242200052567,-0.0
12903,10242300023927,-0.0
12904,10242400025359,0.0
12905,10242600028223,0.0
12938,10253300033952,0.0
12939,10253500048272,0.0
12940,10253600049704,-0.0
12941,10253700036816,0.0
12942,10254000054000,0.0
12943,10260100001017,0.0
12912,10243600049703,-0.0
12913,10243800038247,0.0
16718,14121000012868,-0.0
12915,10250200002448,0.0
12916,10250300003880,0.0
12917,10250400005312,0.0
12918,10250500006744,0.0
12919,10250700055432,-0.0
12920,10250800039680,0.0
12921,10250900009608,0.0
12954,10261600019633,0.0
12955,10261700021065,0.0
12956,10261800041113,0.0
12957,10262000042545,0.0
12958,10262100022497,-0.0
12959,10262200052569,-0.0
12928,10251800041112,0.0
12929,10251900046840,0.0
12930,10252000042544,0.0
12931,10252200052568,0.0
12932,10252300023928,-0.0
12933,10252500026792,0.0
12934,10252600028224,0.0
12935,10252700043976,0.0
12936,10252900029656,0.0
12937,10253000031088,0.0
12970,10270301003882,0.0
12971,10270501006746,0.0
12972,10270801039682,0.0
12973,10270901009610,0.0
12974,10271001012474,0.0
12975,10271101011042,0.0
12944,10260200002449,0.0
12945,10260300003881,0.0
12946,10260500006745,0.0
12947,10260800039681,0.0
12948,10260900009609,0.0
12949,10261000012473,0.0
12950,10261100011041,0.0
12951,10261200013905,0.0
12952,10261300015337,0.0
12953,10261500018201,0.0
12986,10273301033954,0.0
12987,10273501048274,0.0
12988,10273601049706,0.0
12989,10273701036818,0.0
12990,10273801038250,0.0
12991,10280100001019,-0.0
12960,10262400025361,0.0
12961,10262500026793,0.0
12962,10262800045409,0.0
12963,10262900029657,0.0
12964,10263000031089,0.0
12965,10263200056865,0.0
12966,10263500048273,0.0
12967,10263600049705,-0.0
12968,10264000054001,-0.0
12969,10270201002450,0.0
13002,10281800041115,-0.0
13003,10281900046843,-0.0
13004,10282100022499,-0.0
13005,10282300023931,-0.0
13006,10282500026795,-0.0
13007,10282900029659,0.0
12976,10271301015338,0.0
12977,10271401016770,0.0
12978,10271501018202,0.0
12979,10271801041114,0.0
12980,10272001042546,0.0
12981,10272101022498,0.0
12982,10272301023930,0.0
12983,10272401025362,0.0
12984,10272601028226,0.0
12985,10273001031090,0.0
13018,10290801039684,0.0
13019,10290901009612,0.0
13020,10291001012476,0.0
13021,10291101011044,0.0
13022,10291301015340,0.0
13023,10291401016772,0.0
12992,10280300003883,0.0
12993,10280500006747,0.0
12994,10280800039683,-0.0
12995,10280900009611,-0.0
12996,10281000012475,0.0
12997,10281100011043,-0.0
12998,10281300015339,-0.0
12999,10281400016771,-0.0
13000,10281500018203,-0.0
13001,10281600019635,0.0
13034,10293601049708,0.0
13035,10293701036820,0.0
13036,10293801038252,0.0
13037,10293901051140,0.0
13038,10300100001021,-0.0
13039,10300500006749,0.0
13008,10283100032523,0.0
13009,10283200056867,0.0
13010,10283800038251,-0.0
13011,10283900051139,-0.0
13012,10290101001020,0.0
13013,10290201002452,0.0
13014,10290301003884,0.0
13015,10290401005316,0.0
13016,10290501006748,0.0
13017,10290701055436,0.0
13050,10303300033957,0.0
13051,10303700036821,0.0
13052,10303800038253,-0.0
13053,10303900051141,-0.0
13054,10310201002454,0.0
13055,10310701055438,0.0
13024,10291501018204,0.0
13025,10291601019636,0.0
13026,10291801041116,0.0
13027,10292101022500,0.0
13028,10292201052572,0.0
13029,10292301023932,0.0
13030,10292401025364,0.0
13031,10292501026796,0.0
13032,10292601028228,0.0
13033,10293001031092,0.0
13066,10312701043982,0.0
13067,10312801045414,0.0
13068,10313001031094,0.0
13069,10313101032526,0.0
13070,10313301033958,0.0
13071,10313601049710,0.0
13040,10300700055437,-0.0
13041,10300800039685,0.0
13042,10300900009613,-0.0
13043,10301300015341,-0.0
13044,10302000042549,-0.0
13045,10302100022501,-0.0
13046,10302400025365,0.0
13047,10302500026797,0.0
13048,10302600028229,-0.0
13049,10303200056869,0.0
13082,10321300015343,0.0
13083,10321500018207,0.0
13084,10321600019639,-0.0
13085,10322000042551,-0.0
13086,10322100022503,0.0
13087,10322200052575,0.0
13056,10310801039686,0.0
13057,10310901009614,0.0
13058,10311001012478,0.0
13059,10311101011046,0.0
13060,10311501018206,0.0
13061,10311801041118,0.0
13062,10311901046846,0.0
13063,10312301023934,0.0
13064,10312401025366,0.0
13065,10312501026798,0.0
13098,10350401005322,0.0
13099,10350501006754,0.0
13100,10350601008186,0.0
13101,10350701055442,0.0
13102,10350901009618,0.0
13103,10351101011050,0.0
13072,10313701036822,0.0
13073,10313801038254,0.0
13074,10313901051142,0.0
13075,10320100001023,-0.0
13076,10320300003887,0.0
13077,10320400005319,0.0
13078,10320500006751,0.0
13079,10320800039687,0.0
13080,10320900009615,0.0
13081,10321100011047,0.0
13114,10354001054010,0.0
13115,10360100001027,-0.0
13116,10360300003891,-0.0
13117,10360400005323,0.0
13118,10360500006755,-0.0
13119,10360600008187,-0.0
13088,10322500026799,0.0
13089,10322800045415,0.0
13090,10322900029663,0.0
13091,10323000031095,0.0
13092,10323300033959,0.0
13093,10323500048279,0.0
13094,10323600049711,0.0
13095,10350101001026,0.0
13096,10350201002458,0.0
13097,10350301003890,0.0
13130,10362300023939,-0.0
13131,10362400025371,0.0
13132,10362500026803,0.0
13133,10362700043987,-0.0
13134,10363100032531,-0.0
13135,10363200056875,-0.0
13104,10351601019642,0.0
13105,10351801041122,0.0
13106,10351901046850,0.0
13107,10352001042554,0.0
13108,10352301023938,0.0
13109,10352501026802,0.0
13110,10353101032530,0.0
13111,10353201056874,0.0
13112,10353301033962,0.0
13113,10353901051146,0.0
13146,10371401016780,0.0
13147,10371501018212,0.0
13148,10371701021076,0.0
13149,10372001042556,0.0
13150,10372101022508,0.0
13151,10372301023940,0.0
13120,10360700055443,-0.0
13121,10360900009619,-0.0
13122,10361100011051,-0.0
13123,10361300015347,0.0
13124,10361400016779,-0.0
13125,10361600019643,0.0
13126,10361900046851,-0.0
13127,10362000042555,0.0
13128,10362100022507,0.0
13129,10362200052579,-0.0
13162,10380300003893,0.0
13163,10380400005325,-0.0
13164,10380600008189,0.0
13165,10380700055445,0.0
13166,10380800039693,-0.0
13167,10380900009621,0.0
13136,10363400035395,-0.0
13137,10363600049715,-0.0
13138,10363800038259,-0.0
13139,10364000054011,0.0
13140,10370101001028,0.0
13141,10370301003892,0.0
13142,10370401005324,0.0
13143,10370501006756,0.0
13144,10370701055444,0.0
13145,10371301015348,0.0
13178,10382400025373,-0.0
13179,10382500026805,-0.0
13180,10383200056877,0.0
13181,10383600049717,0.0
13182,10383700036829,0.0
13183,10390101001030,0.0
13152,10372601028236,0.0
13153,10372801045420,0.0
13154,10372901029668,0.0
13155,10373101032532,0.0
13156,10373201056876,0.0
13157,10373301033964,0.0
13158,10373401035396,0.0
13159,10373501048284,0.0
13160,10373601049716,0.0
13161,10380100001029,0.0
13194,10391501018214,0.0
13195,10391601019646,0.0
13196,10391701021078,0.0
13197,10392101022510,0.0
13198,10392301023942,0.0
13199,10392501026806,0.0
13168,10381100011053,0.0
13169,10381200013917,0.0
13170,10381300015349,-0.0
13171,10381400016781,0.0
13172,10381500018213,-0.0
13173,10381600019645,-0.0
13174,10381700021077,0.0
13175,10381800041125,-0.0
13176,10382000042557,-0.0
13177,10382100022509,-0.0
13210,10400505006759,-0.0
13211,10400805039695,0.0
13212,10401005012487,-0.0
13213,10401205013919,-0.0
13214,10401305015351,-0.0
13215,10401405016783,-0.0
13184,10390201002462,0.0
13185,10390401005326,0.0
13186,10390501006758,0.0
13187,10390601008190,0.0
13188,10390701055446,0.0
13189,10390801039694,0.0
13190,10390901009622,0.0
13191,10391001012486,0.0
13192,10391201013918,0.0
13193,10391301015350,0.0
13226,10403505048287,0.0
13227,10403805038263,0.0
13228,10411505018216,-0.0
13229,10420405005329,0.0
13230,10420505006761,-0.0
13231,10420805039697,0.0
13200,10392801045422,0.0
13201,10393001031102,0.0
13202,10393101032534,0.0
13203,10393201056878,0.0
13204,10393701036830,0.0
13205,10393801038262,0.0
13206,10393901051150,0.0
13207,10400205002463,-0.0
13208,10400305003895,-0.0
13209,10400405005327,-0.0
13242,10423305033969,-0.0
13243,10423405035401,0.0
13244,10423705036833,0.0
13245,10430300003898,0.0
13246,10430500006762,-0.0
13247,10430600008194,-0.0
13216,10401505018215,0.0
13217,10401605019647,0.0
13218,10401705021079,0.0
13219,10401805041127,-0.0
13220,10401905046855,-0.0
13221,10402005042559,0.0
13222,10402105022511,-0.0
13223,10402805045423,0.0
13224,10403105032535,0.0
13225,10403305033967,-0.0
13258,10441200013923,0.0
13259,10441300015355,-0.0
13260,10441400016787,-0.0
13261,10441600019651,-0.0
13262,10443300033971,0.0
13263,10443700036835,0.0
13232,10420905009625,-0.0
13233,10421205013921,0.0
13234,10421405016785,-0.0
13235,10421505018217,-0.0
13236,10421605019649,0.0
13237,10422005042561,0.0
13238,10422205052585,-0.0
13239,10422305023945,-0.0
13240,10422905029673,0.0
13241,10423105032537,0.0
13274,10461200013925,-0.0
13275,10461300015357,0.0
13276,10461400016789,-0.0
13277,10463700036837,0.0
13278,10470600008198,-0.0
13279,10471000012494,-0.0
13248,10431200013922,-0.0
13249,10431300015354,0.0
13250,10431400016786,0.0
13251,10431600019650,0.0
13252,10431700021082,0.0
13253,10433300033970,0.0
13254,10433800038266,0.0
13255,10440300003899,0.0
13256,10440600008195,-0.0
13257,10441000012491,0.0
13290,10483300033975,0.0
13291,10491200013928,-0.0
13292,10491700021088,0.0
13293,10500300003905,0.0
13294,10500500006769,-0.0
13295,10501000012497,0.0
13264,10450300003900,0.0
13265,10450600008196,-0.0
13266,10451000012492,0.0
13267,10451200013924,-0.0
13268,10451400016788,-0.0
13269,10451700021084,-0.0
13270,10453700036836,0.0
13271,10460300003901,0.0
13272,10460600008197,-0.0
13273,10461000012493,0.0
13306,10572100022544,0.0
13307,10572200052616,-0.0
13308,10573200056912,-0.0
13309,10573500048320,-0.0
13310,10574000054048,-0.0
13311,10580700055481,-0.0
13280,10471200013926,-0.0
13281,10471600019654,-0.0
13282,10473300033974,0.0
13283,10473800038270,0.0
13284,10480300003903,0.0
13285,10480500006767,-0.0
13286,10481000012495,0.0
13287,10481200013927,-0.0
13288,10481300015359,-0.0
13289,10481700021087,-0.0
13322,10592300023978,0.0
13323,10592500026842,0.0
13324,10593600049754,-0.0
13325,10600100001057,-0.0
13326,10600200002489,0.0
13327,10600400005353,-0.0
13296,10501300015361,-0.0
13297,10501400016793,0.0
13298,10501600019657,-0.0
13299,10503700036841,-0.0
13300,10530602008213,0.0
13301,10530802039717,-0.0
13302,10532502026829,-0.0
16717,14120900010004,-0.0
13304,10533502048309,-0.0
13305,10570700055480,-0.0
13338,10602600028265,0.0
13339,10602800045449,-0.0
13340,10603000031129,-0.0
13341,10603100032561,0.0
13342,10603200056905,-0.0
13343,10603500048313,-0.0
13312,10581100011089,-0.0
13313,10581900046889,-0.0
13314,10583600049753,0.0
13315,10584000054049,-0.0
13316,10590500006794,0.0
13317,10590900009658,-0.0
13318,10591500018250,-0.0
16716,14120800040076,-0.0
13320,10592100022546,0.0
13321,10592200052618,-0.0
13354,10611400016810,0.0
13355,10611600019674,0.0
13356,10611800041154,-0.0
13357,10612500026834,-0.0
13358,10612700044018,0.0
13359,10613000031130,0.0
13328,10600700055473,-0.0
13329,10600800039721,-0.0
13330,10601000012513,0.0
13331,10601200013945,0.0
13332,10601400016809,0.0
13333,10601900046881,-0.0
13334,10602000042585,-0.0
13335,10602100022537,-0.0
13336,10602300023969,-0.0
13337,10602500026833,-0.0
13370,10620600008219,0.0
13371,10620700055475,-0.0
13372,10620800039723,-0.0
13373,10620900009651,-0.0
13374,10621300015379,0.0
13375,10621400016811,0.0
13344,10604000054041,-0.0
13345,10610100001058,0.0
13346,10610200002490,0.0
13347,10610400005354,0.0
13348,10610500006786,0.0
13349,10610600008218,0.0
13350,10610700055474,-0.0
13351,10610900009650,-0.0
13352,10611000012514,-0.0
13353,10611200013946,0.0
13386,10623500048315,-0.0
13387,10623600049747,-0.0
13388,10623800038291,0.0
13389,10624000054043,-0.0
13390,10630100001060,0.0
13391,10630300003924,0.0
13360,10613200056906,-0.0
13361,10613300033994,0.0
13362,10613500048314,-0.0
13363,10613600049746,-0.0
13364,10613900051178,-0.0
13365,10614000054042,-0.0
13366,10620100001059,-0.0
13367,10620300003923,0.0
13368,10620400005355,-0.0
13369,10620500006787,0.0
13402,10632800045452,-0.0
13403,10632900029700,0.0
13404,10633100032564,0.0
13405,10633400035428,0.0
13406,10633500048316,-0.0
13407,10633700036860,0.0
13376,10621700021107,0.0
13377,10621800041155,-0.0
13378,10621900046883,-0.0
13379,10622000042587,-0.0
13380,10622200052611,-0.0
13381,10622500026835,-0.0
13382,10622700044019,0.0
13383,10622800045451,-0.0
13384,10622900029699,-0.0
13385,10623100032563,-0.0
13418,10683600049756,-0.0
13419,10683800038300,0.0
13420,10770200002509,0.0
13421,10770400005373,-0.0
13422,10770700055493,-0.0
13423,10770800039741,-0.0
13392,10630400005356,0.0
13393,10630500006788,0.0
13394,10630700055476,-0.0
13395,10630800039724,-0.0
13396,10630900009652,-0.0
13397,10631900046884,-0.0
13398,10632000042588,-0.0
13399,10632100022540,-0.0
13400,10632300023972,-0.0
13401,10632600028268,0.0
13432,10773200056925,-0.0
13433,10773600049765,-0.0
13434,10773800038309,0.0
13435,10774000054061,-0.0
13436,10800800039744,-0.0
13437,10801800041176,0.0
13438,10801900046904,-0.0
13439,10802000042608,-0.0
13408,10633800038292,0.0
13409,10633900051180,-0.0
13410,10680100001068,-0.0
13411,10680600008228,0.0
13412,10680700055484,-0.0
13413,10682000042596,-0.0
13414,10682200052620,-0.0
13415,10682400025412,-0.0
13448,10870205002519,0.0
13449,10870305003951,-0.0
13450,10870705055503,0.0
13451,10870805039751,0.0
13452,10870905009679,0.0
13453,10871105011111,0.0
13454,10871305015407,-0.0
13455,10871405016839,-0.0
13424,10770900009669,-0.0
13425,10771500018261,-0.0
13426,10771900046901,-0.0
13427,10772100022557,-0.0
13428,10772200052629,-0.0
13429,10772300023989,-0.0
13430,10772400025421,-0.0
13431,10773000031149,-0.0
13464,10872805045479,-0.0
13465,10873005031159,-0.0
13466,10873405035455,-0.0
13467,10873505048343,-0.0
13468,10874005054071,-0.0
13469,10881200013976,-0.0
13470,10881700021136,-0.0
13471,10882000042616,0.0
13440,10802100022560,0.0
13441,10802200052632,-0.0
13442,10802300023992,-0.0
13443,10802400025424,-0.0
13444,10802800045472,0.0
13445,10803000031152,-0.0
13446,10803900051200,0.0
13447,10870105001087,-0.0
13480,10911002012547,0.0
13481,10920202002524,0.0
13482,10920302003956,-0.0
13483,10920702055508,0.0
13484,10920802039756,-0.0
13485,10921002012548,0.0
13486,10921102011116,0.0
13487,10921302015412,0.0
13456,10871605019703,-0.0
13457,10871705021135,-0.0
13458,10871805041183,-0.0
13459,10871905046911,0.0
13460,10872005042615,-0.0
13461,10872105022567,0.0
13462,10872405025431,0.0
13463,10872605028295,-0.0
13496,10923502048348,0.0
13497,10923702036892,0.0
13498,10940302003958,-0.0
13499,10940702055510,0.0
13500,10940802039758,0.0
13501,10941402016846,0.0
13502,10942102022574,0.0
13503,10942502026870,0.0
13472,10882100022568,0.0
13473,10883500048344,0.0
13474,10891700021137,-0.0
13475,10892100022569,0.0
13476,10901000012546,-0.0
13477,10901700021138,-0.0
13478,10902100022570,0.0
16715,14120600008572,-0.0
13512,10952500026871,0.0
13513,10953000031167,0.0
13514,10953300034031,0.0
13515,10953500048351,0.0
13516,10970205002529,0.0
13517,10970405005393,0.0
13518,10971005012553,0.0
16714,14120400005708,-0.0
13488,10921502018276,0.0
13489,10921602019708,0.0
13490,10922002042620,-0.0
13491,10922102022572,0.0
13492,10922602028300,0.0
13493,10922802045484,0.0
13494,10922902029732,0.0
13495,10923402035460,0.0
13528,10972805045489,0.0
13529,10972905029737,0.0
13530,10973005031169,0.0
13531,10973105032601,0.0
13532,10973305034033,0.0
13533,10973405035465,0.0
16713,14120300004276,-0.0
13535,10973605049785,0.0
13504,10943002031166,0.0
13505,10943302034030,0.0
13506,10943502048350,0.0
13507,10943702036894,0.0
13508,10950300003959,0.0
13509,10950800039759,0.0
13510,10951200013983,0.0
13511,10952100022575,-0.0
13544,10981805041194,0.0
13545,10982105022578,0.0
13546,10982205052650,0.0
13547,10982305024010,0.0
13548,10982405025442,0.0
13549,10982505026874,0.0
16712,14120200002844,-0.0
13551,10982705044058,0.0
13520,10971405016849,0.0
13521,10971505018281,0.0
13522,10971805041193,0.0
13523,10972105022577,0.0
13524,10972205052649,0.0
13525,10972405025441,0.0
13526,10972505026873,0.0
16711,14120100001412,-0.0
13560,11000802039764,-0.0
13561,11001602019716,-0.0
13562,11002302024012,-0.0
13563,11002502026876,-0.0
13564,11020201002534,-0.0
13565,11020301003966,-0.0
13566,11020801039766,-0.0
13567,11021001012558,-0.0
13536,10980205002530,0.0
13537,10980305003962,0.0
13538,10980805039762,0.0
13539,10980905009690,0.0
13540,10981305015418,0.0
13541,10981405016850,0.0
13542,10981605019714,0.0
13543,10981705021146,0.0
13575,11022501026878,-0.0
13576,11022701044062,-0.0
13577,11022901029742,-0.0
13578,11023001031174,-0.0
13579,11023101032606,-0.0
13580,11023301034038,-0.0
13581,11023701036902,-0.0
13582,11023801038334,-0.0
13583,11023901051222,-0.0
16710,14114000054395,-0.0
13553,10983005031170,0.0
13554,10983105032602,0.0
13555,10983405035466,0.0
13556,10983505048354,0.0
13557,10983605049786,0.0
13558,10983705036898,0.0
13591,11031901046927,-0.0
13592,11032101022583,-0.0
13593,11032201052655,-0.0
13594,11032301024015,-0.0
13595,11032401025447,-0.0
13596,11032501026879,-0.0
13597,11032701044063,-0.0
13598,11033001031175,-0.0
13599,11033201056951,-0.0
13568,11021101011126,-0.0
13569,11021601019718,-0.0
13570,11021701021150,-0.0
13571,11021801041198,-0.0
13572,11022001042630,-0.0
13573,11022101022582,-0.0
13574,11022401025446,-0.0
13607,11041201013992,-0.0
13608,11041301015424,-0.0
13609,11041401016856,-0.0
13610,11041501018288,-0.0
13611,11041801041200,-0.0
13612,11042301024016,-0.0
13613,11042401025448,-0.0
13614,11042701044064,-0.0
13615,11042801045496,-0.0
13584,11030201002535,-0.0
13585,11030601008263,-0.0
13586,11030901009695,-0.0
13587,11031101011127,-0.0
13588,11031601019719,-0.0
13589,11031701021151,-0.0
13590,11031801041199,-0.0
13623,11050401005401,-0.0
13624,11050501006833,-0.0
13625,11050601008265,-0.0
13626,11050701055521,0.0
13627,11050801039769,-0.0
13628,11051101011129,-0.0
13629,11051201013993,-0.0
13630,11051501018289,-0.0
13631,11051701021153,-0.0
13600,11033301034039,-0.0
13601,11033701036903,-0.0
13602,11033801038335,-0.0
13603,11033901051223,-0.0
13604,11040301003968,-0.0
13605,11040701055520,-0.0
13606,11040801039768,-0.0
13638,11052501026881,-0.0
13639,11052701044065,-0.0
13640,11052801045497,-0.0
13641,11053001031177,-0.0
13642,11053101032609,-0.0
13643,11053501048361,-0.0
13644,11053601049793,-0.0
13645,11054001054089,-0.0
13646,11120500006840,0.0
13647,11153800038347,-0.0
13616,11043001031176,-0.0
13617,11043101032608,-0.0
13619,11043501048360,-0.0
13620,11043801038336,-0.0
13621,11050101001105,-0.0
13622,11050301003969,-0.0
13654,11240800039788,0.0
13655,11240900009716,0.0
13656,11241100011148,0.0
13657,11241500018308,0.0
13658,11241700021172,0.0
13659,11242100022604,0.0
13660,11242300024036,0.0
13661,11242500026900,0.0
13662,11242700044084,0.0
13663,11242800045516,-0.0
13632,11051801041201,-0.0
13633,11051901046929,-0.0
13634,11052101022585,-0.0
13635,11052201052657,-0.0
13636,11052301024017,0.0
13637,11052401025449,-0.0
13670,11263800038358,0.0
13671,11280505006856,-0.0
13672,11280605008288,-0.0
13673,11281705021176,0.0
13674,11283805038360,0.0
13675,11290700055546,0.0
13676,11290800039794,-0.0
13677,11290900009722,0.0
13678,11291100011154,-0.0
13679,11292100022610,-0.0
13648,11193800038351,-0.0
13649,11203800038352,-0.0
13650,11233800038355,-0.0
13651,11240400005420,0.0
13652,11240500006852,0.0
13653,11240700055540,0.0
13685,11302100022609,-0.0
13686,11302300024041,0.0
13687,11302400025473,-0.0
13688,11303000031201,0.0
13689,11303500048385,-0.0
13690,11330805039796,-0.0
13691,11331505018316,0.0
13692,11340804039798,0.0
13693,11350804039799,0.0
13694,11430400005439,0.0
13695,11430800039807,0.0
13664,11243000031196,0.0
13665,11243100032628,0.0
13666,11243400035492,0.0
13667,11243800038356,0.0
13668,11244000054108,0.0
13701,11433800038375,-0.0
13702,11440300004008,0.0
13703,11440600008304,0.0
13704,11440800039808,0.0
13705,11440900009736,-0.0
13706,11441200014032,0.0
13707,11441600019760,-0.0
13708,11441800041240,-0.0
13709,11442700044104,0.0
13710,11443300034080,0.0
13711,11443400035512,0.0
13680,11292300024042,0.0
13681,11292400025474,-0.0
13682,11293000031202,0.0
13683,11294000054114,-0.0
13684,11300800039793,-0.0
13717,11451300015465,0.0
13718,11451500018329,0.0
13719,11451600019761,0.0
13720,11452900029785,0.0
13721,11453800038377,0.0
13722,11460100001146,-0.0
13723,11460200002578,0.0
13724,11460400005442,0.0
13725,11460500006874,0.0
13726,11460700055562,-0.0
13727,11460900009738,-0.0
13696,11430900009735,-0.0
13697,11431400016895,-0.0
13698,11431700021191,0.0
13699,11433000031215,0.0
13700,11433700036943,-0.0
13733,11461700021194,0.0
13734,11462000042674,0.0
13735,11462100022626,-0.0
13736,11462200052698,-0.0
13737,11462300024058,-0.0
13738,11462500026922,0.0
13739,11462700044106,0.0
13740,11463000031218,0.0
13741,11463500048402,-0.0
13742,11463800038378,0.0
13743,11470200002579,0.0
13712,11443800038376,0.0
13713,11450200002577,0.0
13714,11450600008305,-0.0
13715,11450800039809,0.0
13716,11451200014033,0.0
13749,11472000042675,0.0
13750,11472600028355,0.0
13751,11472700044107,0.0
13752,11473400035515,0.0
13753,11473800038379,0.0
13754,11480205002580,0.0
13755,11480805039812,0.0
13756,11480905009740,-0.0
13757,11481005012604,-0.0
13758,11481305015468,-0.0
13759,11482005042676,-0.0
13728,11461000012602,0.0
13729,11461100011170,-0.0
13730,11461200014034,0.0
13731,11461400016898,0.0
13732,11461500018330,0.0
13765,11490400005445,-0.0
13766,11490800039813,0.0
13767,11491500018333,-0.0
13768,11492000042677,-0.0
13769,11492100022629,0.0
13770,11492200052701,-0.0
13771,11492300024061,0.0
13772,11492400025493,0.0
13773,11500101001150,-0.0
13774,11500301004014,0.0
13775,11500401005446,0.0
13744,11470300004011,0.0
13745,11470500006875,0.0
13746,11471000012603,0.0
13747,11471300015467,0.0
13748,11471400016899,0.0
13781,11501301015470,0.0
13782,11502201052702,-0.0
13783,11502301024062,0.0
13784,11502501026926,-0.0
13785,11502601028358,0.0
13786,11502701044110,-0.0
13787,11503001031222,0.0
13788,11503301034086,0.0
13789,11503401035518,0.0
13790,11503801038382,-0.0
13791,11510101001151,0.0
13760,11482205052700,-0.0
13761,11482705044108,0.0
13762,11483405035516,0.0
13763,11483705036948,-0.0
13764,11483805038380,0.0
13797,11512001042679,0.0
13798,11512101022631,0.0
13799,11512201052703,0.0
13800,11512301024063,-0.0
13801,11512501026927,0.0
13802,11512601028359,-0.0
13803,11512701044111,0.0
13804,11513001031223,0.0
13805,11513101032655,0.0
13806,11513401035519,-0.0
13807,11513501048407,0.0
13776,11500701055566,0.0
13777,11500801039814,-0.0
13778,11500901009742,-0.0
13779,11501101011174,0.0
13780,11501201014038,0.0
13813,11520300057371,-0.0
13814,11520400005448,0.0
13815,11520600057479,0.0
13816,11520800039816,-0.0
13817,11520900009744,0.0
13818,11521100011176,0.0
13819,11521200014040,0.0
13820,11521300015472,0.0
13821,11521400016904,0.0
13822,11521500018336,0.0
13823,11522000042680,0.0
13792,11510301004015,-0.0
13793,11510701055567,-0.0
13794,11510801039815,0.0
13795,11511101011175,-0.0
13796,11511901046975,0.0
13829,11522400025496,0.0
13830,11522500026928,-0.0
13831,11522600028360,0.0
13832,11522700044112,0.0
13833,11522800045544,0.0
13834,11523000031224,-0.0
13835,11523100032656,0.0
13836,11523300034088,0.0
13837,11523400035520,0.0
13838,11523500048408,-0.0
13839,11523600058523,-0.0
13808,11513701036951,0.0
13809,11513801038383,0.0
13810,11514001054135,0.0
13811,11520200002584,0.0
13812,11520300004016,-0.0
13845,11530600008313,0.0
13846,11530600057480,0.0
13847,11530800039817,0.0
13848,11530900009745,0.0
13849,11531000012609,0.0
13850,11531000057588,0.0
13851,11531100011177,0.0
13852,11531200014041,0.0
16709,14113900051531,-0.0
13854,11532000042681,0.0
13855,11532200052705,0.0
13824,11522100022632,-0.0
13825,11522100057839,-0.0
13826,11522200052704,-0.0
13827,11522200058631,-0.0
13828,11522300024064,-0.0
13861,11532700058380,0.0
13862,11532800045545,0.0
13863,11532900029793,0.0
13864,11533000031225,0.0
16708,14113800058252,-0.0
13866,11533300058128,0.0
13867,11533400035521,0.0
13868,11533500048409,0.0
13869,11533600049841,0.0
13870,11540100001154,0.0
13871,11540300057373,-0.0
13840,11523700036952,-0.0
13841,11523700058199,-0.0
13842,11530100057300,0.0
13843,11530300004017,0.0
13844,11530400005449,0.0
13877,11540800058273,-0.0
13878,11540900009746,0.0
13879,11541000012610,0.0
13880,11541000057589,0.0
13881,11541100011178,0.0
13882,11541100057553,0.0
13883,11541300015474,0.0
13884,11541300057661,0.0
13885,11541400057697,0.0
13886,11541500018338,0.0
13887,11541800041250,0.0
13856,11532300024065,0.0
13857,11532400025497,0.0
13858,11532500026929,0.0
13859,11532600028361,0.0
13860,11532600057984,0.0
13893,11542200058633,-0.0
13894,11542300024066,-0.0
13895,11542500026930,-0.0
13896,11542600028362,-0.0
13897,11542600057985,-0.0
13898,11542700044114,0.0
13899,11543100032658,-0.0
13900,11543100058093,0.0
13901,11543300058129,0.0
13902,11543400035522,0.0
13903,11543400058165,0.0
13872,11540400005450,0.0
13873,11540500006882,0.0
13874,11540600008314,0.0
13875,11540600057481,0.0
13876,11540800039818,-0.0
13909,11544000054138,-0.0
13910,11550100001155,0.0
13911,11550200002587,0.0
13912,11550200057338,0.0
13913,11550500006883,0.0
13914,11550600057482,0.0
13915,11550700055571,0.0
13916,11550800039819,0.0
13917,11550800058274,0.0
13918,11550900009747,0.0
13919,11551000012611,0.0
13888,11541800058345,0.0
13889,11542000042682,0.0
13890,11542100022634,-0.0
13891,11542100057841,-0.0
13892,11542200052706,-0.0
13925,11551900046979,-0.0
13926,11552000042683,0.0
13927,11552100022635,-0.0
13928,11552200052707,-0.0
13929,11552200058634,-0.0
13930,11552300024067,-0.0
13931,11552400025499,0.0
13932,11552500026931,-0.0
13933,11552500057950,-0.0
13934,11552600057986,0.0
13935,11552700044115,0.0
13904,11543500048410,-0.0
13905,11543600049842,-0.0
13906,11543600058525,-0.0
13907,11543700036954,-0.0
13908,11543700058201,-0.0
13941,11553300034091,0.0
13942,11553300058130,0.0
13943,11553400035523,0.0
13944,11553400058166,0.0
13945,11553500048411,-0.0
13946,11553600049843,-0.0
13947,11553600058526,-0.0
13948,11553700036955,-0.0
13949,11553700058202,-0.0
13950,11553900051275,-0.0
13951,11554000054139,-0.0
13920,11551100011179,0.0
13921,11551200057626,0.0
13922,11551300057662,0.0
13923,11551500018339,0.0
13924,11551800058346,0.0
13957,11560800039820,-0.0
13958,11561000057591,-0.0
13959,11561100011180,0.0
13960,11561100057555,-0.0
13961,11561300015476,0.0
13962,11561400016908,-0.0
13963,11561400057699,-0.0
13964,11561500018340,0.0
13965,11561600019772,-0.0
13966,11561800041252,0.0
13967,11561900046980,-0.0
13936,11552700058382,0.0
13937,11552800058418,0.0
13938,11552900029795,0.0
13939,11552900058022,0.0
13940,11553100032659,0.0
13973,11562500026932,-0.0
13974,11562600028364,-0.0
13975,11562700058383,-0.0
13976,11562800045548,0.0
13977,11562900029796,0.0
13978,11563000031228,-0.0
13979,11563000058059,-0.0
13980,11563300058131,0.0
13981,11563400035524,0.0
13982,11563400058167,0.0
13983,11563500048412,-0.0
13952,11560300004020,-0.0
13953,11560300057375,-0.0
13954,11560400057411,0.0
13955,11560500006884,-0.0
13956,11560700055572,-0.0
13989,11563900051276,-0.0
13990,11570100057304,-0.0
13991,11570200057340,-0.0
13992,11570300057376,-0.0
13993,11570400005453,-0.0
13994,11570400057412,-0.0
13995,11570500057448,-0.0
13996,11570600057484,-0.0
13997,11570700055573,-0.0
13998,11570800039821,-0.0
13999,11570800058276,-0.0
13968,11562000042684,0.0
13969,11562100022636,-0.0
13970,11562100057843,-0.0
13971,11562200058635,-0.0
13972,11562400025500,0.0
14005,11571500018341,-0.0
14006,11571500057736,-0.0
14007,11571600057772,-0.0
14008,11571700021205,0.0
14009,11571700057808,-0.0
14010,11571800041253,-0.0
14011,11571800058348,-0.0
14012,11571900046981,-0.0
14013,11571900058456,-0.0
14014,11572000042685,-0.0
14015,11572000058312,-0.0
13984,11563600049844,-0.0
13985,11563600058527,-0.0
13986,11563700036956,-0.0
13987,11563700058203,-0.0
13988,11563800038388,-0.0
14021,11572400025501,-0.0
14022,11572400057916,-0.0
14023,11572500026933,-0.0
14024,11572500057952,-0.0
14025,11572600028365,-0.0
14026,11572700044117,-0.0
14027,11572700058384,-0.0
14028,11572800045549,-0.0
14029,11572800058420,-0.0
14030,11572900029797,-0.0
14031,11572900058024,-0.0
14000,11570900057520,-0.0
14001,11571100011181,-0.0
14002,11571200057628,-0.0
14003,11571300057664,-0.0
14004,11571400057700,-0.0
14037,11573600049845,-0.0
14038,11573700036957,-0.0
14039,11573700058204,-0.0
14040,11573800038389,-0.0
14041,11573800058240,-0.0
14042,11573900051277,-0.0
14043,11573900058564,-0.0
14044,11574000058600,-0.0
14045,11590100001159,-0.0
14046,11590200002591,0.0
14047,11590400005455,-0.0
14016,11572100022637,-0.0
14017,11572100057844,-0.0
14018,11572200058636,-0.0
14019,11572300024069,-0.0
14020,11572300057880,-0.0
14053,11591700021207,0.0
14054,11591800041255,0.0
14055,11591900046983,-0.0
14056,11592000042687,0.0
14057,11592100022639,-0.0
14058,11592200052711,-0.0
14059,11592400025503,-0.0
14060,11592600028367,0.0
14061,11592700044119,0.0
14062,11592800045551,-0.0
14063,11592900029799,-0.0
14032,11573000031229,-0.0
14033,11573100058096,-0.0
14034,11573400035525,0.0
14035,11573500048413,-0.0
14036,11573500058492,-0.0
14069,11593700036959,0.0
14070,11593900051279,0.0
14071,11600204002592,-0.0
14072,11600804039824,-0.0
14073,11600904009752,-0.0
14074,11601104011184,-0.0
14075,11601204014048,-0.0
14076,11601504018344,-0.0
14077,11601604019776,-0.0
14078,11601804041256,-0.0
14079,11601904046984,-0.0
14048,11590900009751,-0.0
14049,11591000012615,0.0
14050,11591100011183,-0.0
14051,11591400016911,0.0
14052,11591500018343,-0.0
14085,11602904029800,-0.0
14086,11603404035528,-0.0
14087,11603504048416,-0.0
14088,11603604049848,-0.0
14089,11603904051280,-0.0
14090,11610104001161,0.0
14091,11610804039825,-0.0
14092,11612004042689,-0.0
14093,11612304024073,0.0
14094,11612404025505,-0.0
14095,11612504026937,-0.0
14064,11593000031231,-0.0
14065,11593100032663,0.0
14066,11593400035527,0.0
14067,11593500048415,-0.0
14068,11593600049847,-0.0
14101,11651700021213,0.0
14102,11651800041261,0.0
14103,11652000042693,0.0
14104,11652600028373,0.0
14105,11652900029805,0.0
14106,11653300034101,-0.0
16707,14113700058216,-0.0
14108,11660800039830,0.0
14109,11661000012622,0.0
14110,11661400016918,0.0
14111,11661600019782,0.0
14080,11602004042688,-0.0
14081,11602404025504,-0.0
14082,11602504026936,-0.0
14083,11602604028368,-0.0
14084,11602804045552,-0.0
14117,11663300034102,0.0
14118,11663800038398,0.0
14119,11670205002599,-0.0
14120,11670405005463,-0.0
14121,11670605008327,0.0
14122,11670805039831,0.0
14123,11671105011191,-0.0
14124,11671405016919,0.0
14125,11671505018351,0.0
14126,11671705021215,0.0
14127,11671905046991,-0.0
14096,11613404035529,0.0
14097,11613904051281,0.0
14098,11650600008325,-0.0
14099,11651300015485,0.0
14100,11651500018349,-0.0
14133,11673105032671,0.0
14134,11673405035535,-0.0
14135,11673705036967,-0.0
14136,11680300004032,0.0
14137,11680400005464,0.0
14138,11680500006896,-0.0
14139,11681400016920,-0.0
14140,11681500018352,0.0
14141,11681600019784,-0.0
14142,11681700021216,0.0
14143,11682100022648,0.0
14112,11661700021214,0.0
14113,11662000042694,0.0
14114,11662600028374,0.0
14115,11662900029806,0.0
14116,11663100032670,0.0
14149,11683400035536,0.0
14150,11683700036968,0.0
14151,11683800038400,-0.0
14152,11690205002601,0.0
14153,11690305004033,0.0
14154,11690405005465,0.0
14155,11690505006897,0.0
14156,11690605008329,0.0
14157,11690905009761,0.0
14158,11691105011193,0.0
14159,11691505018353,0.0
14128,11672005042695,0.0
14129,11672305024079,0.0
14130,11672405025511,0.0
14131,11672805045559,0.0
14132,11672905029807,-0.0
14165,11692905029809,0.0
14166,11693105032673,0.0
14167,11693705036969,0.0
14168,11693805038401,0.0
14169,11700400005466,-0.0
14170,11700800039834,-0.0
14171,11701200014058,-0.0
14172,11701400016922,-0.0
14173,11701500018354,-0.0
14174,11701600019786,-0.0
14175,11701700021218,0.0
14144,11682500026944,0.0
14145,11682600028376,-0.0
14146,11682900029808,0.0
14147,11683100032672,-0.0
14148,11683300034104,-0.0
14180,11703400035538,-0.0
14181,11703800038402,-0.0
14182,11703900051290,0.0
14183,11710400005467,-0.0
14184,11710600008331,-0.0
14185,11711300015491,0.0
14186,11711500018355,-0.0
16706,14113700037211,-0.0
14188,11711800041267,-0.0
14189,11713400035539,-0.0
14190,11713600049859,-0.0
14160,11691605019785,0.0
14161,11692005042697,0.0
14162,11692105022649,0.0
14163,11692505026945,0.0
14164,11692605028377,0.0
14196,11722800045564,0.0
14197,11723800038404,0.0
14198,11730100057305,0.0
14199,11730200002605,-0.0
14200,11730400005469,0.0
14201,11730400057413,0.0
14202,11730500006901,0.0
14203,11730600008333,-0.0
14204,11730600057485,-0.0
14205,11730700055589,-0.0
14206,11730800058277,0.0
14207,11730900009765,0.0
14176,11701800041266,-0.0
14177,11702900029810,-0.0
14178,11703000031242,-0.0
14179,11703300034106,-0.0
14212,11731400016925,-0.0
14213,11731500018357,-0.0
14214,11731600057773,0.0
14215,11731700057809,-0.0
14216,11731800041269,0.0
16673,14110800040075,-0.0
14218,11732200052725,0.0
14219,11732300024085,-0.0
14220,11732500026949,0.0
14221,11732700044133,-0.0
14222,11732800045565,0.0
14223,11733000058061,-0.0
14192,11713900051291,0.0
14193,11721700021220,-0.0
14194,11722200052724,0.0
14195,11722300024084,0.0
14228,11733700036973,-0.0
14229,11733800058241,-0.0
14230,11733900051293,-0.0
14231,11740100001174,0.0
14232,11740100057306,0.0
14233,11740200057342,0.0
14234,11740300057378,0.0
14235,11740400005470,0.0
14236,11740500006902,0.0
14237,11740500057450,0.0
14238,11740600008334,0.0
14239,11740600057486,0.0
14208,11731000012629,0.0
14209,11731100011197,0.0
14210,11731100057557,0.0
14211,11731200014061,0.0
14244,11741100011198,0.0
14245,11741300015494,0.0
14246,11741400016926,0.0
14247,11741400057702,0.0
14248,11741500018358,0.0
14249,11741500057738,0.0
14250,11741600019790,0.0
14251,11741600057774,0.0
14252,11741800041270,0.0
14253,11741800058350,0.0
14254,11741900058458,0.0
14255,11742000042702,0.0
14224,11733100032677,0.0
14225,11733300034109,-0.0
14226,11733400058169,-0.0
14227,11733500058493,-0.0
14260,11742300057882,0.0
14261,11742400025518,0.0
14262,11742400057918,0.0
14263,11742600057990,0.0
14264,11742700044134,0.0
14265,11742700058386,0.0
14266,11742800045566,0.0
14267,11742800058422,0.0
14268,11743000031246,0.0
14269,11743100032678,0.0
14270,11743300034110,0.0
14271,11743400058170,-0.0
14240,11740700055590,0.0
14241,11740800058278,0.0
14242,11740900057522,0.0
14243,11741000012630,0.0
14276,11744000054158,0.0
14277,11744000058602,0.0
14278,11750100001175,0.0
14279,11750100057307,0.0
14280,11750300004039,0.0
14281,11750400005471,0.0
14282,11750600057487,-0.0
14283,11750700055591,-0.0
14284,11750800039839,0.0
14285,11750800058279,0.0
14286,11750900009767,0.0
14287,11751000057595,0.0
14256,11742000058314,0.0
14257,11742100057846,0.0
14258,11742200052726,0.0
14259,11742300024086,-0.0
14291,11751400016927,-0.0
14292,11751500018359,-0.0
14293,11751600019791,-0.0
14294,11751600057775,0.0
14295,11751700057811,-0.0
14296,11751800041271,0.0
14298,11752100057847,-0.0
14299,11752200052727,0.0
14300,11752400025519,0.0
14301,11752500026951,0.0
14302,11752700044135,-0.0
14303,11752800045567,0.0
14272,11743600058530,0.0
14273,11743800038406,0.0
14274,11743800058242,0.0
14275,11743900058566,0.0
14307,11753400058171,-0.0
14308,11753500058495,-0.0
14309,11753800038407,-0.0
14310,11754000054159,-0.0
14311,11760100001176,0.0
14312,11760100057308,0.0
14313,11760200002608,-0.0
14314,11760300004040,-0.0
14315,11760400005472,0.0
14316,11760500006904,0.0
14317,11760600008336,-0.0
14318,11760600057488,-0.0
14319,11760700055592,0.0
14288,11751100011199,0.0
14289,11751200014063,0.0
14290,11751300015495,-0.0
14323,11761000012632,0.0
14324,11761100011200,0.0
14325,11761100057560,0.0
14326,11761200014064,0.0
14327,11761200057632,0.0
14328,11761300015496,-0.0
14329,11761500018360,0.0
14330,11761600019792,-0.0
14331,11761700021224,-0.0
14332,11761800041272,0.0
14333,11761800058352,0.0
14334,11761900047000,0.0
14335,11762200052728,0.0
14304,11752900029815,-0.0
14305,11753000031247,-0.0
14306,11753000058063,-0.0
14339,11762500057956,-0.0
14340,11762600057992,-0.0
14341,11762700044136,-0.0
14342,11762700058388,-0.0
14343,11762800045568,0.0
14344,11762900029816,-0.0
14345,11763000031248,0.0
14346,11763300034112,-0.0
14347,11763400035544,-0.0
14348,11763800038408,-0.0
14349,11763800058244,-0.0
14350,11763900051296,-0.0
14351,11770100057309,-0.0
14320,11760800039840,0.0
14321,11760800058280,0.0
14322,11760900009768,0.0
14355,11770600008337,-0.0
14356,11770600057489,-0.0
14357,11770800039841,0.0
14358,11770800058281,0.0
14359,11770900009769,-0.0
14360,11770900057525,-0.0
14361,11771000012633,-0.0
14362,11771000057597,0.0
14363,11771500018361,-0.0
14364,11771600019793,-0.0
14365,11771600057777,0.0
14366,11771700021225,-0.0
14367,11771700057813,-0.0
14336,11762300057884,-0.0
14337,11762400025520,0.0
14338,11762500026952,0.0
14371,11772300024089,-0.0
14372,11772800045569,0.0
14373,11773000058065,-0.0
14374,11773300034113,-0.0
14375,11773300058137,-0.0
14376,11773500048433,-0.0
14377,11773500058497,-0.0
14378,11773800038409,-0.0
14379,11780100001178,-0.0
14380,11780100057310,-0.0
14381,11780200057346,-0.0
14382,11780300057382,-0.0
14383,11780400005474,-0.0
14352,11770300004041,-0.0
14353,11770400005473,0.0
14354,11770400057417,0.0
14387,11780900009770,-0.0
14388,11781000012634,-0.0
14389,11781100057562,-0.0
14390,11781200014066,-0.0
14391,11781400057706,-0.0
14392,11781500018362,-0.0
14393,11781500057742,-0.0
14394,11781600019794,-0.0
14395,11781600057778,-0.0
14396,11781700021226,-0.0
14397,11781700057814,-0.0
14398,11781800058354,-0.0
14399,11781900058462,-0.0
14368,11771800041273,0.0
14369,11771900047001,0.0
14370,11771900058461,0.0
14403,11782300057886,-0.0
14404,11782400057922,-0.0
14405,11782500026954,-0.0
14406,11782600057994,-0.0
14407,11782700058390,-0.0
14408,11782800058426,-0.0
14409,11783000058066,-0.0
14410,11783400058174,-0.0
14411,11783500048434,-0.0
14412,11783500058498,-0.0
14413,11783600058534,-0.0
14414,11783800038410,-0.0
14415,11783900051298,-0.0
14384,11780500057454,-0.0
14385,11780600057490,-0.0
14386,11780800039842,-0.0
14419,11820401005478,0.0
14420,11820601008342,0.0
14421,11820801039846,-0.0
14422,11821001012638,-0.0
14423,11821301015502,-0.0
14424,11821401016934,-0.0
14425,11821601019798,0.0
14426,11821701021230,-0.0
14427,11821801041278,-0.0
14428,11822101022662,0.0
14429,11822201052734,0.0
14430,11822301024094,0.0
14431,11822401025526,0.0
14400,11782100057850,-0.0
14401,11782200052730,-0.0
14402,11782300024090,-0.0
14434,11823501048438,0.0
14435,11823901051302,0.0
14437,11830300004047,0.0
14438,11830400005479,-0.0
14439,11830500006911,-0.0
14440,11830600008343,-0.0
14441,11830900009775,-0.0
14442,11831100011207,-0.0
14443,11831400016935,-0.0
14444,11831500018367,-0.0
14445,11831700021231,-0.0
14446,11832100022663,-0.0
14447,11832300024095,-0.0
14416,11783900058570,-0.0
14417,11784000058606,-0.0
14418,11820101001182,0.0
14450,11832600028391,-0.0
14451,11832700044143,-0.0
14452,11833500048439,-0.0
14453,11833900051303,-0.0
14454,11840100001184,-0.0
14455,11840200002616,-0.0
14456,11840400005480,-0.0
14457,11840500006912,0.0
14458,11840800039848,-0.0
14459,11840900009776,-0.0
14460,11841200014072,0.0
14461,11841500018368,-0.0
14462,11841700021232,-0.0
14463,11841800041280,-0.0
14432,11822501026958,0.0
14433,11822801045574,0.0
14466,11842400025528,-0.0
14467,11842700044144,0.0
14468,11843000031256,-0.0
14469,11843200057032,0.0
14470,11843500048440,-0.0
14471,11844000054168,0.0
14472,11860200002618,-0.0
14473,11860500006914,-0.0
14474,11860800039850,0.0
14475,11861000012642,-0.0
14476,11861200014074,-0.0
14477,11861600019802,0.0
14478,11861900047010,-0.0
14479,11862600028394,-0.0
14448,11832400025527,-0.0
14449,11832500026959,-0.0
14482,11863000031258,-0.0
14483,11863400035554,-0.0
14484,11863700036986,-0.0
14485,11863800038418,0.0
14486,11870200002619,0.0
14487,11870300004051,0.0
14488,11870500006915,0.0
14489,11871100011211,0.0
14490,11871300015507,-0.0
14491,11871700021235,0.0
14492,11880500006916,0.0
14493,11880800039852,0.0
14494,11881100011212,0.0
14495,11881200014076,0.0
14464,11842100022664,-0.0
14465,11842200052736,0.0
14498,11890300004053,0.0
14499,11890800039853,0.0
14500,11891000012645,0.0
14501,11891100011213,0.0
14502,11891300015509,-0.0
14503,11900100001190,0.0
14504,11900200002622,-0.0
14505,11900500006918,-0.0
14506,11900700055606,0.0
14507,11900800039854,-0.0
14508,11901000012646,0.0
14509,11901400016942,-0.0
14510,11901500018374,0.0
14511,11901600019806,-0.0
14480,11862700044146,-0.0
14481,11862800045578,0.0
14514,11902800045582,-0.0
14515,11903300034126,0.0
14516,11903700036990,-0.0
14517,11920101001192,0.0
14518,11920201002624,0.0
14519,11920501006920,0.0
14520,11920701055608,0.0
14521,11921001012648,-0.0
14522,11921301015512,0.0
14523,11921401016944,0.0
14524,11922001042720,-0.0
14525,11922801045584,0.0
14526,11923001031264,0.0
14527,11930301004057,0.0
14496,11881300015508,-0.0
14497,11881700021236,0.0
14530,11931301015513,0.0
14531,11932001042721,-0.0
14532,11932501026969,0.0
14533,11933301034129,-0.0
14534,11933401035561,0.0
14535,11933701036993,0.0
14536,11940100001194,0.0
14537,11940200002626,-0.0
14538,11940300004058,-0.0
14539,11940800039858,-0.0
14540,11941000012650,0.0
14541,11941200014082,-0.0
14542,11941500018378,0.0
14543,11942000042722,-0.0
14512,11902100022670,0.0
14513,11902700044150,-0.0
14546,11943700036994,-0.0
14547,11960100001196,0.0
14548,11960200002628,-0.0
14549,11960300004060,-0.0
14550,11960600008356,-0.0
14551,11960700055612,0.0
14552,11960800039860,-0.0
14553,11961000012652,0.0
14554,11961100011220,0.0
14555,11961200014084,-0.0
14556,11961500018380,0.0
14557,11962000042724,-0.0
14558,11962100022676,0.0
14559,11962300024108,0.0
14528,11930501006921,0.0
14529,11931201014081,-0.0
14562,11962800045588,-0.0
14563,11962900029836,0.0
14564,11963000031268,0.0
14565,11963300034132,0.0
14566,11963400035564,0.0
14567,11963500048452,0.0
14568,11963700036996,-0.0
14569,11980200002630,0.0
14570,11980500006926,-0.0
14571,11982700044158,-0.0
14572,11990300004063,-0.0
14573,11990500006927,0.0
14574,11991200014087,0.0
14575,11992000042727,0.0
14544,11942600028402,0.0
14545,11943400035562,0.0
14578,11992700044159,0.0
14579,11993000031271,0.0
14580,11993700036999,0.0
14581,12010401005497,0.0
14582,12010501006929,0.0
14583,12010701055617,0.0
14584,12011201014089,-0.0
14585,12012301024113,0.0
14586,12013301034137,-0.0
14587,12020300004066,0.0
14588,12020400005498,0.0
14589,12020700055618,0.0
14590,12022600028410,0.0
14591,12022700044162,0.0
14560,11962500026972,-0.0
14561,11962700044156,-0.0
14594,12040300004068,-0.0
14595,12040400005500,0.0
14596,12040500006932,0.0
14597,12040700055620,0.0
14598,12041500018388,0.0
14599,12042000042732,0.0
14600,12042300024116,0.0
14601,12042500026980,0.0
14602,12042600028412,-0.0
14603,12042700044164,0.0
14604,12042900029844,0.0
14605,12043400035572,0.0
14606,12060300004070,0.0
14607,12060500006934,0.0
14576,11992300024111,0.0
14577,11992600028407,-0.0
14610,12062700044166,-0.0
14611,12062900029846,0.0
14612,12063300034142,0.0
14613,12063400035574,0.0
14614,12063700037006,0.0
14615,12070400005503,0.0
14616,12070800039871,0.0
14617,12071500018391,0.0
14618,12072100022687,0.0
14619,12072300024119,0.0
14620,12072500026983,0.0
14621,12073000031279,0.0
14622,12073400035575,0.0
14623,12073700037007,0.0
14592,12022900029842,0.0
14593,12023300034138,-0.0
14626,12082001042736,0.0
14627,12082101022688,0.0
14628,12082301024120,0.0
14629,12082501026984,0.0
14630,12083001031280,0.0
14631,12083401035576,0.0
14632,12090800039873,0.0
14633,12091000012665,0.0
14634,12091700021257,0.0
14635,12092000042737,0.0
14636,12092100022689,0.0
14637,12092300024121,0.0
14638,12092500026985,0.0
14639,12093000031281,0.0
14608,12061400016958,0.0
14609,12062000042734,-0.0
14642,12101500018394,0.0
14643,12101600019826,0.0
14644,12101700021258,0.0
14645,12102000042738,0.0
14646,12102100022690,0.0
14647,12102300024122,0.0
14648,12102500026986,0.0
14649,12103000031282,0.0
14650,12103300034146,0.0
14651,12103400035578,0.0
14652,12103700037010,0.0
14653,12110100001211,0.0
14654,12110200002643,0.0
14655,12110400005507,0.0
14624,12080801039872,0.0
14625,12081501018392,0.0
14658,12111000012667,0.0
14659,12111100011235,0.0
14660,12111600019827,0.0
14661,12111700021259,0.0
14662,12111900047035,0.0
14663,12112000042739,0.0
14664,12112100022691,0.0
14665,12112400025555,0.0
14666,12112500026987,0.0
14667,12112600028419,0.0
14668,12112700044171,0.0
14669,12112900029851,0.0
14670,12113000031283,0.0
14671,12113300034147,0.0
14640,12100400005506,0.0
14641,12100800039874,0.0
14674,12113600049899,0.0
14675,12122302024124,-0.0
14676,12122502026988,0.0
14677,12122602028420,-0.0
14678,12150802039879,0.0
14679,12151402016967,-0.0
14680,12151602019831,0.0
14681,12151702021263,-0.0
14682,12152302024127,0.0
14683,12152602028423,0.0
14684,12152702044175,0.0
14685,12153002031287,0.0
14686,12153302034151,0.0
14687,12170302004081,-0.0
14656,12110800039875,0.0
14657,12110900009803,0.0
14690,12170802039881,0.0
14691,12172002042745,0.0
14692,12172602028425,0.0
14693,12173302034153,-0.0
14694,12180300004082,0.0
14695,12180400005514,0.0
14696,12180800039882,0.0
14697,12181400016970,0.0
14698,12182600028426,0.0
16672,14110700055827,-0.0
14700,12190302004083,0.0
14701,12190402005515,0.0
14702,12190802039883,0.0
14703,12192602028427,0.0
14672,12113400035579,0.0
14673,12113500048467,0.0
14706,12221005012678,0.0
14707,12221305015542,0.0
14708,12221405016974,0.0
14709,12221505018406,0.0
14710,12221605019838,0.0
14711,12221705021270,0.0
14712,12222005042750,0.0
14713,12222105022702,0.0
14714,12222205052774,0.0
14715,12222305024134,0.0
14716,12222405025566,0.0
14717,12222505026998,0.0
14718,12222605028430,0.0
14719,12222805045614,0.0
14688,12170402005513,0.0
14689,12170702055633,0.0
14722,12223505048478,0.0
14723,12223605049910,0.0
14724,12230305004087,0.0
14725,12230905009815,0.0
14726,12231005012679,0.0
14727,12231105011247,0.0
14728,12231305015543,0.0
14729,12231405016975,0.0
14730,12231505018407,0.0
14731,12231905047047,-0.0
14732,12232105022703,0.0
14733,12232405025567,0.0
14734,12232605028431,0.0
14735,12232705044183,0.0
14704,12192702044179,0.0
14705,12193302034155,0.0
14738,12233705037023,0.0
14739,12233805038455,0.0
14740,12260100001226,-0.0
14741,12260200002658,-0.0
14742,12260300004090,-0.0
14743,12260500006954,-0.0
14744,12260900009818,-0.0
14745,12261100011250,-0.0
14746,12261200014114,-0.0
14747,12261300015546,-0.0
14748,12261400016978,-0.0
14749,12261500018410,-0.0
14750,12261600019842,-0.0
14751,12261900047050,-0.0
14720,12223005031294,0.0
14721,12223305034158,0.0
34,00042300022915,0.0
35,00042400024347,0.0
36,00042500025779,0.0
37,00042800044395,0.0
38,00043200055851,-0.0
39,00043500047259,0.0
40,00044000052987,-0.0
16703,14113300058144,-0.0
42,00050400004300,0.0
43,00050800038668,0.0
44,00050900008596,0.0
45,00051100010028,0.0
46,00051900045828,0.0
47,00052000041532,0.0
16702,14113300034347,-0.0
16701,14113100058108,-0.0
14753,12262200052778,-0.0
14754,12262600028434,0.0
14756,12262900029866,-0.0
14757,12263000031298,-0.0
14758,12263100032730,0.0
14759,12263300034162,0.0
14760,12263600049914,-0.0
14761,12263700037026,0.0
14762,12263900051346,-0.0
14763,12270100001227,-0.0
14764,12270200002659,-0.0
14765,12270400005523,-0.0
14766,12270700055643,-0.0
14767,12270800039891,-0.0
32,00041500017187,0.0
33,00041900045827,0.0
14768,12270900009819,0.0
14769,12271000012683,-0.0
14770,12271100011251,-0.0
14771,12271200014115,-0.0
14772,12271600019843,-0.0
14773,12271900047051,0.0
14774,12272000042755,-0.0
14775,12272100022707,0.0
14776,12272300024139,-0.0
14777,12272900029867,-0.0
14778,12273000031299,-0.0
14779,12273100032731,-0.0
14780,12273600049915,-0.0
14781,12273700037027,-0.0
14783,12280500006956,-0.0
14752,12262100022706,0.0
14815,12292705044189,0.0
14784,12280700055644,-0.0
14785,12280800039892,-0.0
14786,12280900009820,-0.0
14787,12281000012684,-0.0
14788,12281100011252,-0.0
14789,12281200014116,-0.0
14790,12281300015548,-0.0
14791,12281500018412,-0.0
14792,12282300024140,-0.0
14793,12282600028436,0.0
14795,12282900029868,-0.0
14796,12283000031300,-0.0
14797,12283100032732,-0.0
14798,12283200057076,-0.0
14799,12283300034164,-0.0
14831,12301805041326,0.0
14800,12283600049916,-0.0
14801,12283700037028,0.0
14802,12290205002661,0.0
14803,12290405005525,0.0
14804,12290605008389,0.0
14805,12290805039893,0.0
14806,12290905009821,-0.0
14807,12291105011253,0.0
14808,12291305015549,0.0
14809,12291505018413,0.0
14810,12291605019845,0.0
14811,12291705021277,0.0
14812,12292205052781,0.0
14813,12292305024141,0.0
14814,12292605028437,0.0
14847,12311600019847,0.0
14816,12293005031301,0.0
14817,12293505048485,0.0
14818,12293705037029,0.0
14819,12300205002662,0.0
14820,12300405005526,0.0
14821,12300505006958,0.0
14822,12300605008390,0.0
14823,12300805039894,0.0
14824,12300905009822,0.0
14825,12301105011254,0.0
14826,12301205014118,0.0
14827,12301305015550,0.0
14828,12301505018414,0.0
14829,12301605019846,0.0
14830,12301705021278,0.0
14863,12321400016984,0.0
14832,12302305024142,0.0
14833,12302505027006,0.0
14834,12303005031302,0.0
14835,12303305034166,0.0
14836,12303505048486,0.0
14837,12310400005527,0.0
14838,12310600008391,0.0
14839,12310700055647,-0.0
14840,12310900009823,0.0
14841,12311000012687,0.0
14842,12311100011255,0.0
14843,12311200014119,0.0
14844,12311300015551,0.0
14845,12311400016983,0.0
14846,12311500018415,0.0
14879,12330905009825,0.0
14848,12311700021279,0.0
14849,12311800041327,0.0
14850,12312300024143,-0.0
14851,12312600028439,0.0
14852,12313000031303,0.0
14853,12313100032735,0.0
14854,12313300034167,0.0
14855,12313600049919,0.0
14856,12313800038463,0.0
14857,12320100001232,-0.0
14858,12320500006960,0.0
14859,12320800039896,-0.0
14860,12320900009824,0.0
14861,12321000012688,-0.0
14862,12321200014120,-0.0
14895,12340404005530,0.0
14864,12321500018416,-0.0
14865,12321600019848,0.0
14866,12321800041328,-0.0
14867,12322700044192,0.0
14868,12323100032736,-0.0
14869,12323300034168,0.0
14870,12323500048488,0.0
14871,12323600049920,-0.0
14872,12323700037032,-0.0
14873,12330105001233,0.0
14874,12330405005529,0.0
14875,12330505006961,0.0
14876,12330605008393,0.0
14877,12330705055649,0.0
14878,12330805039897,0.0
14911,12342304024146,0.0
14880,12331005012689,0.0
14881,12331105011257,0.0
14882,12331205014121,0.0
14883,12331305015553,0.0
14884,12331405016985,0.0
14885,12331505018417,0.0
14886,12331705021281,0.0
14887,12331805041329,0.0
14888,12332005042761,0.0
14889,12332605028441,0.0
14890,12332705044193,0.0
14891,12333005031305,0.0
14892,12333605049921,0.0
14893,12333705037033,0.0
14894,12340104001234,0.0
14927,12351302015555,-0.0
14896,12340504006962,0.0
14897,12340704055650,0.0
14898,12340804039898,0.0
14899,12340904009826,0.0
14900,12341004012690,0.0
14901,12341104011258,0.0
14902,12341204014122,0.0
14903,12341304015554,0.0
14904,12341404016986,0.0
14905,12341504018418,0.0
14906,12341604019850,0.0
14907,12341704021282,0.0
14908,12341804041330,0.0
14909,12342004042762,0.0
14910,12342104022714,0.0
14943,12353902051355,-0.0
14912,12342704044194,0.0
14913,12342804045626,0.0
14914,12343004031306,0.0
14915,12343104032738,0.0
14916,12343304034170,0.0
14917,12343604049922,0.0
14918,12343704037034,0.0
14919,12350102001235,-0.0
14920,12350202002667,0.0
14921,12350502006963,-0.0
14922,12350602008395,-0.0
14923,12350702055651,0.0
14924,12351002012691,0.0
14925,12351102011259,-0.0
14926,12351202014123,0.0
14959,12363600049924,0.0
14928,12351402016987,-0.0
14929,12351502018419,0.0
14930,12351602019851,-0.0
14931,12351802041331,-0.0
14932,12351902047059,0.0
14933,12352002042763,-0.0
14934,12352502027011,0.0
14935,12352602028443,0.0
14936,12352802045627,-0.0
14937,12353002031307,-0.0
14938,12353202057083,-0.0
14939,12353302034171,0.0
14940,12353502048491,0.0
14941,12353602049923,0.0
14942,12353802038467,-0.0
14974,12372600028445,-0.0
14975,12372700044197,-0.0
14944,12360500006964,-0.0
14945,12360600008396,-0.0
14946,12361000012692,-0.0
14947,12361200014124,-0.0
14948,12361400016988,-0.0
14950,12361700021284,-0.0
14951,12361900047060,-0.0
14952,12362000042764,-0.0
14953,12362100022716,0.0
14954,12362500027012,-0.0
14955,12362600028444,-0.0
14956,12362900029876,-0.0
14957,12363300034172,-0.0
14958,12363400035604,-0.0
14989,12382500027014,0.0
14990,12383400035606,-0.0
14991,12383800038470,0.0
14960,12363800038468,-0.0
14961,12370200002669,-0.0
14962,12370300004101,-0.0
14963,12370400005533,-0.0
14964,12370500006965,-0.0
14965,12370800039901,-0.0
14966,12371200014125,-0.0
14967,12371300015557,-0.0
14968,12371400016989,-0.0
14970,12371600019853,-0.0
14971,12371900047061,-0.0
14972,12372100022717,0.0
14973,12372500027013,-0.0
15005,12393100032743,-0.0
15006,12393300034175,0.0
15007,12393800038471,-0.0
14976,12373700037037,-0.0
14977,12373800038469,-0.0
14978,12380200002670,-0.0
14979,12380400005534,-0.0
14980,12380600008398,-0.0
14981,12380800039902,-0.0
14982,12381000012694,-0.0
14983,12381300015558,-0.0
14984,12381400016990,-0.0
14985,12381500018422,-0.0
14986,12381700021286,-0.0
14987,12381900047062,-0.0
14988,12382000042766,-0.0
15021,12410200002673,-0.0
15022,12410300004105,0.0
15023,12410400005537,0.0
14992,12390200002671,-0.0
14993,12390400005535,0.0
14994,12390500006967,0.0
14995,12390800039903,0.0
14996,12391000012695,0.0
14997,12391200014127,0.0
14998,12391500018423,0.0
14999,12391600019855,0.0
15000,12391900047063,-0.0
15001,12392100022719,-0.0
15002,12392500027015,0.0
15003,12392600028447,0.0
15004,12393000031311,-0.0
15037,12413000031313,-0.0
15038,12413100032745,-0.0
15039,12413400035609,-0.0
15008,12400400005536,0.0
15009,12400800039904,0.0
15010,12401200014128,0.0
15011,12401300015560,0.0
15012,12401400016992,0.0
15013,12401500018424,0.0
15014,12401700021288,0.0
15015,12402000042768,0.0
15016,12402600028448,0.0
15017,12402700044200,-0.0
15018,12403000031312,-0.0
15019,12403700037040,0.0
15020,12403800038472,-0.0
15053,12430100001243,0.0
15054,12430300004107,0.0
15055,12430500006971,-0.0
15024,12410500006969,0.0
15025,12410600008401,-0.0
15026,12410800039905,0.0
15027,12411000012697,0.0
15028,12411400016993,0.0
15029,12411500018425,0.0
15030,12411600019857,0.0
15031,12411700021289,0.0
15032,12411800041337,-0.0
15033,12411900047065,-0.0
15034,12412000042769,-0.0
15035,12412100022721,-0.0
15036,12412600028449,0.0
15069,12432700044203,-0.0
15070,12432900029883,-0.0
15071,12433000031315,-0.0
15040,12413700037041,0.0
15041,12420300004106,-0.0
15042,12420500006970,-0.0
15043,12420600008402,-0.0
15044,12421200014130,0.0
15045,12421300015562,-0.0
15046,12421600019858,-0.0
15047,12421700021290,-0.0
15048,12422700044202,-0.0
15049,12422900029882,-0.0
15050,12423300034178,-0.0
15051,12423400035610,-0.0
15052,12423700037042,-0.0
15085,12442900029884,-0.0
15086,12443400035612,-0.0
15087,12443700037044,-0.0
15056,12430600008403,-0.0
15057,12430700055659,0.0
15058,12430900009835,0.0
15059,12431000012699,0.0
15060,12431400016995,-0.0
15061,12431500018427,-0.0
15062,12431600019859,-0.0
15063,12431900047067,-0.0
15064,12432000042771,-0.0
15065,12432100022723,0.0
15066,12432200052795,0.0
15067,12432300024155,0.0
15068,12432500027019,0.0
15100,12452100022725,0.0
15101,12452200052797,0.0
15102,12452300024157,0.0
15103,12452500027021,-0.0
15072,12433100032747,-0.0
15073,12433200057091,0.0
15074,12433300034179,-0.0
15076,12433700037043,-0.0
15077,12433800038475,-0.0
15078,12434000054227,0.0
15079,12440600008404,-0.0
15080,12441200014132,0.0
15081,12441300015564,-0.0
15082,12441600019860,-0.0
15083,12441700021292,-0.0
15084,12442600028452,-0.0
15115,12461700021294,-0.0
15116,12462900029886,-0.0
15117,12463700037046,-0.0
15118,12463800038478,-0.0
15119,12470100001247,0.0
15088,12450100001245,0.0
15089,12450400005541,0.0
15091,12450700055661,0.0
15092,12451000012701,0.0
15093,12451300015565,0.0
15094,12451400016997,-0.0
15095,12451600019861,-0.0
15096,12451700021293,-0.0
15097,12451800041341,0.0
15098,12451900047069,-0.0
15099,12452000042773,0.0
15131,12471800041343,-0.0
15132,12471900047071,-0.0
15133,12472000042775,0.0
15134,12472100022727,0.0
15135,12472300024159,0.0
15104,12452900029885,0.0
15105,12453200057093,0.0
15106,12453400035613,0.0
15107,12453500048501,0.0
15108,12453800038477,-0.0
15109,12453900051365,0.0
15110,12460500006974,-0.0
15111,12461000012702,-0.0
15112,12461200014134,0.0
15113,12461300015566,-0.0
15114,12461600019862,-0.0
15147,12480900009840,-0.0
15148,12481500018432,0.0
15149,12481900047072,0.0
15150,12482100022728,-0.0
15151,12482200052800,-0.0
15120,12470200002679,-0.0
15121,12470400005543,-0.0
15122,12470700055663,0.0
15123,12470800039911,-0.0
15124,12470900009839,0.0
15125,12471000012703,0.0
15126,12471100011271,0.0
15127,12471200014135,-0.0
15128,12471400016999,-0.0
15129,12471500018431,-0.0
15130,12471600019863,-0.0
15163,12501100011274,-0.0
15164,12502300024162,-0.0
15165,12502500027026,-0.0
15166,12510300004115,-0.0
15167,12510500006979,0.0
15136,12472500027023,0.0
15137,12472600028455,-0.0
15138,12472900029887,0.0
15139,12473100032751,-0.0
15140,12473200057095,0.0
15141,12473300034183,-0.0
15142,12473400035615,-0.0
15143,12473500048503,0.0
15144,12473700037047,-0.0
15145,12473800038479,-0.0
15146,12473900051367,0.0
15179,12520304004116,0.0
15180,12520604008412,0.0
15181,12521004012708,0.0
15182,12521304015572,0.0
15183,12521404017004,0.0
15152,12482300024160,-0.0
15153,12482400025592,-0.0
15154,12482500027024,0.0
15155,12483000031320,0.0
15156,12490700055665,-0.0
15157,12490800039913,0.0
15158,12491500018433,0.0
15159,12492400025593,-0.0
15160,12492500027025,0.0
15161,12493900051369,0.0
15162,12500700055666,0.0
15195,12580600008418,0.0
15196,12580700055674,0.0
15197,12581000012714,0.0
15198,12581200014146,0.0
16700,14113100032915,-0.0
15168,12511200014139,0.0
15169,12511300015571,-0.0
15170,12511400017003,0.0
15171,12511500018435,0.0
15172,12511600019867,0.0
15173,12512000042779,0.0
15174,12512600028459,-0.0
15175,12513300034187,-0.0
15176,12513400035619,-0.0
15177,12513700037051,-0.0
15178,12513800038483,0.0
15211,12600100001260,0.0
15212,12600200002692,0.0
15213,12600300004124,0.0
15214,12600700055676,0.0
15215,12600900009852,0.0
16699,14113000058072,-0.0
15185,12521604019868,0.0
15186,12521704021300,0.0
15187,12522004042780,0.0
15188,12522604028460,0.0
15189,12523304034188,-0.0
15190,12523404035620,0.0
15191,12523704037052,0.0
15192,12580100001258,0.0
15193,12580300004122,0.0
15194,12580500006986,0.0
15227,12603300034196,0.0
15228,12603400035628,0.0
15229,12603600049948,0.0
15230,12603700037060,0.0
15231,12603900051380,0.0
15200,12581500018442,0.0
15201,12581600019874,0.0
15202,12581800041354,0.0
15203,12582000042786,0.0
15204,12582100022738,0.0
15205,12582500027034,0.0
15206,12582600028466,0.0
15207,12582700044218,0.0
15208,12582800045650,0.0
15209,12583300034194,0.0
15210,12583400035626,0.0
15243,12641505018448,0.0
15244,12641805041360,0.0
15245,12641905047088,0.0
15246,12642005042792,0.0
15247,12642705044224,0.0
15216,12601000012716,0.0
15217,12601100011284,0.0
15218,12601200014148,0.0
15219,12601300015580,0.0
15220,12601400017012,0.0
15221,12601800041356,0.0
15222,12602100022740,0.0
15223,12602300024172,0.0
15224,12602600028468,0.0
15225,12602800045652,0.0
15226,12603100032764,0.0
15259,12670900009859,0.0
15260,12671000012723,-0.0
15261,12671200014155,0.0
15262,12671300015587,-0.0
15263,12671700021315,0.0
15232,12630300004127,0.0
15233,12630400005559,0.0
15234,12631400017015,0.0
15235,12631900047087,0.0
15236,12632000042791,0.0
15237,12632900029903,0.0
15238,12633400035631,0.0
15239,12633800038495,0.0
15240,12640205002696,0.0
15241,12640305004128,0.0
15242,12641405017016,0.0
15275,12681305015588,0.0
15276,12681405017020,0.0
15277,12681605019884,0.0
15278,12681705021316,0.0
15279,12681805041364,0.0
15248,12642805045656,0.0
15249,12643105032768,0.0
15250,12643405035632,0.0
15251,12643805038496,0.0
15252,12650200002697,0.0
15253,12650300004129,-0.0
15254,12651500018449,-0.0
15255,12652000042793,-0.0
15256,12653400035633,-0.0
15257,12670200002699,0.0
15258,12670500006995,0.0
15291,12690700055685,-0.0
15292,12690900009861,-0.0
15293,12691000012725,-0.0
15294,12691100011293,-0.0
15295,12691300015589,-0.0
15264,12672000042795,0.0
15265,12672600028475,0.0
15266,12672700044227,0.0
15267,12673100032771,-0.0
15268,12673400035635,0.0
15269,12680205002700,0.0
15270,12680305004132,0.0
15271,12680505006996,0.0
15272,12680605008428,0.0
15273,12681005012724,-0.0
15274,12681105011292,0.0
15307,12693700037069,0.0
15308,12693900051389,-0.0
15309,12694000054253,0.0
15310,12700100001270,-0.0
15311,12700200002702,0.0
15280,12682605028476,0.0
15281,12682905029908,0.0
15282,12683305034204,0.0
15283,12683405035636,0.0
15284,12683705037068,0.0
15285,12683805038500,0.0
15286,12690100001269,-0.0
15287,12690200002701,0.0
15288,12690300004133,-0.0
15289,12690500006997,-0.0
15290,12690600008429,0.0
15323,12701800041366,-0.0
15324,12701900047094,-0.0
15325,12702100022750,-0.0
15326,12702300024182,0.0
15327,12702500027046,0.0
15296,12691500018453,-0.0
15297,12691600019885,-0.0
15298,12691700021317,-0.0
15299,12691900047093,-0.0
15300,12692000042797,0.0
15301,12692300024181,0.0
16698,14113000031483,-0.0
15303,12692600028477,0.0
15304,12692700044229,-0.0
15305,12693000031341,-0.0
15306,12693400035637,-0.0
15339,12710400005567,-0.0
15340,12710500006999,-0.0
15341,12710600008431,-0.0
15342,12710700055687,-0.0
15343,12710900009863,-0.0
15312,12700500006998,-0.0
15313,12700600008430,0.0
15314,12700700055686,-0.0
15315,12700900009862,-0.0
15316,12701000012726,-0.0
15317,12701100011294,-0.0
15318,12701200014158,-0.0
15319,12701300015590,-0.0
15320,12701500018454,-0.0
15321,12701600019886,-0.0
15322,12701700021318,-0.0
15355,12712600028479,0.0
15356,12712700044231,-0.0
15357,12712900029911,-0.0
15358,12713000031343,0.0
15359,12713300034207,-0.0
15328,12702600028478,0.0
15329,12702700044230,-0.0
15330,12703200057118,-0.0
15331,12703300034206,-0.0
15332,12703700037070,-0.0
15333,12703800038502,0.0
15334,12703900051390,-0.0
15335,12704000054254,-0.0
15336,12710100001271,-0.0
15337,12710200002703,0.0
15338,12710300004135,-0.0
15370,12723104032776,0.0
15371,12723304034208,0.0
15372,12723404035640,-0.0
15373,12723804038504,0.0
15374,12750200002707,0.0
15375,12750400005571,0.0
15344,12711000012727,-0.0
15345,12711300015591,-0.0
15347,12711500018455,-0.0
15348,12711600019887,-0.0
15349,12711700021319,-0.0
15350,12711900047095,-0.0
15351,12712000042799,0.0
15352,12712200052823,-0.0
15353,12712300024183,0.0
15354,12712500027047,0.0
15386,12752200052827,0.0
15387,12752300024187,0.0
15388,12752700044235,0.0
15389,12753100032779,0.0
15390,12753200057123,0.0
15391,12753300034211,0.0
15360,12713400035639,-0.0
15361,12713700037071,0.0
15362,12713900051391,-0.0
15363,12714000054255,0.0
15364,12720504007000,-0.0
15365,12720604008432,-0.0
15366,12721204014160,0.0
15367,12721404017024,0.0
15368,12721704021320,0.0
16697,14112900058036,-0.0
15402,12761100011300,0.0
15403,12761200014164,0.0
15404,12761300015596,0.0
15405,12761400017028,0.0
15406,12762200052828,0.0
15407,12762300024188,0.0
15376,12750500007003,0.0
15377,12750600008435,0.0
15378,12750700055691,0.0
15379,12750900009867,0.0
15380,12751000012731,0.0
15381,12751100011299,0.0
15382,12751400017027,0.0
15383,12751500018459,0.0
15384,12751600019891,0.0
15385,12751900047099,0.0
15418,12763900051396,0.0
15419,12764000054260,0.0
15420,12770200002709,-0.0
15421,12770400005573,-0.0
15422,12770600008437,-0.0
15423,12770800039941,-0.0
15392,12753400035643,0.0
15393,12753700037075,0.0
15394,12753800038507,0.0
15395,12753900051395,0.0
15396,12754000054259,0.0
15397,12760200002708,0.0
15398,12760300004140,0.0
15399,12760400005572,0.0
15400,12760700055692,0.0
15401,12761000012732,0.0
15434,12773700037077,-0.0
15435,12773800038509,-0.0
15436,12780300004142,-0.0
15437,12780400005574,-0.0
15438,12780500007006,-0.0
15439,12780600008438,-0.0
15408,12762400025620,0.0
15409,12762500027052,0.0
15410,12762700044236,0.0
15411,12762800045668,0.0
15412,12762900029916,0.0
15413,12763100032780,0.0
15414,12763400035644,0.0
15415,12763500048532,0.0
15416,12763700037076,0.0
15417,12763800038508,0.0
15450,12782900029918,-0.0
15451,12783600049966,0.0
15452,12783700037078,-0.0
15453,12783800038510,-0.0
15454,12790200002711,-0.0
15455,12790300004143,-0.0
15424,12771000012733,-0.0
15425,12771200014165,-0.0
15426,12771300015597,-0.0
15427,12771500018461,-0.0
15428,12771700021325,-0.0
15429,12772000042805,-0.0
15430,12772500027053,-0.0
15431,12773100032781,0.0
15432,12773300034213,-0.0
15433,12773400035645,-0.0
15466,12792500027055,0.0
15467,12792600028487,-0.0
15468,12793300034215,-0.0
15469,12793400035647,0.0
15470,12793600049967,0.0
15471,12793800038511,0.0
15440,12780800039942,-0.0
15441,12781000012734,-0.0
15442,12781200014166,-0.0
15443,12781300015598,-0.0
15444,12781400017030,-0.0
15445,12781500018462,-0.0
15446,12781600019894,-0.0
15447,12781700021326,-0.0
15448,12782500027054,-0.0
15449,12782600028486,-0.0
15482,12802100022760,0.0
15483,12802500027056,-0.0
15484,12802600028488,-0.0
15485,12803000031352,-0.0
15486,12803300034216,-0.0
15487,12803400035648,-0.0
15456,12790400005575,-0.0
15457,12790800039943,-0.0
15458,12791000012735,-0.0
15459,12791200014167,-0.0
15460,12791300015599,-0.0
15461,12791400017031,-0.0
15462,12791500018463,-0.0
15463,12791600019895,-0.0
15464,12792000042807,0.0
15465,12792100022759,0.0
15497,12812100022761,0.0
15498,12812500027057,-0.0
15499,12812600028489,-0.0
15500,12812700044241,-0.0
15501,12812900029921,0.0
15502,12813000031353,-0.0
15503,12813300034217,-0.0
15472,12800200002712,-0.0
15473,12800300004144,-0.0
15474,12800400005576,-0.0
15475,12800600008440,-0.0
15476,12800800039944,-0.0
15477,12801000012736,-0.0
15478,12801300015600,-0.0
15479,12801400017032,-0.0
15481,12801700021328,-0.0
15513,12821600019898,-0.0
15514,12821900047106,-0.0
15515,12822100022762,0.0
15516,12822500027058,-0.0
15517,12822600028490,-0.0
15518,12822900029922,0.0
15519,12823000031354,-0.0
15488,12803700037080,-0.0
15489,12803800038512,-0.0
15490,12810400005577,-0.0
15491,12810500007009,-0.0
15492,12810600008441,-0.0
15493,12810800039945,-0.0
15494,12811000012737,-0.0
15495,12811300015601,-0.0
15496,12811400017033,-0.0
15528,12831000012739,-0.0
15529,12831200014171,-0.0
15530,12831300015603,-0.0
15531,12831400017035,-0.0
15532,12831500018467,-0.0
15533,12831700021331,-0.0
15534,12831900047107,-0.0
15535,12832500027059,0.0
15504,12813800038513,-0.0
15505,12820300004146,-0.0
15506,12820400005578,-0.0
15507,12820500007010,-0.0
15508,12820600008442,0.0
15509,12820800039946,-0.0
15510,12821000012738,-0.0
15511,12821300015602,-0.0
15544,12840800039948,-0.0
15545,12841200014172,-0.0
15546,12841300015604,-0.0
15547,12841500018468,-0.0
15548,12841600019900,-0.0
15549,12841900047108,-0.0
15550,12842100022764,0.0
15551,12842500027060,-0.0
15520,12823300034218,-0.0
15521,12823800038514,0.0
15522,12830200002715,-0.0
15523,12830300004147,-0.0
15524,12830400005579,-0.0
15525,12830500007011,-0.0
15526,12830600008443,-0.0
15527,12830800039947,-0.0
15560,12851300015605,-0.0
15561,12851500018469,-0.0
15562,12851600019901,-0.0
15563,12851700021333,-0.0
15564,12852100022765,0.0
15565,12852600028493,-0.0
15566,12860500007014,-0.0
15567,12860800039950,-0.0
15536,12832900029923,0.0
15537,12833400035651,-0.0
15538,12833700037083,-0.0
15539,12840200002716,-0.0
15540,12840300004148,-0.0
15541,12840400005580,-0.0
15542,12840500007012,-0.0
15543,12840600008444,-0.0
15576,12870500007015,-0.0
15577,12870800039951,-0.0
15578,12871000012743,-0.0
15579,12871200014175,-0.0
15580,12871300015607,-0.0
15581,12871400017039,-0.0
15582,12871600019903,-0.0
15583,12871700021335,-0.0
15552,12842600028492,-0.0
15553,12842900029924,-0.0
15554,12843000031356,-0.0
15555,12850200002717,-0.0
15556,12850400005581,-0.0
15557,12850500007013,-0.0
15558,12850800039949,-0.0
15559,12851000012741,-0.0
15592,12881000012744,-0.0
15593,12881300015608,-0.0
15594,12881600019904,-0.0
15595,12883000031360,-0.0
15596,12883300034224,-0.0
15597,12900500007018,-0.0
15598,12901000012746,0.0
15599,12901100011314,-0.0
15568,12861400017038,-0.0
15569,12861500018470,-0.0
15570,12861600019902,-0.0
15571,12861800041382,-0.0
15572,12862500027062,-0.0
15573,12862600028494,-0.0
15574,12863000031358,-0.0
15575,12870300004151,-0.0
15607,12910905009883,0.0
15608,12911105011315,0.0
15609,12911205014179,0.0
15610,12911605019907,0.0
15611,12912505027067,0.0
15612,12920205002724,0.0
15613,12920305004156,0.0
15614,12920605008452,0.0
15615,12920905009884,0.0
15585,12872100022767,0.0
15586,12872600028495,-0.0
15587,12873300034223,-0.0
15588,12873400035655,-0.0
15589,12873600049975,-0.0
15590,12880200002720,-0.0
15591,12880500007016,-0.0
15623,12923005031364,0.0
15624,12923505048548,0.0
15625,12923605049980,0.0
15626,12924005054276,0.0
15627,12930304004157,0.0
15628,12930404005589,0.0
15629,12931104011317,0.0
15630,12931204014181,0.0
15631,12931404017045,0.0
15600,12901300015610,0.0
15601,12901500018474,0.0
15602,12901600019906,-0.0
15603,12902500027066,0.0
15604,12903300034226,0.0
15605,12903400035658,0.0
15606,12910305004155,0.0
15639,12933504048549,0.0
15640,12933604049981,0.0
15641,12934004054277,0.0
15642,12960200002728,0.0
15643,12960300004160,0.0
15644,12960400005592,0.0
15645,12960600008456,-0.0
15646,12960900009888,0.0
15647,12961200014184,-0.0
15616,12921205014180,0.0
15617,12921305015612,0.0
15618,12921505018476,0.0
15619,12921605019908,0.0
15620,12922205052844,0.0
15621,12922305024204,0.0
15622,12922505027068,0.0
15655,12971100011321,-0.0
15656,12971300015617,-0.0
15657,12971400017049,-0.0
15658,12971500018481,-0.0
15659,12971600019913,-0.0
15660,12980405005594,0.0
15661,12980505007026,0.0
15662,12980605008458,0.0
15663,12981005012754,0.0
15632,12931504018477,0.0
15633,12931604019909,0.0
15634,12931904047117,0.0
15635,12932204052845,0.0
15636,12932304024205,0.0
15637,12932804045685,0.0
15638,12933004031365,0.0
15671,12990500007027,-0.0
15672,12990600008459,0.0
15673,12991000012755,0.0
15674,12991100011323,0.0
15675,12991200014187,-0.0
15676,12991300015619,0.0
15677,13001000012756,0.0
15678,13001200014188,-0.0
15679,13001500018484,0.0
15648,12961300015616,-0.0
15649,12961400017048,-0.0
15650,12961500018480,-0.0
15651,12961600019912,-0.0
15652,12970400005593,0.0
15653,12970500007025,-0.0
15654,12971000012753,-0.0
15687,13012505027077,0.0
15688,13020200002734,-0.0
15689,13020400005598,-0.0
15690,13021300015622,-0.0
15691,13022100022782,-0.0
15692,13022500027078,-0.0
15693,13031505018487,0.0
15694,13032105022783,0.0
15695,13032705044263,0.0
15664,12981105011322,0.0
15665,12981205014186,0.0
15666,12981305015618,0.0
15667,12981405017050,0.0
15668,12981505018482,0.0
15669,12983105032802,0.0
15670,12990400005595,0.0
15703,13042404025648,0.0
15704,13042804045696,0.0
15705,13043004031376,-0.0
15706,13043504048560,-0.0
15707,13092100022789,0.0
15708,13102100022790,-0.0
15709,13102700044270,-0.0
15710,13270100001327,-0.0
15711,13270700055743,0.0
15680,13010205002733,0.0
15681,13010505007029,0.0
15682,13010605008461,0.0
15683,13010905009893,0.0
15684,13011205014189,0.0
15685,13011405017053,0.0
15686,13011505018485,0.0
15719,13273000031399,0.0
15720,13273500048583,0.0
15721,13273600050015,-0.0
15722,13273900051447,-0.0
15723,13274000054311,0.0
15724,13280100001328,-0.0
15725,13280500007056,-0.0
15726,13280900009920,-0.0
15727,13281400017080,-0.0
15696,13040104001304,0.0
15697,13040404005600,-0.0
15698,13040904009896,0.0
15699,13041104011328,0.0
15700,13042104022784,-0.0
15701,13042204052856,-0.0
15702,13042304024216,-0.0
15735,13290200002761,-0.0
15736,13290300004193,-0.0
15737,13290500007057,-0.0
15738,13291900047153,0.0
15739,13292200052881,0.0
15740,13292300024241,0.0
15741,13292800045721,-0.0
15742,13293000031401,0.0
15743,13293500048585,0.0
15712,13271000012783,-0.0
15713,13271400017079,-0.0
15714,13271500018511,0.0
15715,13271900047151,0.0
15716,13272200052879,0.0
15717,13272300024239,0.0
15718,13272800045719,-0.0
15751,13302100022811,-0.0
15752,13302200052883,-0.0
15753,13302300024243,0.0
15754,13302500027107,-0.0
15755,13303500048587,0.0
15756,13304000054315,-0.0
15757,13310800039994,-0.0
15758,13310900009922,-0.0
15759,13311900047154,0.0
15728,13282200052880,0.0
15729,13282300024240,0.0
15730,13282800045720,-0.0
15731,13283000031400,0.0
15732,13283500048584,0.0
15733,13283600050016,-0.0
15734,13284000054312,0.0
15767,13320504007060,-0.0
15768,13320604008492,-0.0
15769,13320804039996,0.0
15770,13320904009924,0.0
15771,13321104011356,0.0
15772,13321804041428,-0.0
15773,13322204052884,0.0
15774,13322504027108,0.0
15775,13322804045724,0.0
15744,13293600050017,-0.0
15745,13293900051449,-0.0
15746,13294000054313,0.0
15747,13300700055747,0.0
15748,13300800039995,0.0
15749,13301100011355,-0.0
15750,13301900047155,-0.0
15783,13330500007061,-0.0
15784,13330700055749,0.0
15785,13330800039997,0.0
15786,13330900009925,0.0
15787,13331800041429,-0.0
15788,13332000042861,0.0
15789,13332200052885,0.0
15790,13332500027109,0.0
15791,13332700044293,0.0
15760,13312100022810,-0.0
15761,13312200052882,-0.0
15762,13312300024242,0.0
15763,13312800045722,0.0
15764,13313500048586,-0.0
15765,13313600050018,-0.0
15766,13320104001332,0.0
15799,13340704055750,0.0
15800,13340804039998,0.0
15801,13340904009926,0.0
15802,13341404017086,-0.0
15803,13341804041430,-0.0
16696,14112800045803,-0.0
15805,13342004042862,0.0
15806,13342204052886,0.0
15807,13342304024246,0.0
15776,13323104032836,-0.0
15777,13323204057180,0.0
15778,13323404035700,0.0
15779,13323504048588,0.0
15780,13324004054316,0.0
15781,13330200002765,0.0
15782,13330300004197,-0.0
15815,13350704055751,0.0
15816,13350804039999,0.0
15817,13350904009927,-0.0
15818,13351204014223,-0.0
15819,13351304015655,-0.0
15820,13351404017087,-0.0
15821,13351504018519,0.0
15822,13351804041431,-0.0
15823,13352004042863,0.0
15792,13332800045725,-0.0
15793,13333600050021,0.0
15794,13333800038565,-0.0
15795,13333900051453,0.0
15796,13334000054317,0.0
15797,13340104001334,0.0
15798,13340304004198,-0.0
15830,13353504048591,0.0
15831,13353604050023,0.0
15833,13353804038567,-0.0
15834,13354004054319,-0.0
15835,13360200002768,-0.0
15836,13360700055752,0.0
15837,13360800040000,0.0
15838,13360900009928,-0.0
15839,13361200014224,-0.0
15808,13342504027110,0.0
15809,13342704044294,0.0
15810,13342804045726,-0.0
15811,13343304034270,-0.0
15812,13343704037134,-0.0
15813,13343804038566,-0.0
15814,13350104001335,-0.0
15846,13362800045728,0.0
15847,13363000031408,0.0
15848,13363500048592,0.0
15849,13363600050024,0.0
15850,13363800038568,-0.0
15851,13370200002769,0.0
15852,13370400005633,0.0
15853,13370700055753,0.0
15854,13370800040001,-0.0
15855,13370900009929,0.0
15824,13352204052887,0.0
15825,13352304024247,0.0
15826,13352404025679,0.0
15827,13352704044295,-0.0
15828,13352804045727,-0.0
15829,13353304034271,-0.0
15862,13372400025681,-0.0
15863,13372700044297,-0.0
15864,13372800045729,-0.0
15865,13373400035705,-0.0
15866,13373500048593,-0.0
15867,13380400005634,0.0
15868,13380700055754,0.0
15869,13380800040002,0.0
15870,13380900009930,0.0
15871,13381900047162,0.0
15840,13361300015656,-0.0
15841,13361500018520,0.0
15842,13361800041432,-0.0
15843,13361900047160,0.0
15844,13362400025680,0.0
15845,13362700044296,0.0
15878,13391205014227,0.0
15879,13391405017091,0.0
15880,13391805041435,0.0
15881,13391905047163,0.0
15882,13392005042867,0.0
15883,13392305024251,0.0
15884,13392705044299,0.0
15885,13392805045731,0.0
15886,13393005031411,0.0
15887,13393405035707,0.0
15856,13371400017089,0.0
15857,13371500018521,0.0
15858,13371800041433,0.0
15859,13371900047161,-0.0
15860,13372200052889,0.0
15861,13372300024249,0.0
15894,13401805041436,0.0
15895,13401905047164,0.0
15896,13402005042868,0.0
15897,13402105022820,0.0
15898,13402205052892,0.0
15899,13402305024252,-0.0
15900,13402605028548,-0.0
15901,13402705044300,-0.0
15902,13402805045732,-0.0
15903,13403405035708,0.0
15872,13382200052890,0.0
15873,13382800045730,0.0
15874,13383000031410,0.0
15875,13390205002771,0.0
15876,13390905009931,0.0
15877,13391105011363,0.0
15910,13411805041437,0.0
15911,13411905047165,0.0
15912,13412305024253,0.0
15913,13412505027117,0.0
15914,13412605028549,-0.0
15915,13412705044301,0.0
15916,13412905029981,0.0
15917,13413005031413,0.0
15918,13413105032845,0.0
15919,13413305034277,0.0
15888,13393805038571,0.0
15889,13400205002772,-0.0
15890,13400305004204,0.0
15891,13400905009932,0.0
15892,13401105011364,-0.0
15893,13401205014228,-0.0
15926,13432000042871,0.0
15927,13432300024255,0.0
15928,13432500027119,-0.0
15929,13432600028551,0.0
15930,13432700044303,-0.0
15931,13432900029983,0.0
15932,13433000031415,-0.0
15933,13433100032847,0.0
15934,13433400035711,0.0
15935,13433500048599,0.0
15904,13403805038572,-0.0
15905,13410305004205,-0.0
15906,13410405005637,0.0
15907,13410905009933,0.0
15908,13411205014229,0.0
15909,13411505018525,0.0
15942,13441200014232,0.0
15943,13441400017096,0.0
15944,13441500018528,0.0
15945,13442000042872,0.0
15946,13442200052896,0.0
15947,13442300024256,0.0
15948,13442400025688,-0.0
15949,13442500027120,-0.0
15950,13442700044304,-0.0
15951,13442800045736,0.0
15920,13413405035709,0.0
15921,13413805038573,0.0
15922,13430300004207,0.0
15923,13431200014231,0.0
15924,13431400017095,0.0
15925,13431900047167,-0.0
15958,13532500027129,0.0
15959,13542500027130,0.0
15960,13552500027131,0.0
15961,13620500007090,-0.0
15962,13620800040026,0.0
15963,13621200014250,-0.0
15964,13621500018546,-0.0
15965,13621900047186,-0.0
15966,13622000042890,-0.0
15967,13622100022842,0.0
15936,13433600050031,0.0
15937,13433700037143,0.0
15938,13433800038575,0.0
15939,13434000054327,-0.0
15940,13440300004208,0.0
15941,13440800040008,-0.0
15974,13623100032866,0.0
15975,13623400035730,-0.0
15976,13623500048618,0.0
15977,13623600050050,-0.0
15978,13623700037162,-0.0
15979,13623800038594,-0.0
15980,13630400005659,-0.0
15981,13630800040027,-0.0
15982,13630900009955,-0.0
15983,13631200014251,-0.0
15952,13443000031416,-0.0
15953,13443300034280,0.0
15954,13443400035712,0.0
15955,13443600050032,-0.0
15956,13443700037144,0.0
15957,13443800038576,0.0
15990,13632500027139,-0.0
15991,13632700044323,-0.0
15992,13632800045755,0.0
15993,13633300034299,-0.0
15994,13633400035731,-0.0
15995,13633600050051,0.0
15996,13633800038595,-0.0
15997,13640400005660,0.0
15998,13640500007092,-0.0
15999,13640800040028,0.0
15968,13622300024274,0.0
15969,13622400025706,0.0
15970,13622500027138,-0.0
15971,13622700044322,-0.0
15972,13622900030002,-0.0
15973,13623000031434,-0.0
16006,13642000042892,-0.0
16007,13642100022844,0.0
16008,13642300024276,0.0
16009,13642400025708,0.0
16010,13642500027140,-0.0
16011,13642600028572,-0.0
16012,13642700044324,-0.0
16013,13642900030004,-0.0
16014,13643000031436,-0.0
16015,13643100032868,0.0
15984,13631500018547,-0.0
15985,13631700021411,-0.0
15986,13632000042891,-0.0
15987,13632100022843,0.0
15988,13632300024275,0.0
15989,13632400025707,0.0
16022,13650500007093,-0.0
16023,13650800040029,-0.0
16024,13650900009957,-0.0
16025,13651200014253,-0.0
16026,13651500018549,-0.0
16027,13651600019981,-0.0
16028,13651900047189,0.0
16029,13652000042893,-0.0
16030,13652100022845,0.0
16031,13652300024277,0.0
16000,13640900009956,0.0
16001,13641200014252,-0.0
16002,13641500018548,-0.0
16003,13641700021412,-0.0
16004,13641800041460,-0.0
16005,13641900047188,-0.0
16038,13653700037165,-0.0
16039,13653800038597,-0.0
16040,13660300004230,-0.0
16041,13660400005662,0.0
16042,13660800040030,-0.0
16043,13660900009958,0.0
16044,13661200014254,-0.0
16045,13661300015686,-0.0
16046,13661500018550,-0.0
16047,13661600019982,-0.0
16016,13643300034300,-0.0
16017,13643400035732,-0.0
16018,13643500048620,0.0
16019,13643600050052,-0.0
16020,13643700037164,-0.0
16021,13643800038596,-0.0
16054,13662900030006,-0.0
16055,13663100032870,-0.0
16056,13663300034302,-0.0
16057,13663400035734,-0.0
16058,13663600050054,0.0
16059,13663800038598,-0.0
16060,13670300004231,-0.0
16061,13671200014255,-0.0
16062,13671300015687,-0.0
16063,13671500018551,0.0
16032,13652400025709,0.0
16033,13652700044325,-0.0
16034,13652900030005,-0.0
16035,13653000031437,-0.0
16036,13653400035733,-0.0
16037,13653600050053,0.0
16070,13673000031439,-0.0
16071,13673600050055,-0.0
16072,13680300004232,-0.0
16073,13680400005664,0.0
16074,13680900009960,0.0
16075,13681100011392,0.0
16076,13681200014256,-0.0
16077,13681400017120,-0.0
16078,13681500018552,-0.0
16079,13681800041464,0.0
16048,13661800041462,0.0
16049,13661900047190,-0.0
16050,13662000042894,-0.0
16051,13662300024278,-0.0
16052,13662400025710,-0.0
16053,13662600028574,-0.0
16086,13682700044328,-0.0
16087,13682900030008,-0.0
16088,13683100032872,-0.0
16089,13683300034304,-0.0
16090,13683400035736,-0.0
16091,13683700037168,-0.0
16092,13690900009961,-0.0
16093,13691100011393,0.0
16094,13691200014257,-0.0
16095,13691400017121,-0.0
16064,13671900047191,-0.0
16065,13672000042895,-0.0
16066,13672100022847,-0.0
16067,13672500027143,0.0
16068,13672600028575,-0.0
16069,13672900030007,0.0
16102,13692700044329,-0.0
16103,13692800045761,-0.0
16104,13692900030009,0.0
16105,13693000031441,-0.0
16106,13693100032873,-0.0
16107,13693300034305,-0.0
16108,13693400035737,-0.0
16109,13693500048625,-0.0
16110,13693700037169,-0.0
16111,13693800038601,-0.0
16080,13681900047192,-0.0
16081,13682000042896,-0.0
16082,13682100022848,0.0
16083,13682300024280,-0.0
16084,13682400025712,-0.0
16085,13682600028576,-0.0
16118,13702100022850,0.0
16119,13702200052922,0.0
16120,13702300024282,0.0
16121,13702400025714,0.0
16122,13702800045762,0.0
16123,13702900030010,-0.0
16124,13703500048626,0.0
16125,13703900051490,0.0
16126,13704000054354,-0.0
16127,13710800040035,0.0
16096,13691500018553,0.0
16097,13692100022849,-0.0
16098,13692300024281,-0.0
16099,13692400025713,-0.0
16100,13692500027145,0.0
16101,13692600028577,-0.0
16134,13712100022851,0.0
16135,13712300024283,0.0
16136,13712400025715,0.0
16137,13712500027147,0.0
16138,13712600028579,0.0
16139,13712800045763,0.0
16140,13712900030011,0.0
16141,13713000031443,0.0
16142,13713100032875,0.0
16143,13713700037171,0.0
16112,13700400005666,0.0
16113,13701000012826,-0.0
16114,13701100011394,0.0
16115,13701200014258,0.0
16116,13701500018554,0.0
16117,13701900047194,0.0
16150,13733300034309,-0.0
16151,13733400035741,0.0
16152,13733800038605,0.0
16153,13740600008534,-0.0
16154,13741400017126,-0.0
16155,13741700021422,-0.0
16156,13742000042902,-0.0
16157,13742600028582,-0.0
16158,13742900030014,-0.0
16159,13743400035742,-0.0
16128,13710900009963,0.0
16129,13711000012827,-0.0
16130,13711100011395,0.0
16131,13711500018555,0.0
16132,13711800041467,0.0
16133,13712000042899,-0.0
16166,13752600028583,0.0
16167,13753300034311,-0.0
16168,13753800038607,0.0
16169,13761600019992,-0.0
16170,13761700021424,-0.0
16171,13762000042904,0.0
16172,13762900030016,0.0
16173,13763400035744,0.0
16174,13763800038608,-0.0
16175,13770500007105,-0.0
16144,13713800038603,-0.0
16145,13713900051491,0.0
16146,13714000054355,0.0
16147,13731700021421,-0.0
16148,13732600028581,-0.0
16149,13732900030013,-0.0
16182,13772900030017,0.0
16183,13773300034313,0.0
16184,13780500007106,0.0
16185,13781200014266,-0.0
16186,13781400017130,-0.0
16187,13781600019994,-0.0
16188,13781700021426,0.0
16189,13782000042906,0.0
16190,13782900030018,0.0
16191,13783800038610,-0.0
16160,13743700037174,-0.0
16161,13743800038606,-0.0
16162,13750600008535,-0.0
16163,13751400017127,-0.0
16164,13751600019991,-0.0
16165,13751700021423,-0.0
16198,13793300034315,-0.0
16199,13793700037179,-0.0
16200,13800300004244,0.0
16201,13801000012836,-0.0
16202,13801600019996,-0.0
16203,13801700021428,-0.0
16204,13802000042908,-0.0
16205,13802700044340,0.0
16206,13802900030020,-0.0
16207,13803700037180,-0.0
16176,13771000012833,-0.0
16177,13771200014265,-0.0
16178,13771300015697,-0.0
16179,13771400017129,-0.0
16180,13771600019993,-0.0
16181,13771700021425,-0.0
16214,13812900030021,-0.0
16215,13813300034317,-0.0
16216,13813700037181,-0.0
16217,13820300004246,0.0
16218,13820400005678,0.0
16219,13820600008542,-0.0
16220,13820700055798,0.0
16221,13820800040046,0.0
16222,13820900009974,0.0
16223,13821000012838,-0.0
16192,13791000012835,-0.0
16193,13791600019995,-0.0
16194,13791700021427,-0.0
16195,13792600028587,-0.0
16196,13792700044339,0.0
16197,13792900030019,-0.0
16230,13822300024294,0.0
16231,13822400025726,0.0
16232,13822700044342,-0.0
16233,13823100032886,0.0
16234,13823300034318,-0.0
16235,13823500048638,-0.0
16236,13823700037182,-0.0
16237,13823800038614,-0.0
16238,13823900051502,0.0
16239,13824000054366,0.0
16208,13803800038612,-0.0
16209,13810300004245,0.0
16210,13811600019997,-0.0
16211,13811700021429,-0.0
16212,13812600028589,0.0
16213,13812700044341,-0.0
16246,13833000031455,-0.0
16247,13833100032887,0.0
16248,13833300034319,-0.0
16249,13840300004248,0.0
16250,13840400005680,0.0
16251,13840500007112,-0.0
16252,13840700055800,0.0
16253,13840800040048,0.0
16254,13841100011408,-0.0
16255,13841300015704,-0.0
16224,13821100011406,0.0
16225,13821600019998,-0.0
16226,13821900047206,0.0
16227,13822000042910,0.0
16228,13822100022862,-0.0
16229,13822200052934,0.0
16262,13842100022864,-0.0
16263,13842300024296,-0.0
16264,13842400025728,0.0
16265,13842500027160,-0.0
16266,13842700044344,-0.0
16267,13842800045776,-0.0
16268,13843000031456,0.0
16269,13843200057232,0.0
16270,13843400035752,0.0
16271,13843600050072,0.0
16240,13830300004247,0.0
16241,13831000012839,-0.0
16242,13831600019999,-0.0
16243,13831800041479,-0.0
16244,13832600028591,-0.0
16245,13832900030023,-0.0
16278,13851200014273,-0.0
16279,13851300015705,-0.0
16280,13851600020001,-0.0
16281,13851700021433,-0.0
16282,13851800041481,0.0
16283,13852600028593,-0.0
16284,13852900030025,-0.0
16285,13853000031457,-0.0
16286,13853100032889,0.0
16287,13853300034321,-0.0
16256,13841400017136,-0.0
16257,13841500018568,-0.0
16258,13841700021432,-0.0
16259,13841800041480,0.0
16260,13841900047208,0.0
16261,13842000042912,0.0
16294,13861200014274,-0.0
16295,13861400017138,-0.0
16296,13861700021434,-0.0
16297,13861800041482,-0.0
16298,13861900047210,0.0
16299,13862200052938,0.0
16300,13862300024298,0.0
16301,13863100032890,0.0
16302,13863400035754,0.0
16303,13863500048642,-0.0
16272,13843700037184,-0.0
16273,13843800038616,-0.0
16274,13843900051504,0.0
16275,13844000054368,0.0
16276,13850300004249,0.0
16277,13850500007113,-0.0
16309,13870600008547,-0.0
16311,13871400017139,-0.0
16312,13871600020003,-0.0
16313,13871700021435,-0.0
16314,13871800041483,-0.0
16315,13872600028595,-0.0
16316,13872700044347,-0.0
16317,13872900030027,-0.0
16318,13873100032891,0.0
16319,13873800038619,-0.0
16288,13853800038617,-0.0
16289,13860100001386,0.0
16290,13860500007114,-0.0
16291,13860700055802,0.0
16292,13861000012842,-0.0
16293,13861100011410,0.0
16325,13881100011412,0.0
16326,13881200014276,-0.0
16327,13881400017140,-0.0
16328,13881500018572,-0.0
16329,13881600020004,-0.0
16330,13881900047212,0.0
16331,13882100022868,-0.0
16332,13882200052940,-0.0
16333,13882300024300,0.0
16334,13882400025732,0.0
16335,13882500027164,0.0
16304,13863600050074,-0.0
16305,13863800038618,-0.0
16306,13863900051506,0.0
16307,13864000054370,0.0
16308,13870200002819,-0.0
16341,13891000012845,-0.0
16342,13891300015709,-0.0
16343,13891400017141,-0.0
16344,13891700021437,-0.0
16345,13891800041485,-0.0
16346,13892600028597,-0.0
16347,13892900030029,-0.0
16348,13893400035757,0.0
16349,13900400005686,0.0
16350,13900800040054,0.0
16351,13900900009982,0.0
16320,13880100001388,0.0
16321,13880200002820,-0.0
16322,13880300004252,0.0
16323,13880400005684,0.0
16324,13880900009980,0.0
16357,13901600020006,-0.0
16358,13901900047214,0.0
16359,13903800038622,-0.0
16360,13904000054374,-0.0
16361,13910200002823,-0.0
16362,13910600008551,-0.0
16363,13911000012847,-0.0
16364,13911200014279,-0.0
16365,13911300015711,-0.0
16366,13911400017143,-0.0
16367,13911700021439,-0.0
16336,13883600050076,0.0
16337,13883800038620,-0.0
16338,13883900051508,0.0
16339,13884000054372,0.0
16340,13890500007117,-0.0
16373,13920700055808,0.0
16374,13920900009984,0.0
16375,13921100011416,0.0
16376,13921300015712,-0.0
16377,13921500018576,-0.0
16378,13921900047216,0.0
16379,13922000042920,-0.0
16380,13922100022872,-0.0
16381,13922300024304,0.0
16382,13922400025736,0.0
16383,13922500027168,0.0
16352,13901100011414,-0.0
16353,13901200014278,-0.0
16354,13901300015710,-0.0
16355,13901400017142,-0.0
16356,13901500018574,-0.0
16389,13931300015713,-0.0
16390,13931400017145,-0.0
16391,13931600020009,-0.0
16392,13932000042921,-0.0
16393,13932700044353,-0.0
16394,13932900030033,-0.0
16395,13933100032897,0.0
16396,13933700037193,-0.0
16397,13980301004262,0.0
16398,13980401005694,0.0
16399,13980601008558,0.0
16368,13912600028599,-0.0
16369,13912900030031,-0.0
16370,13920300004256,0.0
16371,13920500007120,-0.0
16372,13920600008552,-0.0
16405,13982001042926,0.0
16406,13982101022878,0.0
16407,13982401025742,0.0
16408,13983101032902,0.0
16409,13983401035766,0.0
16410,13983501048654,0.0
16411,13983601050086,0.0
16695,14112700044371,-0.0
16413,13990200002831,0.0
16414,13990300004263,-0.0
16415,13990400005695,0.0
16384,13922900030032,-0.0
16385,13923200057240,0.0
16386,13924000054376,0.0
16387,13930600008553,-0.0
16388,13931200014281,-0.0
16421,13991500018583,0.0
16422,13991600020015,0.0
16423,13991800041495,0.0
16424,13992000042927,0.0
16425,13992100022879,0.0
16426,13992300024311,0.0
16427,13992400025743,0.0
16428,13992500027175,0.0
16429,13992700044359,0.0
16430,13992800045791,0.0
16431,13992900030039,0.0
16400,13980701055814,0.0
16401,13980801040062,0.0
16402,13980901009990,0.0
16403,13981501018582,0.0
16404,13981601020014,0.0
16437,13993900051519,0.0
16438,13994000054383,0.0
16439,14000200002832,0.0
16440,14000400005696,-0.0
16441,14000500007128,0.0
16442,14000600008560,0.0
16443,14000700055816,0.0
16444,14000900009992,-0.0
16445,14001000012856,0.0
16446,14001200014288,-0.0
16447,14001300015720,-0.0
16416,13990600008559,0.0
16417,13990700055815,0.0
16418,13991100011423,0.0
16419,13991300015719,0.0
16420,13991400017151,0.0
16453,14002400025744,-0.0
16454,14002700044360,0.0
16455,14002800045792,-0.0
16456,14003000031472,-0.0
16457,14003300034336,0.0
16458,14003500048656,0.0
16459,14003600050088,-0.0
16460,14003900051520,-0.0
16461,14004000054384,-0.0
16462,14020405005698,0.0
16463,14020705055818,0.0
16432,13993200057247,0.0
16433,13993300034335,0.0
16434,13993500048655,0.0
16435,13993600050087,0.0
16436,13993700037199,0.0
16469,14022105022882,0.0
16470,14022305024314,0.0
16471,14022405025746,0.0
16472,14022805045794,0.0
16473,14023605050090,0.0
16474,14050400005701,-0.0
16475,14050900009997,0.0
16476,14051900047229,0.0
16477,14052100022885,-0.0
16478,14053000031477,-0.0
16479,14053500048661,0.0
16448,14001600020016,0.0
16449,14001700021448,-0.0
16450,14001800041496,-0.0
16451,14002100022880,-0.0
16452,14002200052952,-0.0
16485,14060800058283,-0.0
16486,14060900009998,0.0
16487,14060900057527,0.0
16488,14061000012862,0.0
16489,14061000057599,0.0
16490,14061100011430,0.0
16491,14061200014294,0.0
16492,14061200057635,0.0
16493,14061300015726,-0.0
16494,14061300057671,-0.0
16495,14061400017158,0.0
16464,14020805040066,0.0
16465,14020905009994,0.0
16466,14021105011426,0.0
16467,14021505018586,0.0
16468,14021905047226,0.0
16500,14061800041502,0.0
16501,14061900047230,0.0
16502,14062100022886,-0.0
16503,14062200052958,0.0
16505,14062300057887,-0.0
16506,14062400025750,0.0
16507,14062400057923,0.0
16508,14062700044366,0.0
16509,14062700058391,0.0
16510,14062900030046,0.0
16511,14062900058031,0.0
16480,14060100057311,-0.0
16481,14060200002838,0.0
16482,14060300057383,-0.0
16483,14060400057419,-0.0
16484,14060800040070,-0.0
16516,14063400035774,0.0
16517,14063500048662,-0.0
16518,14063500058499,0.0
16519,14063700037206,-0.0
16520,14063700058211,-0.0
16521,14063800058247,-0.0
16522,14063900051526,-0.0
16523,14064000054390,-0.0
16524,14064000058607,-0.0
16525,14070100001407,0.0
16526,14070100057312,0.0
16527,14070200002839,0.0
16496,14061600020022,0.0
16497,14061600057779,0.0
16498,14061700021454,-0.0
16499,14061700057815,-0.0
16532,14070500007135,0.0
16533,14070500057456,0.0
16534,14070600008567,0.0
16535,14070600057492,0.0
16536,14070900009999,0.0
16537,14071200014295,0.0
16538,14071300015727,0.0
16539,14071400057708,0.0
16540,14071500057744,0.0
16541,14071600057780,0.0
16542,14071700057816,0.0
16543,14071800041503,0.0
16512,14063000031478,-0.0
16513,14063000058067,-0.0
16514,14063100032910,-0.0
16515,14063300058139,-0.0
16548,14072400025751,0.0
16549,14072400057924,0.0
16550,14072800045799,0.0
16551,14072800058428,0.0
16552,14073100058104,0.0
16553,14073300034343,0.0
16554,14073300058140,0.0
16555,14073500048663,0.0
16556,14073500058500,0.0
16557,14073600058536,0.0
16558,14073700037207,0.0
16559,14073800038639,0.0
16528,14070200057348,0.0
16529,14070300004271,0.0
16530,14070300057384,0.0
16531,14070400005703,0.0
16564,14080200002840,0.0
16565,14080300057385,0.0
16566,14080800040072,-0.0
16567,14080800058285,-0.0
16568,14080900010000,0.0
16569,14081000012864,0.0
16570,14081000057601,0.0
16571,14081100011432,0.0
16572,14081300015728,-0.0
16573,14081400017160,0.0
16574,14081600057781,0.0
16575,14081700021456,-0.0
16544,14071900047231,0.0
16545,14071900058464,0.0
16546,14072100057852,0.0
16547,14072300057888,0.0
16580,14082300057889,-0.0
16581,14082400025752,0.0
16582,14082500027184,0.0
16583,14082700044368,0.0
16584,14082700058393,0.0
16585,14082800045800,0.0
16586,14082900058033,0.0
16587,14083000031480,-0.0
16588,14083300058141,0.0
16589,14083400058177,0.0
16590,14083500048664,0.0
16591,14083500058501,0.0
16560,14073900058572,0.0
16561,14074000054391,0.0
16562,14074000058608,0.0
16563,14080100001408,0.0
16596,14084000054392,-0.0
16597,14090100001409,0.0
16598,14090100057314,-0.0
16599,14090200002841,0.0
16600,14090300057386,0.0
16601,14090400005705,-0.0
16602,14090600008569,0.0
16603,14090700055825,-0.0
16604,14090800040073,-0.0
16605,14090800058286,-0.0
16606,14091100011433,0.0
16607,14091100057566,0.0
16576,14081700057817,0.0
16577,14081900047232,0.0
16578,14082000042936,0.0
16579,14082300024320,-0.0
16612,14091900047233,0.0
16613,14092000042937,0.0
16614,14092300024321,-0.0
16615,14092500027185,0.0
16616,14092600028617,0.0
16617,14092800045801,0.0
16618,14092900030049,0.0
16619,14093000031481,0.0
16620,14093100032913,-0.0
16621,14093300058142,0.0
16622,14093500048665,0.0
16623,14093500058502,0.0
16592,14083600050096,0.0
16593,14083700058213,0.0
16594,14083800038640,-0.0
16595,14083800058249,-0.0
16628,14093900051529,-0.0
16629,14100100001410,-0.0
16630,14100100057315,-0.0
16631,14100200002842,-0.0
16632,14100300004274,-0.0
16633,14100300057387,-0.0
16634,14100400005706,-0.0
16635,14100700055826,-0.0
16636,14100800058287,-0.0
16637,14100900010002,0.0
16638,14100900057531,0.0
16639,14101000012866,-0.0
16608,14091200014297,0.0
16609,14091500057746,-0.0
16610,14091600057782,0.0
16611,14091700057818,0.0
16644,14101600057783,-0.0
16645,14101700021458,-0.0
16646,14101700057819,-0.0
16647,14101800041506,0.0
16648,14101900047234,0.0
16649,14102000042938,0.0
16650,14102200052962,0.0
16651,14102300024322,-0.0
16652,14102300057891,-0.0
16653,14102400025754,0.0
16654,14102800045802,0.0
16655,14103000031482,-0.0
16624,14093700037209,0.0
16625,14093700058214,0.0
16626,14093800038641,-0.0
16627,14093800058250,-0.0
16658,14103500058503,-0.0
16659,14103600058539,0.0
16660,14103700058215,-0.0
16661,14103800058251,-0.0
16662,14103900051530,-0.0
16663,14104000054394,-0.0
16664,14104000058611,-0.0
16666,14110100057316,-0.0
16667,14110200002843,-0.0
16668,14110300004275,-0.0
16669,14110300057388,-0.0
16670,14110400057424,-0.0
16671,14110600008571,-0.0
16640,14101000057603,-0.0
16641,14101100057567,-0.0
16642,14101300057675,-0.0
16674,14110800058288,-0.0
16675,14110900010003,-0.0
16676,14110900057532,-0.0
16677,14111000012867,-0.0
16678,14111100057568,-0.0
16679,14111200057640,-0.0
16680,14111300015731,-0.0
16681,14111300057676,-0.0
16682,14111400017163,-0.0
16683,14111400057712,-0.0
16684,14111500057748,-0.0
16685,14111800041507,-0.0
16686,14112000042939,-0.0
16687,14112000058324,-0.0
16656,14103000058071,-0.0
16657,14103300034346,-0.0
16690,14112400057928,-0.0
16691,14112500027187,-0.0
16692,14112500057964,-0.0
16693,14112600028619,-0.0
16694,14112600058000,-0.0
8669,07242500026500,1.0284761141902146e-18
8203,07051700020753,2.6296432767539807e-08
7966,06942005042222,7.530254589388761e-07
5400,04840900009076,8.861384908875745e-06
12036,09902601028189,1.1073091758838972e-05
11263,09522600028144,2.9818583031497675e-05
7088,06061900046430,4.8586985911685366e-05
12152,09942601028193,5.350069190806187e-05
11232,09502000042462,6.637915011812555e-05
868,00702805044461,7.506349550221215e-05
5865,05071004011963,8.8661485704916e-05
4072,03973005030469,0.00012835105037110292
13552,10982805045490,0.00012878144702315115
16412,13990100001399,0.00015535113343640033
11379,09672601028159,0.00015683925750271702
2900,02892805044685,0.00018627278286081922
570,00540101000053,0.0001920601222696717
5772,05030504006231,0.00024882813062340525
12015,09893200056828,0.00025399591405756344
820,00680805038731,0.0002834697902443264
7692,06552001042183,0.0003612124413149118
5789,05033404034871,0.0003642095242249376
15302,12692500027045,0.00041253994980146276
52,00052800044396,0.00042338142056005923
13479,10910202002523,0.00045551270383744285
4368,04340600007594,0.0004661275977109158
9337,07682000042296,0.0004909586188217835
1395,01320900008857,0.0005156280869671295
10852,09122000042440,0.0005389263753312143
4340,04173404034785,0.0005522351841168517
3242,03301300014644,0.0005711627369012299
11252,09512600028143,0.0005716883370533606
8069,07001804040796,0.0005922981742981823
254,00330204001464,0.0006044204140889567
8611,07212500026497,0.0006296517758709976
10555,08932801045285,0.0006556914572156921
12080,09921301015303,0.000721888478693258
1946,01712805044543,0.0007526738098362879
8407,07132004042241,0.0008269421039838838
4883,04583404034826,0.0008398261140726063
15369,12722104022752,0.0008961485434821018
221,00311405015782,0.0010263209290797973
307,00352905028674,0.0011200198671316901
11378,09672001042479,0.001154657683268939
4112,04013004030473,0.0011872694413590941
11235,09502600028142,0.0012081670807086774
12027,09901301015301,0.0012399264802403275
8805,07310304003595,0.0012545555192085454
7609,06442104022124,0.0012748944350076796
8210,07052600027913,0.0013424289886772554
529,00492505025824,0.001355273722384065
8443,07142800045106,0.0014052996602918978
14107,11660600008326,0.001439015024510976
11351,09651305015269,0.001468514317325495
13519,10971205013985,0.0014737868672317826
496,00471405015798,0.0015459020329990731
12621,10122700043963,0.001553166854059805
6444,05551505017739,0.0015971282626555863
694,00611904045884,0.0016365460168997036
1416,01343000030339,0.001785825581189063
16814,14170100001417,0.0018580086796804148
5944,05151304014835,0.0018696229212933275
776,00660105000065,0.001920162327554895
10856,09122600028120,0.001999126362146213
12914,10250100001016,0.0020107762785737692
1230,01161900045940,0.002018114378927603
1780,01572800044529,0.00212295020817715
3857,03851804040481,0.0021924445815068388
8515,07172000042245,0.0022021099834663924
1451,01390900008864,0.0022074268295757993
144,00273005030098,0.0022306172782252786
7186,06122900029252,0.0023437954799942345
6702,05741300014894,0.0024957584268644395
10336,08850304003749,0.002500739768004922
3669,03680500006096,0.002678516552054448
14699,12182700044178,0.002706895200524953
8403,07131504017897,0.002717155588880412
1965,01830101000163,0.0028156785691198388
262,00331404015784,0.0028714768528940366
3592,03631300014683,0.002910059604737256
56,00060100000005,0.0029743507945188424
8413,07132804045105,0.0030021127091329146
16846,14203903051540,0.0030310187897668764
7188,06123400034980,0.003031369586715312
1243,01171500017301,0.003137332956174658
7151,06103400034978,0.0031383492847792283
6155,05281304014849,0.0031993922997837743
10395,08872404025231,0.003365522809856942
3208,03131300014633,0.0034057993341770096
10210,08792400025223,0.0035611793034288747
293,00350205001466,0.0035856757551538227
12596,10112700043962,0.003775785732429208
6437,05542804044946,0.0038532573810009726
15199,12581300015578,0.0038611910105918277
8944,07382003042266,0.004021621474750672
5404,04841300014804,0.004030394906916412
13319,10591600019682,0.004204173352947431
9637,08113603049490,0.004340494100907109
7125,06082000042136,0.004425289788400472
14217,11732000042701,0.004500572858277176
3855,03851004011841,0.004555802491846526
14187,11711700021219,0.0047829693747279845
1949,01713505047407,0.004943136899959402
332,00371405015788,0.00507749471959392
12,00030100000002,0.005128732458727706
4988,04650204001902,0.005164391915524805
5138,04711304014796,0.005252763333622962
93,00251505017208,0.005363137459035732
2206,02241600018820,0.005532866219903608
4321,04170204001849,0.005616117201531775
16841,14202903030060,0.005747931030179374
8649,07231300015043,0.0057954986678655195
10788,09062005042434,0.005913552312729738
4140,04040100000404,0.00593327505518387
4095,04001505017584,0.006488212003332093
5255,04770304003331,0.006613369577504028
1269,01192800044511,0.0067464112198109705
3071,03071500017490,0.006837135261571928
13853,11531300015473,0.00688095442212113
900,00731400015824,0.007201990443476994
179,00291405015780,0.007316694552556889
133,00271505017210,0.007659939918639382
13550,10982605028306,0.007688005969895131
7089,06062000042134,0.00784857618633445
5630,04961904046320,0.00790489655404611
12595,10112600028210,0.008096626204222666
8172,07041500017888,0.008223235906061017
4995,04651304014790,0.008233323864377641
13865,11533100032657,0.008312600533098874
5770,05030304003367,0.008767230383446067
7169,06120300003476,0.009589650573600467
26,00040100000003,0.00986959286976994
1100,00861505017270,0.010701759321379239
8071,07002004042228,0.010798383737071855
2217,02250205001637,0.0114664178433485
5493,04863400034854,0.011769907117710157
13303,10532602028261,0.012350319787078203
4455,04380800039102,0.012370088041254121
8654,07232200052275,0.012662232235164836
3965,03911804040487,0.013064751429760135
7073,06052000042133,0.013549134804982278
8990,07412001042269,0.013683059025960297
15804,13341904047158,0.013744564653497148
12493,10072000042526,0.014054686274466585
8205,07051900046529,0.015016736629429026
9655,08131903046628,0.015345771584601238
522,00490105000048,0.015661075256795366
14737,12233005031295,0.015697842874531555
4860,04580304003322,0.01578204177424303
7931,06910304003555,0.015963578707256017
6726,05771505017761,0.016108319823151265
9090,07511400016503,0.016109810247634283
13527,10972605028305,0.016405296236054134
7669,06542001042182,0.01659655200738173
127,00270205001458,0.01672218097832946
3145,03101300014630,0.01686567029264815
12620,10122600028211,0.01846323912162311
7960,06940205002126,0.020602517827765784
8334,07101300015030,0.02130421879216649
9494,07880103000779,0.022092704881291038
291,00343400034401,0.022642631432543876
14736,12232905029863,0.023555906694533814
13534,10973505048353,0.023720180043917936
41,00050100000004,0.023864439442290598
2148,02202905028840,0.024318302759538418
805,00671204012954,0.024913467777053534
9353,07692000042358,0.02708536590991969
8061,07000204002132,0.030019799101659753
1938,01711305014471,0.03311817304405396
1800,01592700043099,0.03510093280592784
15184,12521504018436,0.03649076197597449
16845,14203803038652,0.03860577062065293
7109,06072000042135,0.03865307069563463
253,00330104000032,0.04053669820179972
8658,07232600027931,0.04426465934534948
2113,02191305014519,0.051098139168607164
8544,07182600027926,0.055811235062683845
3119,03091300014629,0.06844784783809832
1849,01661305014466,0.07376750097453622
7781,06602005042188,0.07607409499731786
7149,06102900029250,0.07758880129829838
4329,04171304014737,0.08068873700124997
7146,06102000042138,0.0939461231060328
8612,07212600027929,0.10901812455619296
7063,06042000042132,0.13919766052743074
7486,06332000042161,0.14695744866515428
8519,07172600027925,0.19654170357249645
0,00020100000001,0.4646637041377207
