id,1993,1994,1995,1996,1997,1998,1999,2000,2001,2002,2003,2004,2005,2006,2007,2008,2009,2010,2011,2012,2013,2014,2015,2016,2017,2018,2019,2020,2021,2022,2023
00020100000001,,,,,,,,49.16664608807829,49.68632245382171,50.307604759148404,50.90362238284732,51.61058716202607,52.21854792084269,53.03715131242191,53.90831153220561,54.93157719611592,56.002064504149665,57.104630770401855,58.2948709330785,59.54317183947071,60.95042664021522,62.288491652649746,63.69457070584402,65.22399657757101,66.67959368232322,68.23898382017575,69.67899615190655,71.14482974984726,72.4368986952722,73.7402526110427,
00030100000002,,,,,,,,24.15858370108189,24.319390999433892,24.631165693560217,24.909059366861804,25.278217743963147,25.7140812848029,26.371043759045126,27.012105654147938,27.935353544443345,28.943943631485155,30.09860369184527,31.453300540383097,32.96057429236365,34.73175032043367,36.550374384792384,38.513031149724945,40.686727198208324,42.908978017881864,45.206025481241774,47.528097107420784,50.00699909858472,52.19435285632528,54.43167483711406,
00040100000003,,,,,,,,75.98223515890461,76.41211420351266,76.81282236747137,77.28547311403683,77.69281373918712,78.18153125158082,78.71166221262871,79.34080668199492,80.07422996584876,80.8002559216742,81.54738391678762,82.27043666287045,83.05155894512939,83.7331977025015,84.42521714346418,85.10623127402891,85.79538583452526,86.43711147559189,87.00509831238523,87.62271600347638,88.10751150753643,88.55388827097748,88.89774720143353,
00050100000004,,,,,,73.19623538545798,74.50321051167406,78.22140091008494,78.71523321090459,79.10069605310942,79.96462983758636,79.95170255429112,80.70074701030387,81.35274026741924,81.97030146710155,82.66718967575541,82.86467874959344,83.4457248747674,84.50421831918536,84.9339457280601,85.70947903233323,86.1952045782154,86.92354811386403,88.1038273506242,88.9310968401293,89.7963518726606,90.10693006934741,90.39737826184331,91.33499199242291,91.27785332524395,
00060100000005,,,,,,,,66.3848917650058,68.2120456045662,68.45313125707355,67.34835237424694,66.96553465647504,68.28122402409197,68.93006944797821,68.98908177277062,70.71106928788176,72.21149304989103,72.77692724183525,74.13257071585876,74.74998328811276,75.94137539189215,76.1939642223741,76.6559045631895,79.25936833927852,80.77208237114215,81.98692250173653,82.61623798766766,82.8488898331942,84.33774357110859,83.88561502076092,
00070100000006,94.29227242282977,94.76422510707488,94.73361267279977,94.55688019630294,94.62944452774175,94.45615978635783,94.92633921109193,94.78213417599319,94.68091927881629,94.8376367680645,95.00873520377819,94.97744218998153,95.16390722669676,95.35579084836773,95.56004412131472,95.59424876291324,95.9924808209241,95.88125882787621,96.39013529409043,96.4887344659039,96.5005205412843,96.5683523120895,96.44412989615843,96.89643160490702,97.14290242875126,97.0367782466657,97.28982261782456,97.26911882758094,97.6382876147993,97.635725901546,
00080100000007,,,,,,,,,,,,,,,,,,,50.63,,,61.92,,,68.5,,,,76.2,,
00090100000008,,,,,,,,,,,,,,,,,,,46.62,,,58.4,,,64.85,,,,73.99,,
00100100000009,,,,,,,,,,,,,,,,,,,54.75,,,65.49,,,72.24,,,,78.35,,
00110100000010,,,,,,,,,,,,,,,,,,,54.45,,,66.12,,,71.91,,,,79.07,,
00120100000011,,,,,,,,,,,,,,,,,,,41.38,,,54.62,,,60.89,,,,71.91,,
00130100000012,,,,,,,,,,,,,,,,,,,36.99,,,48.4,,,56.34,,,,66.01,,
00140100000013,,,,,,,,,,,,,,,,,,,57.06,,,66.86,,,73.73,,,,79.05,,
00150100000014,,,,,,,,,,,,,,,,,,,66.12,,,73.22,,,78.6,,,,84.62,,
00160100000015,,,,,,,,,,,,,,,,,,,37.08,,,46.9,,,56.3,,,,65.52,,
00170100000016,,,,,,,,,,,,,,,,,,,,,,,,,,,,,,,
00180100000017,,,,,,,,,,,,,,,,,,,,,,,,,,,,,,,
00190100000018,,,,,,,,,,,,,,,,,,,,,,,,,,,,,,,
00200100000019,,,,,,,,,,,,,,,,,,,,,,,,,,,,,,,
00210100000020,,,,,,,,,,,,,,,89.74708,,89.88673,89.73896,89.76079,90.09036,90.28756,90.44798,90.30999,90.5136,90.48209,90.45493,,,,,
00220100000021,,,,,,,,,,,,,,,,,89.20455,89.1279,89.34253,89.50035,89.67569,89.76395,89.5167,89.63329,89.56732,89.45854,,,,,
00230100000022,,,,,,,,,,,,,,,,,,90.40824,90.24007,90.74577,90.95355,91.19433,91.15254,91.41351,91.40409,91.46353,,,,,
00240100000023,1.6312492299344967,4.47123882654769,2.9773948277040034,2.601358733466853,3.9315519221473636,1.9588408078915052,2.8479950280780884,3.4207946560102584,1.9763619155368275,3.557036874970393,1.4916665231441613,5.282470936345689,3.403154742016085,5.119795253229569,4.980895636349359,-0.27526557049576184,-0.717452117576741,5.078549032305318,2.562668540699889,3.1643874718443783,2.397395975008692,3.353680186022629,3.3562241090848914,2.6882859198336746,3.6969878882264595,2.5140360580678163,2.276193522666148,-4.082871503929695,5.39761234782155,,
00250105000024,31950764471373.215,33379359457796.062,34373194779813.21,35267364884189.45,36653919646184.52,37371911581905.75,38436261765656.164,39751087354105.84,40536712705584.17,41978618524422.61,42604799523829.81,44855385676164.47,46381883860852.47,48756541349118.84,51185053789611.98,51044158959289.44,50677941559936.77,53251645670621.195,54616308841627.18,56344580476195.46,57695383180667.305,59630301814647.17,61631628380470.445,63288462768386.85,65628229571578.82,67278146927279.836,68809527749808.39,66000123149322.87,69562553946008.14,,
00260105000025,21179882955521.035,22955734952912.26,25573274849752.31,26260258093970.88,26252105118220.652,26354034836874.43,27258116758577.305,28052166386128.145,27922357816076.65,28956739979765.45,32408954619823.266,36549981826599.97,39445751259769.79,42901257046696.8,48099220942837.77,51947143139196.46,49471564291060.27,54322643988210.43,59799125834459.055,61447627476825.7,63072777643219.6,65071071538938.66,61631628380470.48,62596688007477.555,66692896504048.836,70284831261590.664,71213354902445.14,68580436251713.664,76892463673445.11,,
00270100000026,0.030385539573813958,2.879918849168604,1.4398290120681594,1.0840143440002095,2.4213928412726347,0.503232322603651,1.4205321775633308,2.019661933890376,0.617378637016941,2.2081971968434573,0.19108204532788875,3.937176160295877,2.0976927027640073,3.7926916944271767,3.6663279050132473,-1.530307995004648,-1.9520000461177602,3.809588950792758,1.3247374726780237,1.8760256526466463,1.1360023834188269,2.10853070660319,2.1400731256364907,1.500910849114348,2.531330489073497,1.4167522534281431,1.2188667337581478,-5.0504108074326695,4.53212985814848,,
00280105000027,5741.605669009204,5906.959252915933,5992.009365970461,6056.963606991416,6203.626490169594,6234.84514384173,6323.413125331245,6451.124693146188,6490.952558848997,6634.285591301939,6646.962519902693,6908.665143620104,7053.5877081962235,7321.108543364118,7589.524388845785,7473.381290340451,7327.500884106449,7606.64854815661,7707.41667188896,7852.009785809962,7941.208804123042,8108.651630233452,8282.182704623563,8406.49088338073,8619.286950172931,8741.400892268945,8847.946919809248,8401.089252335296,8781.837526750087,,
00290105000028,3806.0602949055024,4062.3485048908105,4457.988365639063,4510.045706780029,4443.133403089214,4396.706488058733,4484.419799560515,4552.530139810246,4471.075423202552,4576.312646093135,5056.263826489846,5629.459687815383,5998.76596347814,6441.899913216636,7131.968873777687,7605.587309857254,7153.07133483591,7759.633638006384,8438.812310758203,8563.154933182659,8681.35489372509,8848.498737359183,8282.182704623567,8314.603705741116,8759.115037220605,9132.057209707717,9157.045612191792,8729.534710279531,9707.192802838112,,
00300100000029,6.494331535342141,7.888070264798449,8.522327176878118,10.814257459020101,11.213854537263114,10.831956904969468,10.201082198867969,10.07946576345171,9.251845677173122,8.807604611887458,8.848402431906612,9.665764312350456,9.817838783903047,10.876004301737376,11.01624220123914,9.600944929038434,7.775733112391841,9.526932238987305,9.739090464607449,10.182149415908212,10.289578838375249,10.689123014048016,10.719507887060505,10.3028835634233,11.055285631781615,10.821413847695812,10.531349508207613,9.531977132019673,9.832528376602873,,
00310105000030,,,,,,,,,,,,,,,,,,,,,,,,,,,,,,,
00320100000031,6.190901324662404,7.595495633834053,8.242504979516008,10.53924167332332,10.942203477937172,10.572083758490093,9.951244909120836,9.832890788934112,9.010999699960525,8.573006291962455,8.62390243079105,9.451974565200658,9.604874628082046,10.66608309012718,10.803956179604764,9.362171581222231,7.530229872590859,9.277995314849843,9.491524173259338,9.93236636071878,10.038255800569253,10.440064483426434,10.465456802698988,10.055235321257655,10.812071277422769,10.580861637587704,10.289560375013549,9.279122860466195,9.59021403183639,,
00330105000032,,,,,,,,,,,,,,,,,,,,,,,,,,,,,,,
00340100000033,1.136415337530031,1.1101345425803189,1.0621452137984326,1.1036662487319022,1.1729190161664549,1.2203565173307636,1.2255809758835639,1.2784893544085223,1.3666233381632287,1.3911562961122073,1.3548327112748628,1.3193877948332202,1.3329979178063993,1.3341358535043906,1.2973120329537164,1.241798694248288,1.3315735390960723,1.3312171648973223,1.2902226351628483,1.3291086371397256,1.375819740894788,1.3933824009216662,1.5167486955988105,1.5450753223148004,1.5330732522518067,1.551794304368339,1.5949290486221543,1.6155764821253287,1.5544498976892065,,
00350104000034,,,,,,,,,,,,,,,,,,,,,,,,,,,,,,,
00360100000035,16.43071223350057,16.259654758980336,16.25586249243785,15.747412255037363,15.596351560741544,15.632998556427905,15.758310717397524,15.68123389916856,15.83346970566725,15.895265499377865,15.848370084971307,15.662188702039709,15.57450743649025,15.457429806595895,15.482609208532917,15.969141863015027,16.95783512689,16.526598095082772,16.61390400126899,16.85239549101008,17.00125788445365,17.152555689388958,17.368333810435335,17.42073856037119,17.29495588711944,17.54059795513111,17.78184479106918,18.889375782630015,18.748733549451888,,
00370105000036,,,,,,,,,,,,,,,,,,,,,,,,,,,,,,,
00380100000037,4.386048605820104,4.536865932055702,4.308681117120149,4.31306787651944,4.372450605205818,4.0279088512090615,3.984450147607192,4.037315025242769,4.161729818489644,4.200516187934591,4.29498018534838,4.18867077850916,4.114847157577252,4.159723234926766,4.107311874829256,4.1269342872454695,4.22367040982872,4.241089419730867,4.228541093394258,4.099314696650641,4.317554564340897,4.275137931384747,3.9683611271635715,3.9153732614535204,3.948298159085889,3.863680774529752,3.8646804185647463,3.8319457657712985,3.8250306985958615,,
00390105000038,,,,,,,,,,,,,,,,,,,,,,,,,,,,,,,
00400100000039,0.6394107451737928,0.5569251547665558,0.5495129234384155,0.7163351021849639,0.6357415042299509,0.3416186045865227,0.5315742966422671,1.0732214106949074,0.8952954606237433,0.8010713086531703,0.9556256984468966,1.1766024588312143,1.5425163218612665,1.5376565504038946,1.4574047359182944,2.1064468419296882,1.0762141888220096,1.3222750323314076,1.8249450905452214,1.6094952185475806,1.4409105351399367,1.2749677029458817,0.6429200561007724,0.5362162751210047,0.6998838280080483,0.9981897928536244,0.8529116490800982,0.47370348701661175,1.000425209316988,,
00410104000040,,,,,,,,,,,,,,,,,,,,,,,,,,,,,,,
00420100000041,20.43399640004911,21.41435002967028,22.231737769039995,24.20181526608254,24.36586790068765,24.107824922791078,23.820917215026753,24.167684679432313,23.26208067601772,22.778211126465116,22.81297353812448,23.746063429344918,24.304199122959925,25.300409939266117,25.50940287014732,25.154479825772103,23.151960157320143,24.881311159102193,25.743888355050395,26.17308916761579,26.0530868821584,26.45458842266627,26.445605873546736,26.071555912614816,26.827116124920483,27.228009733680054,27.060913265650083,26.877908971447447,27.783623174450042,,
00430100000042,0.04226117438249054,0.055544648526632746,0.058425952857067365,0.046517003334699575,0.04259749314813978,0.03626685494487192,0.03483902396792731,0.039739448861709346,0.030209077206755735,0.033319060976587996,0.03436350280219379,0.06241609480575606,0.10216916731262174,0.2038404110406026,0.2991249858298248,0.2951409479579969,0.16849110004669504,0.35171568369508766,0.4444014661906872,0.23737438208049383,0.20067792382722577,0.15035193631893437,0.0951935712785829,0.1082211155366548,0.12047728307589853,0.12898825161872937,0.11402606502216717,0.1392737592877632,0.41642115874331626,,
00440104000043,,,,,,,,,,,,,,,,,,,,,,,,,,,,,,,
00450100000044,0.7614437399819298,0.69788416864028,0.7028644365187313,0.8546708792930252,0.7614990877158858,0.45627966419303884,0.6298779488251113,1.1817886496032128,0.9846056251856745,0.895381413178717,1.0685043779436518,1.300556254989551,1.7103450841717123,1.8075267210421753,1.8370512445754918,2.490417988337566,1.3217973525114304,1.7536676746183708,2.3571301075314133,1.9265770319426865,1.7196294684803297,1.50867288956991,0.8172207685261313,0.7256716502519603,0.9013812206977904,1.1935283114997388,1.0476244585803125,0.6936718255306381,1.5223589977091152,,
00460100000045,0.07691397994018756,0.08088659207368847,0.0921451267502602,0.0866950742929523,0.0768543943442648,0.07253633574060553,0.05398014987469378,0.0528498280896722,0.04636723567326538,0.05031053739241897,0.06635929407098916,0.04837484499372449,0.04901665316359042,0.05106625091072335,0.06402158050268694,0.06794083682813992,0.0657834999022461,0.06366236383916803,0.05986579066946045,0.06188071958033844,0.0623965238084471,0.0693456104275615,0.07126298023630194,0.0737943373013841,0.0717384017695657,0.050706356542191834,0.050532622213616825,0.05994809413935187,0.056095681241630606,,
00470104000046,,,,,,,,,,,,,,,,,,,,,,,,,,,,,,,
00480100000047,4.003284166548539,5.154695270689945,5.975875276602146,8.454403011045178,8.769516339946106,8.474826366363173,8.062606497629229,8.486450780263752,7.428610970350471,6.882945627087251,6.964603453153174,8.08387472730521,8.729691686469675,9.842980132670222,10.026793661614402,9.185337962757076,6.194125030430143,8.354713064019425,9.129984353781406,9.32069367660571,9.05182899770475,9.302032733277311,9.077272063111401,8.650817352243624,9.532160237801044,9.687411778548945,9.279068474580903,7.988533188817431,9.034889624998154,,
00490105000048,,,,,,,,,,,,,,,,,,,,,,,,,,,,,,,
00500100000049,0.30343021067973747,0.2925746309643953,0.27982219736211056,0.27501578569678276,0.27165105932594175,0.2598731464793758,0.2498372897471324,0.24657497451759713,0.24084597721259798,0.2345983199250026,0.22450000111556145,0.2137897471497982,0.2129641558210016,0.20992121161019517,0.2122860216343741,0.23877334781620224,0.24550323980098232,0.24893692413746196,0.24756629134811134,0.24978305518943322,0.25132303780599613,0.2490585306215821,0.25405108436151724,0.2476482421656453,0.24321435435884634,0.24055221010810793,0.24178913319406417,0.2528542715534784,0.24231434476648306,,
00510105000050,,,,,,,,,,,,,,,,,,,,,,,,,,,,,,,
00520101000051,73.96326492694132,73.47348571681572,73.10661920673628,70.90161955294896,69.0926560752747,68.21158931644854,67.12400301220019,66.31988380764655,65.25379651075838,63.10977448037318,61.165995281289526,57.86250626918825,53.91834550999983,52.63138675649755,52.48549750097484,53.71434277012089,52.77212885914392,52.22635072135498,52.19700315953087,52.205511671002746,51.14554986842756,49.249088376478724,45.962322170701206,44.031320372271146,43.048164707441636,42.04143467251854,41.180730495330224,40.21750973363325,39.731905972544645,39.286304898328815,
00530100000052,,,,,,,,,,,,,,,,,,,,,,,,,,,,,,,
00540100000053,,,,,,,,,,,,,,,,,,,,,,,,,,,,,,,
00550100000054,,,,,,,,,,,,,,,,,,,,,,,,,,,,,,,
00560101000055,3000000.0,3200000.0,3200000.0,3200000.0,3200000.0,3100000.0,3000000.0,2800000.0,2700000.0,2600000.0,2600000.0,2500000.0,2500000.0,2400000.0,2300000.0,2200000.0,2200000.0,2100000.0,2100000.0,2000000.0,1900000.0,1900000.0,1800000.0,1800000.0,1700000.0,1600000.0,1500000.0,1500000.0,1400000.0,1300000.0,
00570101000056,2400000.0,2500000.0,2500000.0,2500000.0,2400000.0,2400000.0,2200000.0,2100000.0,2100000.0,2000000.0,1900000.0,1900000.0,1800000.0,1800000.0,1800000.0,1700000.0,1700000.0,1700000.0,1700000.0,1600000.0,1600000.0,1500000.0,1500000.0,1400000.0,1400000.0,1300000.0,1300000.0,1200000.0,1100000.0,1100000.0,
00580100000057,64.9995952861961,64.63133348040257,64.1546249848412,63.60495022134496,62.956696305457335,62.2405952599342,61.51857393010814,60.79672908202991,60.0737504151907,59.35101710663087,58.65311625256085,57.96222244055666,57.279301511767336,56.695363440537605,56.2268552796853,55.83230084977756,55.5093025725814,55.22879302506476,55.033152895805685,54.96784950094667,54.97559883756084,55.0275755444815,55.09233886481831,55.15428085344699,55.260973166792745,55.3621910078898,55.425444197128215,55.423148925717854,55.31556992578076,55.16663183329442,54.99634257180934
00590100000058,10.28085562209004,10.396239718237181,10.498156969738902,10.583734287398352,10.66534544361694,10.74148896229782,10.812963507514269,10.888331887115715,10.971509300000646,11.058405017154813,11.143071665385301,11.220397521230751,11.293425017195304,11.371484277668875,11.444887052341567,11.503418386734674,11.562998048283305,11.63489579927626,11.748672429152546,11.932750441680122,12.148816176065456,12.39748817899217,12.683461240068723,12.986335988638922,13.318507825684673,13.673304619810068,14.036422237680965,14.3933341815038,14.687683458433394,15.002141581900936,15.357901513488894
00600100000059,53.182732356023024,52.719438603124374,52.1575720139401,51.524496243696326,50.78856824883475,49.99834549561526,49.20809646413684,48.40419157088976,47.57822842556185,46.72930551864506,45.90444652209068,45.09675874750118,44.29437483863207,43.60078487516709,43.05389321629947,42.60410577017342,42.23090172704134,41.89554507199092,41.6113830258235,41.397139573185086,41.22896152630397,41.078095358152574,40.908810764646596,40.728300439468796,40.57373425756854,40.38717598308681,40.14547319537333,39.83814643838687,39.47508091987121,39.044077254190846,38.54792581706277
00610100000060,,,,,,,,,,,,,,,,,,,,,,,,,,,,,,,
00620100000061,36.69760082770652,36.86435682031938,36.84847266519083,36.903144140597725,37.03123696397765,37.14129645573776,37.154714390440844,37.17293744923508,37.173381709555734,37.102869652634105,36.93696825564754,36.56732054025726,36.618958136003215,36.623943953265716,36.55540700622753,36.452580557371505,36.41823345162885,36.42367667025675,36.588911590640706,36.93919278954658,36.85894998995847,36.85592905958671,36.69496732904461,36.64946240863836,36.8945994209391,36.772749472368446,36.807538423827616,36.745582267796685,36.83807799235308,36.883592773076636,
00630104000062,47953564.97799999,48175796.627,48163053.69,48242599.31299999,48444843.107,48578918.782,48608222.55200001,48658072.78000001,48677940.201,48598261.629,48415445.119,48001414.017,48074962.227,48085665.286,48001809.20500001,47844078.34799999,47784888.599,47778821.436,47966561.70600001,47905619.056,47804237.486999996,47802474.39799998,47584789.34399999,47544868.221999995,47863143.916999996,47739251.72199999,47770375.24899999,47727706.138000004,47812049.11299999,,
00640100000063,2.359797492184239,2.5437075171618537,2.6252148710372483,2.3623626297236107,2.2430246222693504,1.9815747664960264,1.8739630847600606,1.809678166102022,1.6824126352146258,1.6867027973718265,1.6891684607830058,1.6414241832561134,1.554913651460773,1.5060043024667127,1.5150912533647642,1.3958375626173825,1.3750567320256537,1.5573363055143936,1.6782531966140228,1.5732437681906088,1.5202040060356266,1.4573842637553576,1.4718925135684278,1.4800586465218264,1.4580303501109404,1.433433579686995,1.3489397771180904,1.3638074179674502,1.4117340426319815,1.283745452841378,1.1500740670055931
00650100000064,2.764522021372849,3.0303253237620096,3.145926684746322,2.7872751377232796,2.708536794403444,2.438337507646346,2.2921991404263875,2.2566789452522054,2.1648021768273753,2.075950356909713,1.9934287479001178,1.9268348597796376,1.7866693288677673,1.714004188975068,1.6536098672808772,1.5248027017853292,1.4817099527531294,1.6340407527898833,1.7284595307521848,1.5946673254971209,1.5689694622843977,1.5133759056990244,1.5555844416046802,1.5404521882560898,1.5197780338745117,1.474243689707046,1.385197896927438,1.3532795407632912,1.4020477080308216,1.3327115300457257,1.1821674168447904
00660100000065,3.8196988696423455,3.8940123919102834,3.868459090514204,4.008333422150068,3.9132779112654217,3.7941727662159725,3.466725045742706,3.3456722712252236,3.323089804267896,3.2824063510482753,3.273431032184974,3.313204038722623,3.187413144127981,3.1612687519628926,3.340541775359119,3.500849722722198,3.614413787692233,3.8185643176708384,3.9612656254811496,4.000759130783775,4.131437964113269,4.115877591189417,4.199951963500538,4.146438730955844,4.110420819604176,3.9409177360569134,4.001109601399339,4.333792246825111,4.263409198364213,4.251387701538769,4.10306441419422
00670100000066,0.8144476884210974,1.6547933373295223,1.7662533201457506,5.110973856668082,1.4037216743411278,2.342178128868426,2.989877834383691,2.4908667742344903,2.381835002663422,2.484604103540434,2.214717099243174,4.231890288524582,3.137944540940566,3.4987837314176033,2.4222876820666244,3.5034404675176916,1.9200699216050765,3.3029264943887284,4.501130233282154,1.8302892618500977,4.059512312111309,3.0795630440817234,2.1429909093282618,1.9982071329589246,4.096551682826302,2.2500129898431993,3.1395114769077566,1.9288078080418387,3.9597115991334846,2.941507641331981,2.5097194796003492
00680104000067,1713693525333.0107,1742051611612.4688,1772820656041.2266,1863429056297.1052,1889586413846.318,1933843893557.4958,1991663463482.554,2041273146949.0088,2089892905263.0095,2141818470146.7747,2189253690039.8638,2281900504339.8267,2353505276645.4536,2435849336382.78,2494852614811.6816,2582258290923.9175,2631839455666.1006,2718767178337.0723,2841142429773.7544,2893143554579.77,3010591073384.99,3103304123489.3774,3169807648744.564,3233146971282.8555,3365594507943.191,3441320821557.362,3549361483707.3716,3617821845140.749,3761077156378.7725,3871709528330.046,3968878576556.088
00690105000068,,,,,,,,,,,,,,,,,,,,,,,,,,,,,,,
00700105000069,,,,,,,,,,,,,,,,,,,,,,,,,,,,,,,
00710104000070,991538315984.0908,1088061034433.8438,1205012549707.2046,1277331642125.4224,1242888787388.2798,1202854312204.7646,1135251534699.5442,1132705887120.766,1118088820134.3403,1146878418473.0012,1282587756845.327,1462815994382.7063,1523955927026.304,1638022735888.1106,1950516224272.554,2245874788975.1094,2198087629410.8074,2543534569851.023,2934538761898.9004,3028808867998.6934,3217293118888.0327,3293539145509.693,3169807648744.563,3180424391176.4565,3358708842003.5737,3424060051945.1865,3526972141695.193,3716790826577.267,4171673410127.9795,4326676025030.8945,4356291922466.7275
00720105000071,1515.9857915635332,1604.6591613254734,1687.6149978057567,1773.843567765265,1800.9682680179137,1816.848532887919,1840.5096683301597,1853.4964484792067,1891.1595926586608,1926.0565779147814,1963.424493711493,2063.9507382025254,2144.532621237989,2249.1541169740294,2328.7092689504684,2423.734582478289,2495.6188366668084,2602.3496045516713,2759.104158223804,2853.1275517230983,3022.6973693549335,3178.8391664184696,3497.5560443126797,3391.4565385575065,3563.2639150811847,3686.8571524305244,3820.8953315923154,3875.4147130756055,3953.405206874417,4046.4401153855742,4011.96285669172
00730105000072,67522.6001899917,77183.30033116814,83098.2003978345,89164.59998060002,102876.10121963183,101788.2743056366,108629.61824587313,118257.21100000004,110860.83500009545,117506.67299999997,124203.19899999998,139032.94,141483.603,148937.60400000002,158205.94599999985,158487.87400000004,175509.343654396,182498.62707796987,183532.23005902267,175567.3422488429,176421.55781354744,185517.10946141926,188363.4163123445,195588.2750940342,213628.64717206245,222156.7007793349,219524.4478450051,182526.18487654746,219227.32846961028,,
00740105000073,1142265216.0,1233233404.0,1302891640.1,1390963704.0,1455104192.0,1466961780.0,1562256300.0,1674064712.0,1655230214.0,1627404873.0,1665309283.0,1888695284.0,1969590799.0,2072413898.0,2209136496.0,2208218737.0,2249728546.0,2669414339.209941,2833214050.182069,2943247912.5648885,3100200780.172673,3285080769.4758954,3525115153.0,3760774350.0,4025616011.770312,4293921426.1293063,4455690101.028276,1771894087.0244997,2279974770.1229997,,
00750105000074,15986200.0,17218900.0,18008200.0,18953600.0,19546600.0,19653200.0,20736600.000976562,22008658.0,22264220.0,20817389.0,21282617.0,23752616.0,24215712.0,24829383.0,26016011.0,25498093.0,26122523.0,30222074.54052834,31203707.095181733,31434525.586079344,32160518.88217208,33026724.979076922,34030586.0,35337714.0,36299460.058,37405640.248385906,38082933.01012836,20098778.563400008,24054588.846,,
00760100000075,8.596767018985267,8.718204025024447,8.86255769130338,8.941589679122787,8.814975086737931,8.939041357937496,9.041371504708403,9.051321315314693,9.055738192033322,9.009325182272747,8.697014644112514,8.70272783553262,8.628643215869742,8.563774014029619,8.265278234672017,8.326465255519421,8.415198435379926,8.258011322982792,7.938524972471915,7.745533184122677,7.913614123378819,8.134738484269688,13.354082784059226,,,,,,,,
00770100000076,,,,,,,,,,,,,,,,,,,,,,71.1808405923575,71.49233489200132,71.46113904496121,71.31753944663245,71.16282457454167,70.95762971414369,71.19744397118032,71.58383832430259,,
00780100000077,,,,,,,,,,,,,,,,,,,,,,11.84636396988608,11.977681922400086,12.388019839340027,12.47630238957016,12.64106116399291,12.974463347283576,13.281670218657167,13.140504048891707,,
00790100000078,,,,,,,,,,,,,,,,,,,,,,16.97464386800471,16.510282020560116,16.188539365849014,16.212995296782033,16.148005044779357,15.764743626258326,15.27598906327835,15.119334485750079,,
00800100000079,,,,,,,,,,,,,,,,,,,,,,9.016315527986055,9.016764495458457,9.10095512362168,9.172023595707529,9.140434224202203,9.164331632507583,9.075691175693876,9.233929852429698,,
00810104000080,,,,,,,,,,,,,,,,,,,,,,3855.5708672993997,3855.7831830392,3891.8122983224007,3922.2512144237016,3908.7458494369002,3918.962678896401,3881.066333865801,3948.717919905901,,
00820100000081,,,,,,,,,,,,,,,,,,,,,,,,,,,,,,,
00830100000082,,,,,,,,,,,,,,,,,,,,,,,,,,,,,,,
00840100000083,,,,,,,,2.0,2.0,3.0,3.0,5.0,7.0,9.0,12.0,16.0,20.0,24.0,29.0,34.0,39.0,43.0,48.0,53.0,58.0,62.0,66.0,69.0,73.0,76.0,
00850100000084,,,,,,,,1.0,1.0,2.0,5.0,9.0,17.0,25.0,37.0,48.0,56.0,48.0,58.0,68.0,74.0,79.0,81.0,80.0,81.0,82.0,84.0,83.0,83.0,82.0,
00860104000085,25525588.05,28914260.0,32364767.2,35097698.129999995,35590712.7,37720436.1,41002604.61000001,43011453.75,45555975.72,48669609.76,51531396.12,55808015.1,59152611.71,62947175.12,66316898.769999996,70214986.72999999,73841788.52,77989014.81,81622319.29999998,88181711.63000003,94951794.95,99622793.35,103989079.95000002,108203706.41000004,112216487.32,115939312.06000002,119719882.84,122759822.81999996,126127136.22000001,126935292.96999997,
00870100000086,10.611687556990393,10.584418811538255,10.572858033651466,10.56129991262821,10.588480646522175,10.58412333183477,10.590405250582682,10.561031231909393,10.557831899974872,10.531378403585943,10.558742605011622,10.579259414035294,10.613542962901487,10.626770229048168,10.539712482228177,10.547671360991671,10.596876537883466,10.608731339917771,10.685570245655951,10.632235492242089,10.65061348176742,10.662778773955809,10.688487141991112,10.697383516474144,10.707616493435953,10.705072321930958,10.67196856105694,10.685722620316644,10.705182368322584,10.693414736969618,
00880104000087,0.24514784248637161,0.2408031451208158,0.2371166332758025,0.23346208365337912,0.23076793274726823,0.22732687005097538,0.22442446389093068,0.22087157084667594,0.21802923747353084,0.21482341844883046,0.21261839088906268,0.21029841462663107,0.20802907200775023,0.20522700415682424,0.20245357265481098,0.19980310675937937,0.19812877974070012,0.19568819721220002,0.1944645840190715,0.19241836212929997,0.19039255245701983,0.18840416796921758,0.18658072325994116,0.1847078370098985,0.18296268985149425,0.18101401487874638,0.1789280482273285,0.17751998433699104,0.17637054844137265,,
00890104000088,,,,,,,,,,,,,,,,,,,,,,,,,,,,,,,
00010100000089,,,,,,,,,,,,,,,,,,,,,,,,,,,,,,,
00900100000090,0.9780838646117883,0.9388561518062211,1.198182161775448,1.1784041924444382,1.144080797557987,1.126148315293984,1.0917346834542494,1.0675152341834815,1.0125839988246832,0.9984846171922144,0.9774216996568103,0.9382882368777975,0.9571925067283391,0.9520278344658911,0.8886562939439194,0.8861937447852126,0.8899249660885385,0.8887345933142634,0.8747628966973043,0.8685406442158383,0.8308809701995696,0.8231206163566972,0.8180366162152791,0.8121894908477646,0.8003621948694785,0.7986007874062078,0.7904864314919473,0.7891151816368789,,,
00910105000091,23741000.0,23195000.0,30182200.0,30196640.0,29863220.0,29926660.0,29584140.0,29353100.0,28211700.0,28306950.0,28161400.0,27081142.0,28539442.0,27029682.0,27253882.0,27493342.0,27924096.0,28133971.0,28020079.0,28154374.0,27206623.0,27309630.0,27437280.0,27542350.0,27414000.0,27645315.0,27671000.0,27406000.0,,,
00920103000092,25832000000.0,22999000000.0,22934000000.0,23779000000.0,28925000000.0,27790000000.0,24953000000.0,19416000000.0,18742000000.0,17813000000.0,19052000000.0,21254000000.0,21365000000.0,24416000000.0,26542000000.0,24196000000.0,24449000000.0,25937000000.0,30097000000.0,27913000000.0,27126000000.0,27023000000.0,28353000000.0,30784000000.0,31200000000.0,27380000000.0,27219000000.0,23758000000.0,26352000000.0,33544000000.0,29104000000.0
00930103000093,25801000000.0,22869000000.0,22914000000.0,23774000000.0,28925000000.0,27779000000.0,24912000000.0,19365000000.0,18509000000.0,17806000000.0,19055000000.0,21258000000.0,21313000000.0,24286000000.0,26545000000.0,24173000000.0,24002000000.0,25905000000.0,30095000000.0,27892000000.0,27088000000.0,26925000000.0,28298000000.0,30716000000.0,31137000000.0,27315000000.0,27034000000.0,23071000000.0,26102000000.0,33277000000.0,29093000000.0
00940100000094,,,,,,,,,,,,18.29,16.06,18.95,25.67,27.23,28.845,31.325,30.955,35.73,38.64,35.26,36.2,37.08,37.745,38.209999999999994,40.73,41.239999999999995,39.489999999999995,,
00950104000095,,,,,,,,,,,,,,,,,,,,,,,,,,,,,,,
00960100000096,,,,,,,,,,,,,,,,,,,,,,,,,,,,,,,7.5811965811965845
00970100000097,,,,,,,,,,,,,,,,,,,,,,,,,,,,,,,
00980100000098,,,,,,,,,,,,,,,,,,,,,,,,,,,,,,,
00990100000099,,,,,,,,,,,,,,,,,,,,,,,,,,,,,,,
01000100000100,,,,,,,,,,,,,,,,,,,,,,,,,,,,,,,
01010100000101,,,,,,,,,,,,,,,,,,,,,,,,,,,,,,,
01020100000102,,,,,,,,,,,,,,,,,,,,,,,,,,,,,,,
01030100000103,,,,,,,,,,,,,,,,,,,,,,,,,,,,,,,
01040100000104,,,,,,,,,,,,,,,,,,,,,,,,,,,,,,,
01050100000105,,,,,,,,,,,,,,,,,,,,,,,,,,,,,,,
01060100000106,,,,,,,,,13.454692429801892,13.40520952647624,13.810493084416237,15.952051572726731,14.382801944057919,14.924543711915943,15.16431343280433,13.990700457786328,17.623309507850486,17.671256390291592,15.686186065711157,17.28274254160725,17.9952886789035,16.975110568663794,18.54060054885867,18.940802401153405,19.069299497800145,17.924169844953603,18.367756050294666,19.569677121609132,20.786989215958307,19.90788690322546,19.710285260208458
01070100000107,,,,,,,,,,,,,,,,,,,,,,,,,,,,,,,
01080103000108,,,,,,,,,,,,,,,,,,,,,,,,,,,,,,,
01090100000109,,,,,,,,,,,,,,,,,,,,,,,,,,,,,,,
01100100000110,,,,,,,,,,,,,,,,,,,,,,,,,,,,,,,
01110100000111,,,,,,,,,,,,,,,,,,,,,,,,,,,,,,,
01120100000112,,,,,,,,,,,,,,,,,,,,,,,,,,,,,,,
01130100000113,,,,,,,,,,,,,,,,,,,,,,,,,,,,,,,
01140100000114,,,,,,,,,,,,,,,,,,,,,,,,,,,,,,,
01150100000115,,,,,,,,,,,,,,,,,,,,,,,,,,,,,,,
01160100000116,,,,,,,,,,,,,,,,,,,,,,,,,4584.0,,,,,,
01170101000117,24.437064278451263,24.07395479024027,23.65423490758423,23.33361042458452,22.98052696699213,22.54332487090179,22.112877246481844,21.88363365861862,21.594982233703107,21.285792569935047,21.003414009019977,20.836027468295946,20.661085458530113,20.493104239838008,20.459076316553354,20.399124730743623,20.223762323307746,20.06670520764353,20.181106555078667,20.295570420102376,19.791537546758846,19.704706447992418,19.17472725078179,19.23313971110881,18.75942664853587,18.23784541352406,17.87676333501799,17.28557770720619,17.000755900900558,16.69985870995061,
01180100000118,,,,,,,,62.144756699601345,,,,,,,,,,69.58182160878115,,,,,,,,,83.21569541917435,,,,
01190100000119,,,,,,,,,,,,,,,,,,,98.18751897069865,105.245444186875,129.898152929073,154.0622217780165,147.189988864733,150.747299488572,154.1805002267995,175.464494960555,158.684785733052,169.875151168981,198.86948528876798,,
01200100000120,,,,,,,,,,,,,,,,,,,,,,,,,,,,,,,
01210100000121,,,,,,,,,,,,,,,,,,,,,,,,,,,,,,,
01220100000122,,,,,,,,,,,,,,,,,,,,,,,,,,,,,,,
01230100000123,,,,,,,,,,,,,,,,,,,,,,,,,,,,,,,12.736220472440944
01240100000124,91.07716108067302,90.87550424008319,92.33029486763762,89.54457856485118,89.97727444706216,92.2720801390515,98.98656352214917,99.14987643497693,95.28380380621833,96.00967066747401,96.84223648223775,95.683258299339,94.98910080124682,95.77227328673041,96.08036546774271,99.60153262948384,110.47109392744444,107.49190540780859,108.66190686310665,110.87187885587966,111.35695305001148,113.80303668780843,118.75797989540965,122.73888909610442,120.96029026323808,121.26580513895662,123.86048009059532,141.28186943669053,142.0640363261739,139.17906108841981,138.35551727874144
01250105000125,,,,,,,,,,,,,,,,,,,,,,,,,,,,,,,
01260100000126,,,,,,,,,,,,,,,,,,,,,,,,,,,,,,,
01270105000127,,,,,,,,,,,,,,,,,,,,,,,,,,,,,,,
01280100000128,,,,,,,,,,,,,4.6284210526315785,4.670526315789473,4.728421052631579,4.812631578947368,4.928421052631579,4.981052631578947,5.070526315789474,5.186315789473684,5.265263157894736,5.454736842105263,5.549473684210527,5.612631578947369,5.665263157894738,5.740314136125655,5.829319371727749,,,,
01490104000129,87200500.45,92858972.52000001,92879654.82000001,94578276.89,93952919.25999999,86329086.01999998,92305987.55,94111920.92999999,91342725.08,91723724.59,88932377.6,93599321.46000004,93215190.36000001,90833495.5,91101847.14999999,90282488.14,89661162.45,87728529.67999999,92212318.37000002,89295688.60999997,90498511.60999997,91092327.18000002,92210703.81000003,90216992.35,94016976.22999999,96877059.99999994,92806853.89,90338637.43000002,92101202.43999997,87988165.97,
01500100000130,0.4690630178527836,1.306004665883419,4.184035011699352,6.113475793004365,8.043612737292534,8.606090963460515,9.298925643886504,12.74781664544094,14.313162344351097,15.95227632196082,21.47219607954476,26.950015631868272,31.69335586594714,36.105530002890276,41.23905588127802,42.16375119298346,40.574035300551415,49.14655606262137,53.92446323584065,56.35234486061086,59.45922490614914,60.34491818437177,59.46018314652201,59.690322354049194,62.30083001903517,66.53456254701699,66.59404063691345,59.722249950405384,69.13585385970264,70.66786280124413,
01510104000131,22802.876663541,23033.2751490157,23679.3372035514,24145.4432454503,24598.1466779808,24756.3012628966,24939.597188713,25725.44039963,26031.1666669042,26433.2897987749,27656.8206196389,28948.746456386,30044.5432172023,31065.0948803774,32232.5147269627,32431.2493490627,32020.6778923686,34003.6420512049,35059.5741778217,35521.7136786937,36221.138281942,36427.7697129481,36300.4664509571,36423.6606988974,37047.4720312928,37974.5538863443,38066.4341463305,36154.3080437045,38121.0149805849,38246.6240608275,39023.937038738
01520104000132,3.967626007286318,3.9424039857902162,3.9897525351306404,4.00480149895121,4.015593471847175,3.97872601030286,3.9479353553533194,4.014311043176641,4.013705175087903,4.017534836794787,4.154951280075283,4.2864844171064815,4.392615232573764,4.48199722005513,4.591931535261932,4.564024058960875,4.457940077547577,4.676669326864842,4.766378222619488,4.779078838097354,4.815436772436595,4.781111679406492,4.698778614535757,4.6541470022292355,4.6755569329085125,4.743656105541105,4.708722389891758,4.465996783998953,4.671025050842399,4.6320569655321036,4.678102316809018
01530104000133,79.960654505271,83.805627923858,91.338240599983,97.530289156184,98.258478314658,100.71226986955,106.39120259603,105.17549323877,106.63005964831,111.6924684978,113.05987306372,117.3733390504,106.67652133829,110.52961111054,113.64512523407,111.19621098944,121.92765310392,122.22554365007,130.65426660736,133.73971403003,137.27967050997,134.22649009448,137.43084225837,136.8817328558,134.63019043044,135.0334713975,140.31844698486,146.29699882745,143.24964284068,143.0920588532,143.61829668843
01540104000134,3258.2080445931,3147.7653688291,3173.6897501869,3170.8925489557,3194.8869441651,3022.1906946633,3101.9188334567,3037.4407798141,3073.5940347999,3074.2101182202,3176.9887999171,3252.7490019802,3273.2207910939,3251.9994830675,3252.4880482505,3324.8085756845,3263.235806618,3333.7344987404,3265.9646145715,3231.3640264447,3349.8733146183,3292.2418000529,3317.8200364383,3350.0714299494,3421.0282003883,3434.2087604974,3379.6728842554,3322.8457164699,3375.4725666543,3385.6334190255,3413.5327302891
01550104000135,1689.7137650244,1777.5198627135,1812.6266415998,1821.0852447725,1882.5384372196,1895.376137889,1879.3249498783,1941.6133018483,1928.0719442462,1961.5363401757,2121.7639022207,2133.3012971895,2200.2619580506,2256.7852621429,2295.6611437282,2293.4450496328,2277.3187664176,2397.1956618649,2413.0092254248,2463.4890742203,2504.3439997407,2467.0433370101,2538.3156696475,2453.051282191,2513.8814408078,2577.4326605267,2710.3191605016,2550.7334735652,2620.8725047,2619.237843634,2666.4156604569
01560104000136,3697.1254622283,3714.1183899291,3940.5124699212,3831.0771600055,3856.3439408899,3856.3359199649,3699.2389632616,3874.763625685,3897.5487127821,3891.5410940084,4077.0960090739,4508.7586996639,4925.6269899471,5167.7194816113,5440.9763392753,5556.5298542611,5545.0791838539,6089.3361913419,6316.5258413155,6335.9869310703,6363.8030703395,6427.7681936152,6291.9303663681,6149.8989023546,6078.265669529,6213.4404598561,6249.9279989371,6194.0104671055,6341.3557338322,6223.6064675772,6406.8213864568
01570104000137,1314.8103338253,1371.8425570405,1431.440352282,1449.5172267635,1494.2263617316,1508.1414605441,1541.9098239885,1595.1901757739,1619.6838320914,1699.3051403233,1789.8533836423,1900.8733609775,2015.1640349542,2171.9560442092,2322.3981399002,2332.8636721076,2327.1375360755,2503.6160289575,2655.1715505953,2741.0926815476,2823.5336121715,2885.7363588855,2857.5097712102,2972.8518647119,3032.3112800219,3105.9104092664,3198.0107791904,3236.3421331981,3332.1697036905,3220.3261935562,3212.5735525868
01580104000138,7947.7500506982,8025.6354002833,8182.1314284551,8520.3950632577,8740.2876074351,8918.3571769744,8994.1550829894,9375.5682339982,9580.1683559869,9718.8582112918,10275.47997721,10651.624403908,10999.048908694,11429.008274522,11922.191621651,11922.311170303,11736.104198165,12522.037998686,13125.537411798,13403.9608384,13643.025526534,13701.006520729,13402.260198592,13456.932307012,13770.780133527,14217.022443243,14088.010102935,13593.464512181,14655.450458618,14693.366675886,14923.933096966
01590104000139,4803.8368268666,4900.8741308435,5035.2113427339,5241.2483876236,5317.4419917297,5441.5198820357,5603.0498497829,5781.0696545011,5810.0994401418,5961.7541913597,6086.8987680804,6369.2515297208,6510.4636985932,6662.1115593399,6869.9945696558,6874.2039007591,6734.5004504186,7019.7947623498,7136.2550238182,7196.357493429,7381.1458380671,7503.5417984359,7737.7494059046,7886.8116179103,8079.3397797349,8273.9331699722,8282.4787503174,7092.9024723669,7634.7049510285,7943.5014030552,8239.0449596699
01600104000140,11.47152579984,11.713811452814,12.386977772552,13.697324915613,14.162916495145,13.66772095563,13.608482759618,14.6191347706,15.37028720761,14.392234897967,15.679906430787,14.814823895675,14.080314531016,14.985164374039,15.1597392676,15.890915325162,15.374297716095,15.701365614347,16.456243691079,15.722919551811,18.133249960897,16.205214125057,17.450160538077,17.161561912435,17.235336853469,17.572511585041,17.696023208768,17.712269990473,17.739419220751,17.859999240217,17.997355624099
01610100000141,4155.4041894134,4148.6120813143,5116.9206072962,4492.2647752195,4189.1031004406,4459.590923793,4424.2992102321,4512.8765891852,3846.6071884632,4075.6243087004,5077.7906744243,5407.9505173701,4518.3489430471,4175.6394011803,4037.1914433478,4068.9766409258,3585.7937354939,3358.0473932484,3878.7413501032,3867.8965642204,4190.01121742,3880.0689326554,4050.7356364886,3850.7966901629,3816.5261601504,3938.5184288774,3811.667203227,3862.060945386,3877.8183406811,3877.8183406811,3877.8183406811
01620100000142,-7596.4962934578,-7536.1302650806,-7336.808116835,-7368.3031754563,-7153.6460512444,-7126.7717881954,-6911.2135908003,-6685.7557169462,-6824.3325869404,-6584.1107873143,-6366.9062827986,-6174.8697657752,-6071.1699416996,-6134.2990583463,-5987.0489587029,-6654.2222366671,-6890.5166408893,-6382.7518122327,-6013.0930952398,-5912.4025718709,-5762.5015380906,-5727.999306087,-5815.3609449751,-5871.9625419512,-5781.9173617809,-5418.4444397183,-5594.3153756929,-5556.0703105119,-5132.0222011908,-5183.880300944,-5129.5774785652
01630100000143,632.01940661679,630.1331488688,629.16280432212,627.78140574317,625.00608172722,623.54887377651,616.5719686726,615.31289259483,685.66529696331,872.65419377546,688.15125791922,913.56010204528,958.72677526893,1657.6236940717,741.06123873908,678.49967708792,953.15097700049,709.6696678211,764.65067508403,1032.9903854714,776.7098327645,1266.5065954737,1496.2716978434,769.73073644119,693.88969718037,806.46824363535,1152.4818017585,1154.0908839376,1154.0908839376,1154.0908839376,1154.0908839376
01640100000144,-694.92206275531,-773.03902436697,-788.94844841463,-835.0725856522,-842.80387341655,-875.83530274625,-1004.7185299705,-906.2341393441,-943.81077957533,-933.49996834258,-940.07705908686,-869.58103303591,-942.71536966637,-950.97655892722,-905.39533936337,-839.23609543498,-806.69467373939,-916.71174298775,-922.59836420877,-964.13002647811,-914.7932502328,-1030.1635450219,-949.47149282191,-1159.9927719383,-1209.3631729422,-1142.7348568105,-1096.0966348188,-1186.9820690429,-1152.5059777214,-1152.5059777214,-1152.5059777214
01650100000145,,,,,,,,-1200.2837,-1905.158000000001,-1411.5572999999997,-624.7540999999997,-15.125000000000103,-966.2042999999999,-690.9407999999994,-1838.227800000001,-1972.404,-2318.6371000000017,-3052.3558999999996,-2422.207000000001,-2153.5273999999995,-2322.1669000000006,-2311.8004000000005,-1811.3356,-3042.485200000001,-2942.4871999999996,-2693.3394000000008,-2403.5372000000007,-2447.1182000000003,,,
01660104000146,0.3576573782108282,0.35165693499470285,0.35079979249038046,0.3447635862953704,0.337614947187901,0.3313626414734722,0.321804375939728,0.31641985734610617,0.31293355107627246,0.3089745925455203,0.31243656371825973,0.3106432148183043,0.30832074087317723,0.3029138002535173,0.29903647124993216,0.29267396843911536,0.29144097477439546,0.29466840581961945,0.29278183965927346,0.2881492869538407,0.28479155971488296,0.27677569137072033,0.26665252577743576,0.2589225385607631,0.2532850561851969,0.2507525014827093,0.2444681034633671,0.24147901431697189,0.23940703523035342,0.23155008858460194,0.22835249282810785
01670104000147,0.579063542964263,0.5654783632282853,0.563987646341896,0.5548507358227183,0.5433204260828461,0.5314215656427129,0.5162798456961599,0.5090158610977037,0.5053193668515704,0.5008846950656297,0.5093208928518543,0.5095907227877288,0.5084835245805338,0.5030877180617956,0.500604096676716,0.4934937508175487,0.4947168425022654,0.502872046322912,0.5024655088098701,0.49647118709250665,0.49256847417672184,0.48001959015771856,0.46318257622476006,0.4515855539101623,0.4432615836559064,0.4404245400716176,0.4304798025630826,0.4253844103487242,0.4220884072136422,0.4088835765016979,0.404827170251693
01680100000148,,,,,,,,30.65127536888651,,,,,,,,,,23.51364139752891,,,,,20.47606401199369,,,,18.408850375554483,,,,
01690100000149,,,,,,,,8.548112258911704,,,,,,,,,,8.85678237690487,,,,,8.303254262128121,,,,7.957328207253944,,,,
01700100000150,,,,,,,,60.80061206680033,,,,,,,,,,67.62957617829422,,,,,71.22068230830426,,,,73.6338213036619,,,,
01710100000151,,,,,,,,,,,,,,,,,,,,,,,,,,,,,,,
01720105000152,,,,,,,,,,,,,,,,,,,,,,,,,,,,,,,
01730104000153,1891374660.1100001,1956272138.689999,1876668893.6599998,2043469093.5800004,2087667411.51,2071919326.1399999,2069798540.3799994,2054457989.23,2096055068.1699998,2045713872.7500002,2068887308.4399998,2275837029.7100005,2257379867.470001,2255397589.0099993,2347281562.330001,2520756199.6199994,2488527705.5999994,2463449668.9499993,2585246633.4200015,2556927410.8199997,2763399286.8899994,2817949640.7400002,2837713502.2400002,2915083184.739999,2967136168.169999,2914528863.17,2963503734.77,3003637255.45,3071264098.7000017,3059640309.609998,
01740104000154,2735.2012537040664,2818.809958751589,2758.086091751545,2938.759949652843,2987.7859704943808,3060.0874164657926,3099.407411871992,3069.1889245938637,3126.783620142719,3101.7667102697274,3094.621704496169,3373.077844103067,3262.695741296,3307.428616462561,3373.1392426117777,3537.6430989158293,3555.4766270911664,3546.907430446741,3656.0464809851874,3614.7924624156794,3822.7962752171384,3896.249288002097,3928.0008548521046,4008.427394185337,4075.0440669067693,4035.038574778138,4131.819598130346,4100.768039365953,4152.232718389268,4182.382970423126,
01750105000155,,,,,,,,,,,,,,,,,,,,,,,,,,,,,,,
01760105000156,,,,,,,,,,,,,,,,,,,,,,,,,,,,,,,
01770104000157,,,,,,,,,,,,,,,,,,,,,,,,,,,,,,,
01780105000158,26903000592.484142,30900660304.826958,37891511566.953705,51033008743.310326,54100888432.2039,57756781539.301735,68322660447.229454,76216409347.82126,76187687443.45734,86429714717.7583,96722079540.91649,137696847902.37762,176498673096.31906,187429460332.96136,211718444346.43115,254556452148.57883,243446657682.15823,271646915728.08408,300453902383.87225,308622437628.8508,337958896080.10443,377229916065.65485,408916545917.5919,385868130477.5938,417921496125.3904,453062327079.9791,466449708083.07965,472810892105.7098,554030587976.001,567554549675.7908,586314567939.1327
01790105000159,34081805534.50909,41294670921.41185,46883341562.530975,57244396186.62023,59209746240.3032,63498581249.79818,72109114108.62732,82221348366.12973,81326121564.0521,88348610058.55096,98599750851.6359,137845283011.2421,162153162489.66562,175513773548.54135,208536747217.98297,228739731883.4608,219573128517.16293,243271369510.22537,276563365416.4576,281944514006.9838,301759706294.6446,318611720972.1256,334528429320.8749,337028546659.57684,369014317221.5569,401677023675.95087,415446449453.984,401444012622.01715,486916855600.8759,479841262277.8798,486594447307.3267
01800100000160,,,,,,,,,,,,,,,,,,,,,,,,,,,,,,,
01810100000161,,,,,,,,,,,,,,,,,,,,,,,,,,,,,,,
01820100000162,,,,,,,,,,,,,,,,,,,,,,,,,,,,,,,
01830100000163,,,,,,,,,,,,,,,,,,,,,,,,,,,,,,,
01840100000164,,,,,,,,,,,,,,,,,,,,,,,,,,,,,,,
01850100000165,,,,,,,,,,,,,,,,,,,,,,,,,,,,,,,
01860100000166,,,,,,,,,,,,,,,,,,,,,,,,,,,,,,,
01870100000167,,,,,,,,,,,,,,,,,,,,,,,,,,,,,,,
01880100000168,,,,,,,,,,,,,,,,,,,,,,,,,,,,,,,
01890100000169,,,,,,,,,,,,,,,,,,,,,,,,,,,,,,,
01900101000170,1000000.0,1200000.0,1400000.0,1600000.0,1800000.0,1900000.0,2100000.0,2200000.0,2400000.0,2500000.0,2600000.0,2600000.0,2700000.0,2700000.0,2700000.0,2600000.0,2600000.0,2500000.0,2500000.0,2400000.0,2300000.0,2200000.0,2200000.0,2100000.0,2000000.0,1900000.0,1800000.0,1700000.0,1600000.0,1500000.0,
01910101000171,410000.0,450000.0,480000.0,500000.0,520000.0,530000.0,540000.0,530000.0,530000.0,520000.0,510000.0,500000.0,480000.0,450000.0,410000.0,370000.0,340000.0,310000.0,280000.0,250000.0,230000.0,220000.0,200000.0,190000.0,180000.0,170000.0,160000.0,150000.0,140000.0,130000.0,
01920100000172,,,,,,,,,,,,,,,,,,,,,,,,,,,,,,,
01930100000173,,,,,,,,,,,,,,,,,,,,,,,,,,,,,,,
01940100000174,,,,,,,,,,,,,,,,,,,,,,,,,,,,,,,
01950100000175,,,,,,,,,,,,,,,,,,,,,,,,,,,,,,,
01960100000176,,,,,,,,,,,,,,,,,,,,,,,,,,,,,,,
01970100000177,,,,,,,,,,,,,,,,,,,,,,,,,,,,,,,
01980100000178,,,,,,,,,,,,,,,,,,,,,,,,,,,,,,,
01990100000179,,,,,,,,,,,,,,,,,,,,,,,,,,,,,,,
02000100000180,,,,,,,,,,,,,,,,,,,,,,,,,,,,,,,
02010100000181,,,,,,,,,,,,,,,,,,,,,,,,,,,,,,,
02020100000182,,,,,,,,,,,,,,,,,,,,,,,,,,,,,,,
02030100000183,,,,,,,,,,,,,,,,,,,,,,,,,,,,,,,
02040100000184,,,,,,,,,,,,,,,,,,,,,,,,,,,,,,,
02050100000185,,,,,,,,,,,,,,,,,,,,,,,,,,,,,,,
02060100000186,,,,,,,,,,,,,,,,,,,,,,,,,,,,,,,
02070100000187,,,,,,,,,,,,,,,,,,,,,,,,,,,,,,,
02080100000188,,,,,,,,,,,,,,,,,,,,,,,,,,,,,,,
02090100000189,,,,,,,,,,,,,,,,,,,,,,,,,,,,,,,
02100100000190,,,,,,,,,,,,,,,,,,,,,,,,,,,,,,,
02110100000191,,,,,,,,,,,,,,,,,,,,,,,,,,,,,,,
02120100000192,,,,,,,,,,,,,,,,,,,,,,,,,,,,,,,
02130105000193,,,,,,,,,,,,,,,,,,,,,,,,,,,,,,,
02140105000194,,,,,,,,,,,,,,,,,,,,,,,,,,,,,,,
02150105000195,,,,,,,,,,,,,,,,,,,,,,,,,,,,,,,
02160100000196,,,,,,,,,,,,,,,,,,,,,,,,,,,,,,,
02170100000197,,,,,,,,,,,,,,,,,,,,,,,,,,,,,,,
02180100000198,22.640155328116975,22.30741220947033,22.650454572567817,20.890609095721878,17.21907767387787,19.33026996273688,20.43980112407293,21.156369935894222,18.685890912935935,19.748649151181795,20.017461832805513,19.214835174826487,17.49449430246834,15.660379149233657,14.339142156792597,14.003498265557203,19.39726080112614,20.99233242719157,23.12275867884932,24.385485306357037,22.97510722931824,23.799190133098616,25.73513812537768,30.1271270751919,30.90234571779571,31.01323951552756,32.58799170626409,39.78995930881565,41.28544631325076,38.70358190138104,40.83142241840525
02190100000199,,,,,,,,,,,,,,,,,,,,,,,,,,,,,,,
02200100000200,,,,,,,,,,,,,,,,,,,,,,,,,,,,,,,
02210100000201,,,,,,,,,,,,,,,,,,,,,,,,,,,,,,,
02220100000202,0.0551188988929773,0.04536837403145659,0.09794247479979372,0.08962259815136128,0.08379752735085791,0.07890333002387734,0.05703238400414036,0.07277435080941132,0.1523054757682676,0.09240101850433399,0.08531926120901186,0.30779745740364595,0.25572637117675595,0.2716249992324789,0.3014251956575841,0.8189589867859216,0.3523507439557609,0.5533778693721845,0.7324734188392521,0.42713744245816504,0.2952675557344321,0.23665757128600268,0.15894714328609863,0.16391327972842606,0.21634503606546818,0.2438202875589569,0.18362780695298805,0.1443062862064868,0.2610354258466895,,
02230100000203,9.139664295384392,9.12898250877519,9.056561273368546,8.94161735091349,8.93786216643853,9.005323878487644,9.09023847315949,8.933036433921478,8.725073515970742,8.631589703764146,8.476132001758154,8.199384157478033,8.100153669349643,8.040687426061464,7.891813629539812,7.856505976155631,7.955054938006474,7.730673751388581,7.60018784537769,7.572603867933648,7.5784561198275595,7.4636668141000255,3.9352141740078643,,,,,,,,
02240100000204,,,,,,,,,,,,9.983443315864035,10.69436134603665,10.99120230569565,11.48141183001885,11.6888283569421,10.9775887547968,10.836093770550299,11.635742715168401,11.896652458245,11.9670388887905,12.2530972794752,12.0369321400249,11.972457986660899,11.5058382885975,11.4740129904081,10.744620673453898,10.4206492852491,11.1068942610046,10.80141696917465,12.29584180575105
02250105000205,,,,,,,,,,,,,,,,,,,,,,,,,,,,,,,
02260105000206,985446284196.0994,1076225277022.211,1234741015544.7349,1326411198842.5833,1427594034575.2432,1451779567157.973,1559900530458.8918,1672738021029.2874,1671187133503.607,1785142584901.3481,1970271774130.9302,2402132991987.537,2657194400982.4717,2997857111178.3574,3590701605279.5825,4056493910336.662,3631146167179.528,3982098687377.219,4497141830147.77,4638609796650.528,4966052194131.955,5283414114358.277,5038508709871.287,5125215180311.196,5588019120212.82,6122339647503.661,6304491908848.362,5256552325762.459,6311113812671.674,7260249423991.364,7870818162424.59
02270105000207,1039264635125.5393,1110643170094.492,1282765603167.099,1352048201255.5554,1393547129221.5762,1405890174525.8596,1492485511972.868,1602327776626.536,1616329425678.6406,1701884786447.6038,1928379347597.0076,2323000640364.293,2569045218156.1396,2867282778407.3857,3388379946810.7163,3833951216519.4,3422073420329.232,3772164257002.156,4216623547758.7207,4375136847444.8735,4666731754939.392,5044072451950.374,4822740429775.251,4876248352960.48,5306664499642.311,5758518493935.94,5969696166316.611,4960239904653.103,5737116756380.5205,6616773407956.713,7259284686853.008
02280100000208,36.79749055438108,37.870409750946365,36.86872763037148,38.59422401817521,40.712059343676046,41.02855657327181,40.704660686882136,40.972555061301605,42.19434837033364,43.04532691311334,42.12301604093756,41.79111004518646,41.62307366390603,41.69081921315358,41.854586054631845,42.464779693393034,44.68238164954315,43.77077764544917,44.20724982015821,44.461016915086766,44.634599076828486,45.752814098842975,46.528543451884474,47.72149814152851,47.68298574410271,47.95527622575815,49.07150728523466,59.08337093788247,57.31555064936033,52.48463211005937,53.01872363798122
02290100000209,35.83349051580993,35.996347290225316,35.96471145134632,37.83153733424754,37.849666698038355,38.61051468400722,38.708325377776184,38.9357155604467,39.757376692459516,40.28320144531318,40.19538447174672,40.14391401970446,40.885431939025075,40.90408206856183,41.44083620017717,42.48969183990141,44.77179776909346,43.35414835266437,43.60690833802603,43.54510312450368,44.38426641387434,44.82717889222017,46.0758602052269,47.04255945133059,47.01788385114084,46.897343745679805,48.79649785563305,58.47977749239593,55.39073725714386,49.87841533214143,49.39839403860744
02300101000210,,,,,,,,,,,,,,,,,,,,,,,,,,,,,,,
02310100000211,,,,,,,18.96055555613545,,20.39712992980606,21.136117155940145,20.899377479803572,21.09770771304634,23.000835314452207,22.44277476795974,24.241828787713718,21.47208196222161,22.91503103863962,23.07871134876838,22.935371102335232,23.289090465168414,21.469334940266513,22.15955387191525,23.474664942950234,23.56080978257549,22.9139379985175,23.215951888593455,23.517868425651777,21.471914135389746,20.183983192571198,19.034609730592507,
02320105000212,,,,,,,,,,,,,,,,,,,,,,,,,,,,,,,
02330100000213,,,,,,,,,,,,,,,,,,74.95362099100936,,,,,,,,72.48129013033666,,,,,
02340100000214,,,,,,,,,,,,,,,,,,,,,,,,,,,,,,,
02350100000215,,,,,,,,,,,,,,,,,,,,,,,,,,,,,,,
02360100000216,,,,,,,,,,,,,,,,,,,,,,,,,,,,,,,
02370100000217,,,,,,,,,,,,,,,,,,,,,,,,,,,,,,,
02380100000218,,,,,,,,,,,,,,,,,,,,,,,66.86649912819725,,,,,,,,
02390100000219,,,,,,9.0,9.0,9.0,9.0,9.0,9.0,9.0,9.0,9.0,9.0,9.0,9.0,9.0,9.0,9.0,9.0,9.5,10.0,10.0,10.0,10.0,10.0,10.0,10.0,10.0,10.0
02400100000220,33.88603540780993,32.92367112183599,31.79813128857921,34.8412468046455,42.565893473519154,41.958977737775605,42.29971527500024,42.65573805883917,43.28053485524009,43.976840835257136,41.80147637613307,41.2884025302439,40.03565189542558,40.204310007083414,41.32007231646529,41.45820329942446,43.66183527014312,43.00280747655588,43.62585707625098,43.7561564672467,44.00908498811053,45.399328966613275,45.92325744331113,46.58858559340864,47.01972327500439,47.25693605897129,48.020729677031454,56.519803583013406,54.73358662142382,50.226236406945354,50.6217153351372
02410100000221,29.913036101066606,30.194185474792032,31.24765669249899,32.57439183782854,33.053535337401826,35.421619714694295,36.879087785550205,36.04884131023631,36.426635121546504,37.18330111024386,37.38676769955398,36.99066925230364,36.8456289630673,37.504889992037924,38.08083019566995,39.143844970644025,40.86747655577896,39.90126769543148,40.21948064139809,40.38740937562421,40.981451834065766,41.145433684733966,42.288299730256156,42.99353252348962,42.882044723218684,43.098541756329986,43.77012336686709,53.11523804786711,51.19943133575388,45.88495955167724,45.15557690887052
02420100000222,,,,,,,,,,,,,,,,,,,,,,,,,,,,,,,
02430100000223,,,,,,,,,,,,,,,,,,,,,,,,,,,,,,,
02440105000224,,,,,,,,,,,,,,,,,,,,,,,,,,,,,,,
02450100000225,,,,,,,,,,,,,,,,,,,,,,,,,,,,,,,
02460100000226,,,,,,,,224774536.0,235075458.0,263456511.0,296996130.0,338433750.0,376268146.0,416751971.0,489818309.0,516152333.07359993,472175125.2842983,549045860.5600002,595673258.2900001,625012231.019,645939512.1069999,676980345.866,686811737.0602001,702873286.8662001,749647168.9301999,786889621.1772001,806572710.7510002,793605458.875,846504313.0,839847482.0,
02470100000227,,,,,,,,60.56143272146539,,,,,,,,,,55.77839727557252,,,,,,,,,62.75105866571992,,,,
02480100000228,,,,,,,,54.190957116590624,,,,,,,,,,,,,,,,,,,55.67693759482638,,,,
02490100000229,28.46837600530342,28.247473575458763,27.96695679807677,27.62459066585923,27.280074235118082,26.927457835541748,26.401892112108268,25.96474898149245,25.376506582382206,24.804551943117378,24.467643507956303,23.782594362208457,23.107553431040785,22.4025900979515,21.869236714200312,21.254973173043084,20.794847094067965,20.5336913133551,20.03361633087741,19.457554349856935,18.910262827702837,18.38442780719439,17.749639343396396,17.081098101566518,16.609896392039722,16.20973462563839,15.94261340070759,16.135385498072928,15.618216326227904,15.278171838213845,15.34600687455385
02500100000230,12.165221066975183,12.036219984811185,11.874354309825813,11.694607882042142,11.430504857546579,11.319707634793344,11.08691123813372,10.821314730866371,10.666324487860978,10.465987916139705,10.304557400080252,10.019353834054918,9.633217887572517,9.416131160222289,9.102188206404135,8.914978518714001,8.79928685639827,8.557880450314189,8.342363060911225,8.17525930183383,7.844844283203095,7.643957570878347,7.287814877424922,6.998823167735164,6.767699450925058,6.58817877916953,6.382265705031148,6.598023538809233,6.387541116724039,6.208386313421201,6.41642757927862
02510100000231,18.589166545505194,18.4326144335324,18.229378243880397,17.99204397870952,17.6996836526638,17.50281235216279,17.165848452288824,16.840169848656707,16.5159404516534,16.171612463579645,15.942333857777024,15.49219688437095,14.997226080299674,14.577308704030736,14.175877923571884,13.810733319052511,13.560927137873259,13.298619494996599,12.963335772928254,12.6302164772671,12.210670271281929,11.882067882267084,11.417487266879167,10.980578895365923,10.658491702243234,10.395755501808363,10.170541879485162,10.364453793751768,10.053962929838406,9.81426561542081,9.993559220086226
02520100000232,,,,,,,,,,,,,,,,,,,,,,,,,,,,,,,
02530100000233,,,,,,,,,,,,,,,,,,,,,,,,,,,,,,,
02540100000234,,,,,,,,,,,,,,,,,,,,,,,,,,,,,,,
02550100000235,,,,,,,,,,,,,,,,,,,,,,,,,,,,,,,
02560100000236,,,,,,,,,,,,,,,,,,,,,,,,,,,,,,,
02570100000237,,,,,,,,,,,,,,,,,,,,,,,,,,,,,,,
02580100000238,,,,,,,,,,,104.86343283582084,93.65694444444442,84.6153374233129,80.44131736526947,71.13352941176471,56.85672514619883,47.15872093023254,45.289534883720904,40.17471264367817,35.75730337078651,32.838624338624335,28.87830687830686,28.15,26.982631578947373,26.44578947368423,23.99947643979057,19.775392670157064,,,,
02590100000239,,,,,,,,,,,104.86343283582083,93.6576388888889,84.6153374233129,80.44131736526944,71.13411764705884,56.85789473684211,47.159883720930225,45.290697674418624,40.17586206896552,35.758426966292134,32.83968253968254,28.879894179894173,28.151052631578956,26.98368421052631,26.446842105263162,24.000523560209416,19.775916230366487,,,,
02600100000240,,,,,,,,,,,104.86268656716415,93.65624999999996,84.6153374233129,80.44071856287425,71.1329411764706,56.854970760233904,47.156976744186046,45.287790697674424,40.17356321839081,35.7556179775281,32.83703703703704,28.87619047619046,28.147894736842108,26.981052631578955,26.443684210526317,23.997905759162297,19.77382198952879,,,,
02610100000241,,,,,,,,,,,,,,,,,,,,,,397.94252235294124,398.53857276595755,400.33841920212774,398.8948989893618,393.33217253968263,388.1789468617023,,,,
02620100000242,,,,,,,,,,,,,,,,,,,,,,123.76563422459894,124.9690085106383,123.79348404255319,123.52676648936172,122.35345026455028,121.6423186170213,,,,
02630100000243,,,,,,,,,,,,,,,,,,,,,,455.5299641711231,461.8196984042554,460.8701781914894,459.89952978723414,450.48590317460315,442.19881117021276,,,,
02640100000244,,,,,,,,,,,,,,,,,,,,,,158.03236021390373,158.78750723404255,160.0011939361702,159.73143702127658,157.75857439153438,156.47864872340423,,,,
02650100000245,,,,,,,,,,,,,,,,,,,,,,,,,,,,,,,
02660100000246,,,,,,,,,,,,,,,,,,,,,,,,,,,,,,,
02670100000247,,,,,,,,,,,,,,,,,,,,,,,,,,,,,,,
02680100000248,,,,,,,,,,,,,,,,,,,,,,,,,,,,,,,
02690100000249,,,,,,,,,,,,,,,,,,,,,,,,,,,,,,,
02700100000250,,,,,,,,,,,,,,,,,,,,,,,,,,,,,,,
02710100000251,,,,,,,,,,,,,,,,,,,,,,,,,,,,,,,
02720100000252,,,,,,,,,,,,,,,,,,,,,,,,,,,,,,,
02730100000253,,,,,,,,,,,,,,,,,,,,,,,,,,,,,,,
02740100000254,,,,,,,,,,,,,,,,,,,,,,,,,,,,,,,
02750100000255,,,,,,,,,,,,,,,,,,,,,,,,,,,,,,,
02760100000256,,,,,,,,,,,,,,,,,,,,,,,,,,,,,,,
02770100000257,,,,,,,,,,,,,,,,,,,,,,,,,,,,,,,
02780100000258,,,,,,,,,,,,,,,,,,,,,,,,,,,,,,,
02790100000259,,,,,,,,,,,,,,,,,,,,,,,,,,,,,,,
02800100000260,,,,,,,,,,,,,,,,,,,,,,,,,,,,,,,
02810100000261,,,,,,,,,,,,,,,,,,,,,,,,,,,,,,,
02820100000262,,,,,,,,,,,,,,,,,,,,,,,,,,,,,,,
02830100000263,,,,,,,,,,,,,,,,,,,,,,,,,,,,,,,
01290100000264,,,,,,,,,,,,,3.388157894736842,3.3846153846153846,3.4133333333333336,3.44,3.4155844155844157,3.461038961038961,3.5448717948717947,3.575,3.5987654320987654,3.6052631578947367,3.598684210526316,3.6027397260273974,3.5675675675675675,3.6164383561643834,3.5933333333333333,3.5753424657534247,3.5694444444444446,3.581081081081081,3.5945945945945947
01300100000265,,,,,,,,,,,,,3.3092105263157894,3.217948717948718,3.28,3.2733333333333334,3.2662337662337664,3.24025974025974,3.1858974358974357,3.16875,3.1790123456790123,3.138157894736842,3.1052631578947367,3.095890410958904,3.0405405405405403,3.0136986301369864,2.966666666666667,2.9383561643835616,2.986111111111111,2.9932432432432434,2.9932432432432434
01310100000266,,,,,,,,,,,,,3.4473684210526314,3.4423076923076925,3.486666666666667,3.513333333333333,3.4740259740259742,3.4415584415584415,3.4358974358974357,3.3875,3.382716049382716,3.3684210526315788,3.3421052631578947,3.2534246575342465,3.1824324324324325,3.171232876712329,3.1466666666666665,3.1575342465753424,3.138888888888889,3.1283783783783785,3.0945945945945947
01320100000267,,,,,,,,,,,,,3.5460526315789473,3.5474358974358964,3.5511111111111116,3.5413333333333323,3.5389610389610398,3.5259740259740258,3.4957264957264953,3.445833333333334,3.411522633744857,3.3552629824561397,3.31578947368421,3.2465755707762565,3.216216216216215,3.2191780821917813,3.235555604444444,3.2237442922374417,3.215277805555555,3.1576577027027026,3.1509009324324326
01330100000268,,,,,,,,,,,,,3.4276315789473686,3.3974358974358974,3.4133333333333336,3.4266666666666667,3.4675324675324677,3.4805194805194803,3.4743589743589745,3.4625,3.450617283950617,3.4407894736842106,3.4473684210526314,3.4383561643835616,3.418918918918919,3.4178082191780823,3.3466666666666667,3.3424657534246576,3.3194444444444446,3.2432432432432434,3.2567567567567566
01340100000269,,,,,,,,,,,,,3.3815789473684212,3.371794871794872,3.3933333333333335,3.3666666666666667,3.4285714285714284,3.5064935064935066,3.4871794871794872,3.45,3.425925925925926,3.388157894736842,3.361842105263158,3.308219178082192,3.304054054054054,3.3424657534246576,3.36,3.3767123287671232,3.3958333333333335,3.3986486486486487,3.391891891891892
01350100000270,,,,,,,,,,,,,3.1315789473684212,3.1474358974358974,3.1533333333333333,3.1066666666666665,3.0844155844155843,3.064935064935065,3.076923076923077,3.0125,2.9753086419753085,2.9407894736842106,2.8947368421052633,2.835616438356164,2.8175675675675675,2.828767123287671,2.8066666666666666,2.787671232876712,2.7708333333333335,2.777027027027027,2.804054054054054
01360100000271,,,,,,,,,,,,,3.4407894736842106,3.4294871794871793,3.433333333333333,3.453333333333333,3.461038961038961,3.461038961038961,3.41025641025641,3.31875,3.265432098765432,3.1578947368421053,3.125,3.0616438356164384,3.060810810810811,3.0616438356164384,3.08,3.0684931506849313,3.0625,2.9932432432432434,2.9932432432432434
01370100000272,,,,,,,,,,,,,3.473684210526316,3.4423076923076925,3.433333333333333,3.433333333333333,3.4285714285714284,3.435064935064935,3.3974358974358974,3.36875,3.3580246913580245,3.3223684210526314,3.3092105263157894,3.23972602739726,3.2162162162162162,3.23972602739726,3.2533333333333334,3.26027397260274,3.2708333333333335,3.27027027027027,3.277027027027027
01380100000273,,,,,,,,,,,,,3.75,3.7628205128205128,3.7333333333333334,3.6533333333333333,3.6818181818181817,3.675324675324675,3.641025641025641,3.63125,3.5864197530864197,3.539473684210526,3.4802631578947367,3.4246575342465753,3.4054054054054053,3.4246575342465753,3.48,3.4452054794520546,3.4444444444444446,3.3513513513513513,3.364864864864865
01390100000274,,,,,,,,,,,,,3.2945945945945954,3.261842105263158,3.2824324324324325,3.2946666666666675,3.3000000000000003,3.332467532467532,3.328205128205128,3.315,3.2999999999999994,3.2881578947368415,3.2828947368421044,3.250684931506849,3.23108108108108,3.261643835616438,3.266666666666667,3.2767123287671236,3.2833333333333337,3.291891891891892,3.298648648648648
01400100000275,,,,,,,,,,,,,3.111842105263158,3.0576923076923075,3.0933333333333333,3.0866666666666664,3.0844155844155843,3.1103896103896105,3.121794871794872,3.1375,3.111111111111111,3.151315789473684,3.1710526315789473,3.1301369863013697,3.114864864864865,3.143835616438356,3.18,3.1986301369863015,3.1666666666666665,3.195945945945946,3.189189189189189
01410100000276,,,,,,,,,,,,,2.9342105263157894,2.891025641025641,2.9,2.8933333333333335,2.9025974025974026,2.9025974025974026,2.9294871794871793,2.9,2.882716049382716,2.861842105263158,2.888157894736842,2.8904109589041096,2.864864864864865,2.8835616438356166,2.8866666666666667,2.863013698630137,2.875,2.8175675675675675,2.831081081081081
01420100000277,,,,,,,,,,,,,3.1013157894736842,3.0717948717948733,3.081333333333334,3.084000000000001,3.103896103896105,3.1090909090909093,3.1128205128205133,3.08625,3.075308641975308,3.0618421052631577,3.0565789473684193,3.042465753424656,3.012162162162161,3.0260273972602727,3.0066666666666664,2.986301369863013,2.9847222222222225,2.9513513513513514,2.943243243243243
01430100000278,,,,,,,,,,,,,3.236842105263158,3.230769230769231,3.2333333333333334,3.24,3.2857142857142856,3.2987012987012987,3.269230769230769,3.225,3.2037037037037037,3.1842105263157894,3.1578947368421053,3.136986301369863,3.0945945945945947,3.1027397260273974,3.0866666666666664,3.0273972602739727,3.0208333333333335,3.0,2.9864864864864864
01440100000279,,,,,,,,,,,,,3.0065789473684212,2.967948717948718,2.98,2.993333333333333,2.9935064935064934,3.012987012987013,2.967948717948718,2.9375,2.925925925925926,2.9473684210526314,2.9078947368421053,2.8904109589041096,2.858108108108108,2.8835616438356166,2.8666666666666667,2.8424657534246576,2.8402777777777777,2.8445945945945947,2.824324324324324
01450100000280,,,,,,,,,,,,,3.136986301369863,3.108108108108108,3.108108108108108,3.1466666666666665,3.142857142857143,3.1493506493506493,3.08974358974359,3.04375,3.006172839506173,2.973684210526316,2.973684210526316,2.9726027397260273,2.9527027027027026,2.9657534246575343,2.9466666666666668,2.9726027397260273,3.013888888888889,3.0135135135135136,3.0405405405405403
01460100000281,,,,,,,,,,,,,3.3991228070175445,3.3829059829059824,3.4088888888888884,3.3959999999999995,3.404761904761905,3.3809523809523823,3.3568376068376082,3.329166666666667,3.3312757201646086,3.2982456140350873,3.258771710526316,3.2374426484018253,3.2072072072072073,3.2077625570776243,3.173333328888889,3.1529680365296806,3.166666680555555,3.1666666621621617,3.175675675675676
01470100000282,,,,,,,,,,,,,3.7565789473684212,3.782051282051282,3.7933333333333334,3.8066666666666666,3.8636363636363638,3.8376623376623376,3.8076923076923075,3.80625,3.8395061728395063,3.8157894736842106,3.776315789473684,3.780821917808219,3.7635135135135136,3.780821917808219,3.7466666666666666,3.732876712328767,3.7430555555555554,3.72972972972973,3.72972972972973
01480100000283,,,,,,,,,,,,,2.888157894736842,2.871794871794872,2.88,2.8666666666666667,2.8701298701298703,2.8506493506493507,2.923076923076923,2.90625,2.9135802469135803,2.9078947368421053,2.8815789473684212,2.856164383561644,2.824324324324324,2.8424657534246576,2.8466666666666667,2.856164383561644,2.8680555555555554,2.8513513513513513,2.8175675675675675
02840104000284,41.407124961208574,48.50515357821918,47.96815412107829,54.477603511631685,53.58841439136508,54.905421851615486,52.754677269681984,79.96708786379472,89.31384309925615,87.85009182396277,98.39821316103928,95.59932590955515,100.55068530233541,103.10902204342976,101.41303390811296,99.15365128263917,103.2917761537068,93.94153090064506,105.08597861985719,99.3886423474519,99.41851467356054,99.43000695811845,100.0,100.0,100.0,100.0,100.0,100.0,,,
02850100000285,,,,,,,,,,,,,,,,,,,,,,,,,,,,,,,
02860105000286,,,,,,,,,,,,,,,,,,,,,,,,,,,,,,,
02870100000287,,,,,,,,,,,,,,,,,,,,,93.9177474975586,,,,,,,,,,
02880100000288,,,,,,,,,,,,,,,,,,,,92.67142868041995,93.9792709350586,,,,,,,,,,
02890100000289,,,,,,,,,,,,,,,,,,,,,90.6913223266602,,,,,,,,,,
02900100000290,,,,,,,,,,,,,,,,,,,,,92.2282028198242,,,,,,,,,,
02910100000291,,,,,,,,8.622319387609856,9.008556249621163,9.350169382349948,9.50581021769399,9.397881904661451,9.329919790537666,9.2538282532104,9.084559961823121,9.089239550496627,9.834143583015457,9.499199292418098,9.358332274156593,9.371013254033493,9.343862186178018,9.452702147914998,9.731964706414978,9.868822345184947,9.754419678087684,9.677223257231699,9.808318135161862,10.868024082213728,10.358685701578729,,
02920100000292,,,,,,,,475.1512277211307,487.22462679523846,517.6081636456964,582.0205726440315,639.6576444437534,678.4907776102771,719.8161710083335,787.4376242279075,853.460480750041,863.4483598057681,900.2925040959076,974.2421205223824,982.4590552629078,996.9595816039911,1020.4337331770361,978.8681739371477,1001.5361183850588,1038.8938099720715,1081.4297770458077,1099.2823535449807,1174.450165359799,1260.3578673317622,,
02930100000293,,,,,,,,591.7519934988339,631.5215652011411,669.8396828072529,709.600839123077,748.3417405349039,791.2568410093734,847.3753435038537,895.196319199099,944.3715455656584,1001.2500285506319,1025.169443517812,1069.2502879116778,1111.2740294757532,1159.6512318430314,1200.9752706041193,1241.3230352829114,1288.4479852176526,1326.3166052279978,1378.3683917174983,1438.9506445688498,1547.467634243479,1631.510567565758,,
02940100000294,,,,,,,,,,,,,,,,,,,,,,,,,,,,,,,
02950105000295,,,,,,,,,,,,,,,,,,,,,,,,,,,,,,,
02970101000296,9.153594153243105,9.11740423902218,8.998054425862227,8.899868796209688,8.76871365155451,8.710654903294204,8.596460453946708,8.504935212102879,8.430146293214202,8.37315669213372,8.310126772760286,8.214218028825494,8.164709466124306,8.084421570143347,8.049597946788301,8.046152924870926,7.929270517587574,7.886546144615939,7.796541905329864,7.741482976936897,7.66788555772905,7.59007472284187,7.579061212222086,7.52035608692087,7.502716473453769,7.496830444231183,7.479356487996389,8.038485432077492,8.733259517639064,8.388868572901874,
02980100000297,,,,,,,,,,,,,,,,,,,,,,,,,,,,,,,
02990105000298,,,,,,,,,,,,,,,,,,,,,,,,,,,,,,,
03000105000299,,,,,,,,,,,,,,,,,,,,,,,,,,,,,,,
02960105000300,,,,,,,,,,,,,,,,,,,,,,,,,,,,,,,
03010100000301,,,,,,,,,,,,,,,,,,,,,,,,,,,,,,,
03020100000302,,,,,,,,,,,,,,,,,,,,,,,,,,,,,,,
03030100000303,,,,,,,,,,,,,,,,,,,,,,,554.31971686008,,,604.985427110253,653.295325610351,,,,
03040100000304,,,,,,,,,,,,,,,,,,,,,3.984126984126984,4.190476190476191,4.426315789473684,4.621052631578947,4.821052631578947,4.9319371727748695,5.198952879581152,,,,
03050100000305,,,,,,,,,,,,,,,,,,,8.14057330509732,,,,,,,,,,9.797546913550304,,
03060100000306,,,,,,,,,,,,,,,,,,,,,,,,,,,,,,,
03070100000307,,,,,,,,,,,,,,,,,,,,,,,,,,,,,,,
03080100000308,,,,,,,,,,,,,,,,,,,,,,,,,,,,,,,
03090105000309,,,,,,,,,,,,,,,,,,,,,,,,,,,,,,,
03100105000310,,,,,,,,,,,,,,,,,,,,,,,,,,,,,,,
03110100000311,,,,,,,,,,,,,,,,,,,,,,,,,,,,,,,
03120100000312,122.19427005587647,120.76524095527142,121.5076815036759,120.97292615235432,123.78560030636284,129.29532505603984,139.57110900431138,135.04301277548765,123.87843147393404,121.02228830728738,124.78618037809518,124.60157276762472,125.53275139561937,128.1329772961282,128.35719388387324,120.33669591581621,124.99536745714516,119.71925277240567,115.08649467283712,115.9804995737047,118.01991108877027,119.58513950672256,124.0063649777973,125.85086748630447,126.70727476977626,126.11646835900184,131.69133954863247,147.6336350815929,144.83257937622378,140.85926038260283,146.49507460822815
03130100000313,81.88192586656692,81.94366640887768,82.1535853693724,78.6734027021603,79.28467673207686,78.25949252650565,80.95144083088705,81.17254209489394,72.59386042636372,72.83870128683624,74.39574211960912,75.40198611199912,77.24816375411136,79.44781033086534,82.2643968194651,83.46640328864714,84.43588940256608,82.03879183557727,80.85124388672725,80.87954249966751,81.5742482980008,82.48036090441947,85.47411897864943,86.46966957150158,85.43407849377003,87.06180476849099,88.61349963472682,97.36123890762852,94.49874339128286,95.22990870610224,94.32894947645737
03150100000314,,,,,,,,57.46803228214768,57.45093426236598,57.43461170661789,57.92009470974375,58.52203423669619,58.43746316886668,58.41864228851863,58.79138628947064,59.77242338531892,60.35006264005604,60.29144135474099,60.9122160683528,60.56131275471269,60.44312423303527,60.908908657621744,60.51708427796267,60.39781642794396,60.187455189610866,60.339274774564636,60.32524919863504,63.54301360284761,62.88341634094114,,
03140100000315,,,,,,,,4.96066618776204,5.178540069119022,5.374181936835162,5.5064080245744655,5.501573636169787,5.454990745825536,5.407114364542905,5.340333128638333,5.43782436479596,5.936482104077781,5.728218765745046,5.7017139261136265,5.678040302724457,5.651750230190077,5.75952966949954,5.892301559212746,5.958114428280488,5.867021741895857,5.840856387539046,5.91920075379623,6.907224069483362,6.513587169953238,,
03160100000316,,,,,,,,,,,,,,,,,,,,,,15.769503140698543,16.360179434338427,16.71718074752969,,,,,,,
03170100000317,,,,,,,,273.19296624769987,280.0325130256031,297.52281785960514,337.2287985628392,374.41862512520225,396.7935626921948,420.72888395245565,463.07293183782787,510.43593788366906,521.3583161162165,543.0508452120995,593.7361108105889,595.2678193273446,602.9010985824186,621.710488586586,592.7960321405545,605.3376485009328,625.8964354441961,653.2042408421272,663.8383577831614,746.8088409578337,793.0929574950961,,
03180100000318,,,,,,,,322.38675647429915,346.93068888378895,368.27120674132516,387.7676169896221,409.29055289029503,433.20047034204487,468.1032269830208,497.1551041363525,534.0554233126546,576.6163441141936,591.4547626291363,621.9409609250985,645.7365660064659,676.4479379217256,709.081969923268,736.4241305171041,761.7803798337121,784.9546397243294,816.0812564752197,854.6387208589067,965.743723736556,1006.8348502057682,,
03190100000319,,,,,,,,42.39836279809133,42.42029894793741,42.428066660217766,41.94092839073849,41.28762932495179,41.35491925940005,41.3798853651511,40.99928461620902,40.007393937831274,39.41987467685685,39.46275025509536,38.82744381451491,39.18757693317113,39.290406121710674,38.829908108359035,39.25374217043312,39.38979904054902,39.60786968407728,39.46446201118937,39.46687982270161,36.26516233665133,36.8418522641475,,
03200100000320,,,,,,,,201.44924475964015,206.70125177090935,219.53296127871766,243.88154128036928,263.94813511343017,280.4886659172133,297.69159087761176,322.62416676526044,341.08604605060106,340.1680759297726,355.06997373865636,378.05379011878176,384.76130084328554,391.38814049305256,395.8926487476529,383.8690996773479,393.9162121960728,410.9215400021437,426.1242186553116,433.014740449331,425.28918757550633,463.69375729264664,,
03210100000321,,,,,,,,267.5413298058904,282.56626239883354,299.30818338204074,319.2461536928072,335.1550479959279,354.25981556672946,375.06190349951413,393.6341516566812,405.9334964224039,419.57200769487355,428.52351885027144,441.8091635692676,460.070388620761,477.3077863330325,485.6835336998689,499.22470681339564,521.0310463533641,535.7339871327349,556.8630123688537,578.0332356656851,575.4877147782048,615.2099334977595,,
03220100000322,,,,,,,,,,,,,,,,,,,,,,,,,,,,,,,
03230100000323,,,,,,,,,,,,,,,,,,,,,,,,,,,,,,,
03240100000324,,,,,,,,,,,,,,,,,,,,,,,59.88091689473684,60.50411447368421,61.32002689473683,62.226106806282715,63.053011570680646,,,,
03280100000325,,,,,,,,,,,,,,,,,,,,,,,,,,,,,,,
03290100000326,,,,,,,,,,,,,,,,,,,,,,,,,,,,,,,
03300100000327,,,,,,,,,,,,,,,,,,,,,,,,,,,,,,,
03340100000328,,,,,,,,,,,,,,,,,,,,,,,,,,,,,,,
03350100000329,,,,,,,,,,,,,,,,,,,,,,,,,,,,,,,
03360100000330,,,,,,,,,,,,,,,,,,,,,,,,,,,,,,,
03370100000331,,,,,,,,,,,,,,,,,,,,,,,,,,,,,,,
03380100000332,,,,,,,,,,,,,,,,,,,,,,,,,,,,,,,
03390100000333,,,,,,,,,,,,,,,,,,,,,,,,,,,,,,,
03400100000334,,,,,,,,,,,,,,,,,,,,,,,,,,,,,,,
03410100000335,,,,,,,,,,,,,,,,,,,,,,,,,,,,,,,
03420100000336,,,,,,,,,,,,,,,,,,,,,,,,,,,,,,,
03430100000337,,,,,,,,,,,,,,,,,,,,,,,,,,,,,,,
03440100000338,,,,,,,,,,,,,,,,,,,,,,,,,,,,,,,
03450100000339,,,,,,,,,,,,,,,,,,,,,,,,,,,,,,,
03460100000340,,,,,,,,,,,,,,,,,,,,,,,,,,,,,,,
03470100000341,,,,,,,,,,,,,,,,,,,,,,,,,,,,,,,
03480100000342,,,,,,,,,,,,,,,,,,,,,,,,,,,,,,,
03310100000343,,,,,,,,,,,,,,,,,,,,,,,,,,,,,,,
03320100000344,,,,,,,,,,,,,,,,,,,,,,,,,,,,,,,
03330100000345,,,,,,,,,,,,,,,,,,,,,,,,,,,,,,,
03250100000346,,,,,,,,,,,,,,,,,,,,,,,,,,,,,,,
03260100000347,,,,,,,,,,,,,,,,,,,,,,,,,,,,,,,
03270100000348,,,,,,,,,,,,,,,,,,,,,,,,,,,,,,,
03490105000349,2133.6950826107573,2156.2084192398816,2189.528985919562,2227.5973191899398,2249.4381413450883,2270.2964027720673,2301.311298899765,2368.7300603197978,2360.8559912372407,2414.2427744282504,2478.39336486406,2554.591490406269,2630.9390178710682,2705.73308628666,2793.6058942770915,2813.7682615484323,2764.0055187802373,2925.9186838261157,2989.07337550197,3011.8663248128687,3069.4827120291525,3090.1244186445056,,,,,,,,,
03500100000350,8.426932432641184,8.37178816121497,8.567922941665351,8.712927304029417,8.40054528046708,8.635639414286889,8.683603486761406,8.85373928408714,8.622984818892268,8.968891029541481,8.647416168099555,8.833371851906715,8.864808152196478,8.652721741023292,8.477659847732726,8.40256909312112,8.600808010319398,8.264140290472406,8.165723048016611,8.268636013259652,8.200009316177542,8.250599184777236,,,,,,,,,
03510100000351,37.35687914355101,37.50654155908699,37.33092349031498,37.943686012320676,38.0006216916544,37.800853587404866,37.62614327586613,38.61392538943606,38.42604457550146,38.72941575901649,39.80907642653481,39.35816363828481,39.83362135925413,40.49190928505102,41.11453354892546,40.61188871889238,39.99521942716684,40.087189014091656,40.978070522295155,40.25463625625439,41.02197692471742,40.46540483992606,39.14569166025153,,,,,,,,
03520100000352,18.517732917416595,18.233558066140905,18.525853463667755,18.19636040088214,18.033549100846923,17.65353188121577,17.20445626317374,16.798580950785738,16.30024342994516,16.097353256422227,15.59972704301395,15.88429950880445,15.888623634632204,15.865373440226115,15.393423015651306,15.729530971913135,16.06135825696833,15.872421343472206,15.694731778802026,16.05285683708279,16.13887328046099,16.234791008698856,15.889553840668016,,,,,,,,
03530100000353,14.703463962306579,14.910198930147194,15.169258040069586,15.184065001388852,15.981884165001025,16.53373059627644,17.438804487068523,17.736694174685585,18.57940803826749,19.12243085669294,19.405618443797373,19.93364822321346,20.138893373156982,20.491084603717475,21.183732221411976,21.583429886241678,21.90185396832796,22.377921751810817,21.959523350991553,22.377892958261558,21.478682663352174,21.58553197916411,22.776074279964824,,,,,,,,
03540100000354,17.42067290790556,17.405635007463577,17.501796716838292,17.583602240995745,17.046995012942773,16.97550712924057,17.0848825776904,16.703650946349317,16.87798347469922,16.384221123443783,15.656158982074286,15.551744684525277,15.071327524003147,14.63263395379942,13.662398681822301,13.475271489089646,13.344124533972165,12.786946448741638,11.604177576256493,10.811499665050166,10.580146594433884,10.601443939971308,8.113442226260027,,,,,,,,
03550100000355,9.102919568428755,8.837433207041267,8.484872213132777,8.090684594266605,8.03368243072554,8.204241817104151,7.783791309737098,7.298836176189058,7.046548582491834,6.727198342338209,6.575714025038279,6.167517728824524,5.748395474188458,5.064642323486,4.868313128891896,4.595082443011914,4.181064654550936,3.810264981100281,4.0187985282466805,4.153661732644955,3.78169654687084,3.5458545543130895,3.2777917464509256,,,,,,,,
03560100000356,61.163262674286344,61.25417369627545,60.985053743517334,61.21843560797614,62.01618828738097,62.538826000785456,62.84873907267175,63.649455740310714,64.05200119626078,64.57904495804763,65.79040889537046,65.4593295903228,65.72091020659958,66.04763621225449,67.16657889922934,66.79040104814598,66.07813805004574,66.27537574700276,66.95639240153339,66.7861909471609,66.28235613494044,65.59679137340325,65.19955768666729,,,,,,,,
03570100000357,1.1449678103700265,1.1766337748445286,1.1823492643629963,1.178749272703169,1.2233641106362743,1.2512408244790492,1.3244768437255126,1.399771059778943,1.4362780425693218,1.5595126667413601,1.6506951110168835,1.795900562008952,1.9564370721140187,2.1247287482704595,2.3485740453029043,2.6791881891341927,3.1270531296793345,3.5510084319510344,4.095887576709136,4.692838195088532,5.407781464282441,6.003371426814834,6.761825460314862,,,,,,,,
03580104000358,143970000000.0,151581000000.0,157537000000.0,162041000000.0,171739000000.0,180233000000.0,196223000000.0,217095000000.0,224461000000.0,253263000000.0,277856000000.0,316183000000.0,359313000000.0,405335000000.0,467437000000.0,543399000000.0,631821000000.0,765437000000.0,911584000000.0,1067911000000.0,1267134000000.0,1435701000000.0,1644540000000.0,,,,,,,,
03590100000359,1.7833389855171793,1.8139340928428584,1.8430108575012216,1.859420218037018,1.8877636010820296,1.9078149546272969,1.959513868092046,1.9545367151729205,1.9827604272073822,1.9950175561815024,2.0007988888557082,2.027936668040838,2.0500104932401184,2.0819812706452843,2.126916082682781,2.1351072173619174,2.1379666039701344,2.1224801513330926,2.131329392785488,2.157742924942436,2.1683517011836564,2.1493951399705913,2.169452109368746,2.1811656206369543,2.186728616123281,2.217957480110971,2.2244391336046836,2.2242795728421374,2.2306988102271177,2.2647106197219005,2.2589935883799135
03600100000360,4.337268342906853,4.387291396407228,4.406275002854663,4.3838494239742305,4.432329001120808,4.4149001432417405,4.457825261536029,4.449437414549487,4.531632905376709,4.547210400044898,4.56769205615539,4.6273718502289025,4.617898197763604,4.6511690337239555,4.651345734073707,4.6800354858376485,4.682996023551754,4.626970270771563,4.636647807286756,4.667029892213359,4.629463842329389,4.644584929207744,4.662730718940658,4.668573735166032,4.729316140852015,4.803739420466141,4.758648952878432,4.709838975955796,4.635065062258807,4.811689533883866,4.957190068793585
03610100000361,3.3309563128641013,3.37194432868211,3.39404320604501,3.385895103175749,3.4258474032736266,3.4217022520280884,3.4661763874229963,3.457821782695995,3.51805395819119,3.5316349010262305,3.5459104048623016,3.593718590944912,3.595643017332294,3.630086343615508,3.6481126121914422,3.670346544592769,3.6727352081266527,3.6355319321991804,3.6464109428828535,3.676194904345703,3.658425994883851,3.6599876451845956,3.6785288263346225,3.6862224895644036,3.724176610842974,3.7804470784649813,3.7544581732372118,3.728246886777413,3.6800371820355444,3.7990639205426047,3.8762963021195795
03620100000362,42.30339539300599,41.71950930495867,40.99095112357395,40.349183171723865,39.98650135389103,39.91319817566467,39.932195060225524,39.669620050772245,39.29350856302065,38.94822458418078,38.45062685474349,37.37636401707449,36.46227683212907,35.38854961085043,34.47090273200974,33.83836427385622,33.3206176096799,32.66120240935435,31.777943108097336,30.947394875539498,30.069004404143715,29.132845089352905,28.422663190021527,27.896467855303136,27.354067056840478,26.7141783858075,26.223451644431183,26.870018437928795,26.60971207550752,26.18495988675143,26.08930937795779
03630100000363,41.42031927076341,40.76061725371639,40.01102605141886,39.3846785713888,39.116118719061596,39.178065564499796,39.424645681037795,39.36128723503267,39.02846076604556,38.831123826708335,38.390600102676785,37.274266497784545,36.3536741901434,35.07170596242237,34.118253237815864,33.35538991823691,32.64309179431979,31.94073109626024,30.98324832689986,29.994947426715473,28.98022205370806,28.04519834499038,27.40575627409259,26.88482375997004,26.357875090832586,25.68419870825431,25.22769889137721,25.615751209522355,25.8033836122843,25.67892378539791,25.911197997978814
03640100000364,42.8776261901063,42.344479510753246,41.63048994265305,40.97972609257171,40.55604068960534,40.395555781762695,40.26623794571695,39.87296883119442,39.468578013727075,39.02560880109451,38.49036144885171,37.443683008988195,36.53413240441238,35.597456311439714,34.70342229580411,34.15598813965166,33.76656363308367,33.13320286096915,32.297350981973715,31.568822513622287,30.77845137799983,29.84174580965751,29.085823035918096,28.556740825914556,28.005306523698085,27.388649812797688,26.876942067935826,27.68860751176153,27.140984919163547,26.518908137813153,26.208319662192828
03650100000365,21.32051938191591,21.240238878879605,21.19660755134172,21.24927427497805,21.233942985605765,20.988057434887956,20.756896658931637,20.763944649704897,20.60847038167089,20.392177280513913,20.44440512613768,20.778362937955173,21.214370726333765,21.69245103001616,22.23722248955028,22.340290521744503,22.278519414290297,22.581524453930463,22.918898704424137,23.331578266907364,23.321450145886576,23.38539407297192,23.257067084556187,23.28907785402523,23.403034954852163,23.52267031108891,23.531419731633846,23.434464376862923,23.693848257282163,23.826199748001564,23.690073682560982
03660100000366,18.150947584904845,18.018513336890003,17.92965133025458,17.937166725899313,17.818190464126868,17.44843182292945,17.0868921848579,16.92163473834209,16.623729527957774,16.17478293826751,16.09754045756547,16.26613707527117,16.57655257902579,16.89732573698236,17.261402229965512,17.172092249077764,17.03295920968027,17.189997460037983,17.382678299907443,17.70841381189979,17.527838428599896,17.382026509993146,17.053120711241053,16.96771434696701,17.021479674339325,17.04468897425989,17.035398292103206,17.030530789635584,17.01994501156645,16.854437848215266,16.83063812275706
03670100000367,23.38142675351865,23.339772507590457,23.328676226184882,23.414600062803647,23.469089828739744,23.310215152076292,23.172395734860768,23.29846587534315,23.239128630231875,23.17953542632479,23.31899747732698,23.7571108681536,24.281768060884357,24.855199791674845,25.518825449798715,25.739324311691817,25.731459733165796,26.114370847955975,26.53736430392727,27.000910011593668,27.0970145748454,27.298372045699583,27.30320242549966,27.415095215870874,27.575114121670637,27.76519480882172,27.79495288922299,27.614105384150246,28.091566715165285,28.427317784712663,28.274461999126203
03680100000368,36.376085316826554,37.04025194468716,37.81244098638883,38.40154255244588,38.77955618729909,39.098744752993404,39.3109081597845,39.56643539810449,40.0980209440984,40.65959884380617,41.10496813147777,41.84527312765547,42.32335251144819,42.91899905333364,43.291875008510125,43.82134513213438,44.40086304438255,44.75727306867509,45.30315858067386,45.72102690023463,46.60954564842529,47.481761030746235,48.32026984286048,48.81445426054661,49.2428981702857,49.76315108268592,50.24512870342178,49.69551736903939,49.69643969635258,49.98884080544192,50.22061679899035
03690100000369,40.42873579149854,41.22086984415396,42.059323031544515,42.67815701199283,43.065693781994845,43.373506035328845,43.488463880059676,43.71707910085486,44.347810086647534,44.99409371839155,45.51185971300482,46.45959686110386,47.06977314758377,48.03096856379702,48.62034418020712,49.47251765106901,50.32394934687228,50.86927102137394,51.63407314202779,52.296639005189974,53.49193926499042,54.572774357897174,55.54112300794014,56.147461738810506,56.62064492362665,57.27111183063928,57.73690219703543,57.353718445945056,57.17667160711597,57.46663865547334,57.25816437826588
03700100000370,33.740945147934525,34.31574706248594,35.04083326131847,35.60567295177732,35.97486791786909,36.29422814110322,36.56136528322961,36.82856389248025,37.29229385504865,37.79485563856341,38.19064109063425,38.799205583268815,39.18409930549601,39.54734390381164,39.77775259683038,40.10468715304747,40.501976749828906,40.75242608403572,41.16528444136066,41.430268066300734,42.12453496289403,42.859882465905876,43.61097475335887,44.02816390620457,44.41957914711189,44.84615492390775,45.328105143383844,44.697286610436386,44.76744817052942,45.05377388848819,45.51721693238455
03710100000371,48.146459862590135,48.037566432728205,47.91653194706468,47.839762310620856,47.80511157880674,47.73416366638765,47.793909194787595,47.85939999450294,47.6989456723833,47.484296174320825,47.37569243525354,47.35675284196436,47.41581323004295,47.30848015469519,47.29082888742764,46.998837158078516,46.531571167734626,46.24709221057004,46.13845430616065,45.96363200747651,45.803692121542426,45.73396321222902,45.65030521148165,45.583203694211456,45.52880535087395,45.54807724738117,45.599159052654954,44.002239054510355,45.02329645862597,45.68856136540691,46.481471425546275
03720100000372,,,,,,,,47.8885729268172,,,,,,,,,,,,,,,,,,,40.9174749171614,,,,
03730100000373,74.95227698396216,74.61508193776439,74.35619398266905,74.126916742526,74.0115286001084,73.68303405280493,73.50506115982617,73.414327613217,73.07704860208028,72.64074990248992,72.40057242051752,72.46091040221474,72.37843168152898,72.37428391939656,72.31450394299007,72.03915892588438,71.24503071744988,71.12440825164018,71.10053452415144,70.90235718048125,70.70434809773597,70.54997760006063,70.33388517223105,70.1362334801434,69.92245744265257,69.82439725120484,69.74335239421067,67.67922331415532,68.61327500584073,69.4459590712982,69.76151217317644
03740100000374,,,,,,,,74.04336568791074,,,,,,,,,,,,,,,,,,,68.80428400968125,,,,
03750100000375,61.46769635176817,61.24553565618915,61.052780561241505,60.898481886271526,60.82306339130387,60.62660996179916,60.57133926381242,60.561662704407055,60.315661700863146,59.99337745263908,59.82188992880834,59.84597346336811,59.837609246524735,59.78525233311834,59.74999961238936,59.46881385653678,58.840061253329864,58.63806026127335,58.57484864216985,58.392105997607594,58.21715229180786,58.10824633959636,57.962475445716485,57.833499413627,57.7012295637327,57.66234758972928,57.6481923861516,55.81824080768097,56.79365604008171,57.548827375338455,58.10386806238726
03760100000376,,,,,,,,60.81269612495841,,,,,61.15617798100671,,,,,58.985396589334265,60.69553104929449,58.76713146321526,60.991810622360525,60.4339738779764,60.8370814920776,60.41994368068555,60.37217930273221,56.96251962799051,57.49824773748961,,,,
03770100000377,42.86173751790471,42.05862532237401,41.14589802152085,40.380472777026036,39.666517810290294,39.01382132354121,38.47466116123261,37.99285790467553,37.44385400372336,36.98471929336818,36.42235879344587,36.11158012789763,35.84798912527517,35.44206809169124,35.07482733905133,34.43798552482711,33.65762222031782,33.04949156374972,32.52570435988711,32.054781062979906,31.66089293716419,31.010697629566664,30.472126024579808,29.92670561884424,29.556613654050626,29.33848001628307,29.395720596247035,27.598270878992803,28.786399822105704,29.404409962578573,30.11053807808965
03780100000378,,,,,,,,39.69011300448464,,,,,,,,,,,,,,,,,,,24.185377528912387,,,,
03790100000379,57.00437665352718,56.36020539320801,55.752843602299365,55.153768272813394,54.73994121623597,54.11454681927825,53.8314905169843,53.49729773902431,52.86217099266868,52.041093444121245,51.45923082623972,51.33412538482332,50.76771698319453,50.40186493551501,49.81685343535383,49.04573011583107,47.6510416071117,46.89039969588386,46.27157927867338,45.665461491765164,45.314772595714885,44.74578313727543,44.098001498255464,43.69369912034908,43.26701747272106,43.067146483115216,42.908514527660024,40.973076931835855,41.850824307153,42.70878973566249,42.76796389448775
03800100000380,,,,,,,,53.92732795134653,,,,,,,,,,,,,,,,,,,39.8619204319853,,,,
03810100000381,50.07842293430194,49.35651943060543,48.59796192606721,47.917806608643325,47.358760597316824,46.72379592744249,46.31889339809269,45.915595070853634,45.32684972012851,44.687492263068734,44.12048002046028,43.910709610753294,43.49754395074081,43.11752543406775,42.642940822805045,41.94110231056807,40.84894824659518,40.16664709793034,39.599286579636505,39.06393769026643,38.69719858380711,38.093074241348646,37.50235772578685,37.032648777727765,36.632612432267585,36.420866870029826,36.36403638215406,34.49290402447918,35.51881747938635,36.25969215368502,36.634186483814034
03820100000382,,,,,,,,46.96262417750093,,,,,,,,,,,,,,,,,,,32.18140965492104,,,,
03830100000383,-2.3372147601187345,-3.134376633180178,-3.046401781134184,-2.952860297782094,-3.3376896508886147,-4.061710565726634,-2.114766839759151,-2.8029489530745737,-3.2675664582432513,-1.9438499552447102,-2.4335994367622176,-2.7325007780543165,-3.198112732659961,-3.1630154941737834,-2.2022056284062854,-2.957010330346648,-2.891887649415407,-2.0950109169654723,-3.129742466536586,-2.73341295388368,-3.067184776668436,-2.459859394382207,20.96904249832592,,,,,,,,
03840100000384,,,,,,,,6.038951295181951,5.961458886311766,5.914776452750282,5.880451071780757,5.839787349068444,5.731672342501243,5.6061191554311,5.465878602443764,5.377836844315293,5.372759435960554,5.391530928547978,5.280677116713726,5.1925744806835255,5.104905317320631,4.998451726208764,4.839980424107577,4.733857263485678,4.658953274027751,4.615657635267366,4.551012719062399,4.562319025521518,4.529264746297335,,
03850104000385,1607.7537852270282,1593.6453955843665,1607.998192237545,1624.5156714313168,1617.080991073811,1601.1971639728997,1612.6165896461669,1624.793855350128,1623.0285079470473,1635.0747902059697,1673.4730985313015,1723.5903980474338,1750.0744322733367,1778.855329659597,1805.3680659477786,1810.4294244648274,1776.8038766842735,1854.110759459247,1860.2186924696873,1869.4244832302436,1871.2514965633684,1897.280055687348,,,,,,,,,
03860104000386,141.2088380019869,138.34881790347418,137.80134947343706,136.21967161908404,132.31115981362422,129.62246307236916,127.75739274431989,124.69600788130263,123.21424791015839,122.33644906097503,122.36227823605407,121.51522780575395,119.45082297299894,116.7770482234867,114.1389921234046,112.52180864095959,112.55480416515796,113.05025921681083,110.52632206122593,109.17036612307477,107.17039172363982,104.62775399907756,,,,,,,,,
03870100000387,,,,,,,,38.41745221296844,,,,,,,,,,,,,,,,,,,,,,,
03880100000388,,,,,,,,,,,,,,,,,,33.195565,32.696535,34.18959,31.590435,,,,,,,,,,
03890100000389,,,,,,,,,,,,,,,,,,34.51898,34.16015,33.95379,32.73397,,,,,,,,,,
03900100000390,,,,,,,,,,,,,,,,20.86558,20.18324,20.11094,20.47037,19.692405,21.615070000000003,,,,,,,,,,
03910100000391,,25.208498853988516,25.662659990712864,25.29732915217268,24.476703480422298,24.35410725978848,23.832213089267174,23.68719587110313,24.733376798739624,24.975413385455003,25.22899786950146,24.738614210037586,25.06995358790069,24.842425542756004,24.72600062498464,25.87950168101831,28.344590055076004,28.225944883783928,27.34481803404312,27.411850866597472,27.01285893210859,26.774601698541666,26.749916911401584,26.569054089300213,26.30188499719168,26.19382786007943,26.80843141933774,33.41385882678251,31.645406705705938,28.52596955806481,
03920105000392,,,,,,,,,,,,,,,,,,,,,,,,,,,,,,,
03930105000393,,,,,,,,100.0,96.51637337,97.39876198,107.9158524,119.7068887,128.9245123,137.5016758,149.3079551,169.4575883,150.9156898,161.6850695,184.948855,181.938781,180.8580144,177.8310197,153.9136887,147.2961462,156.4976756,167.759943,,,,,
03940104000394,,,,,,,,,,,,,,,,,,,,,,,,,,,,,,,
03950105000395,,,,,,,,,,,,,,,,,,,,,,,,,,,,,,,
03960105000396,,,,,,,,,,,,,,,,,,,,,,,,,,,,,,,
03970100000397,18.947533435358206,19.503384554883233,20.689341952645417,21.131715454956495,22.0063404722128,21.822388455663813,21.914949351785513,23.506733750409573,22.910947328214558,23.16140956197466,23.90793147253412,25.77141782192689,27.046618004434702,28.702121327035407,29.638598978501413,30.80840496309063,26.23734171504094,28.550742323891644,30.343622208191018,30.127902203104796,30.116552910658783,29.769890918913518,28.151512140156417,27.19703253958349,28.13483071548261,29.015757512691575,28.136031197242982,26.215284643422137,28.761720058632967,30.993700029142463,29.32485342851748
03990100000398,3.4368820775055866,8.871810893955498,8.973936905214998,6.454547995321263,9.933334890959713,4.4880226057375125,5.450703685055359,11.814764728049184,0.7443405287654912,2.8371280323125063,4.376683636403513,10.162937024263854,7.005959072192766,8.563041051645385,6.715450240617727,2.9684729869740636,-9.719199412572252,11.899164412992775,5.4557179259107045,2.7007949042845922,3.123436032499967,3.496467283279742,3.351655569550971,2.569308965884076,5.3371934190775505,4.192090446000023,1.271116701601187,-8.515874024629383,10.11763614603342,6.405812137406855,0.8631350449753938
03980105000399,4711012710192.0205,5287481087997.505,6330524375066.849,6731215640388.165,6920634259049.197,6853142015730.84,7126978965827.2705,7946383229379.264,7671754598718.036,8011094739674.067,9391776031288.834,11445830843277.139,12979282819958.941,14925342849508.754,17375869722680.115,19901836937370.207,15930741153812.326,18943744708153.84,22446859049562.5,22833905424199.5,23557711908071.332,23920737859581.86,21270287241355.48,20848088349162.297,23029031081072.082,25263242907929.605,24935856664895.594,22535128301244.59,28270518088456.473,31670492709845.184,31073407727491.46
04000104000400,6767773241999.839,7368197285761.786,8029414661237.8125,8547677084290.769,9396746474471.191,9818474580449.3,10353650536222.074,11576909987841.115,11663081620859.316,11993978178956.205,12518916659268.389,13791206275469.91,14757412542691.014,16021095836882.31,17096984555809.82,17604503923936.164,15893487081974.701,17784679240816.637,18754961174223.59,19261494209917.574,19863114660468.035,20557621966011.645,21246642647602.707,21792534542096.914,22955644261527.91,23917965631433.17,24221990887257.55,22159276657041.49,24401271641793.867,25964371262305.516,26188478849877.996
04010105000401,,,,,,,,,,,,,,,,,,,,,,,,,,,,,,,
04020105000402,,,,,,,,,,,,,,,,,,,,,,,,,,,,,,,
04030104000403,4918504320814.8125,5449616138313.568,6444663395628.057,6734022836984.49,6989392127153.489,6918281183774.786,7176507959588.485,7958405231459.954,7708631296531.256,8092636293967.575,9367547352204.783,11378364189839.826,12931443760219.254,14872107052812.477,17305746211199.566,19764293093203.258,15956107861484.945,19017566303563.562,22478809543487.047,22808585666861.77,23452797618101.516,23821967229754.504,21246642647602.703,20860818468327.254,22989545070829.266,25210294360405.004,24801869505358.375,22483018088872.254,28142854043702.723,31542571098503.51,31134685986463.883
04040105000404,5595596179503.414,6160834553599.715,7404497847232.502,7870490917877.715,8122712010484.394,8080334243196.308,8464170592179.908,9483555238815.8,9085236733979.252,9377575349645.936,11012858593813.273,13569964832815.5,15670503702498.568,18369938712682.12,21844332067751.836,24299211073985.164,19264154977006.312,22634820910005.387,26577969283192.824,26807414182350.527,27634541303039.133,28210926646152.19,25197786988871.3,24889104342381.25,27621994581772.223,30401524359694.832,30135045121821.625,26898657499200.543,33626691805327.28,37410898720866.29,37908659319532.83
04050100000405,0.4200818190447215,0.46629932405544494,0.4501045391384757,0.3958923481591974,0.5154212729897907,0.42436274644431293,0.2739669586782618,0.062066892837957965,-0.03529863372303055,0.19491968484481959,0.18394221299104885,0.2583516356604427,0.3336528961877896,0.5226812833856336,0.6667604882021188,0.5698004791860605,0.5992617832890019,0.8136818647409356,0.8464465050975498,0.8776213745955879,0.9323196621218557,0.7384894563302389,0.7258504940788413,0.7240526633252777,0.7396620666306681,0.6638635877242329,0.5565053296447786,0.6969852674515202,1.0042680450871941,0.7498817430522955,0.8359274874729437
04060105000406,,,,,,,,,,,,,,,,,,,,,,,,,,,,,,,
04070105000407,,,,,,,,,,,,,,,,,,,,,,,,,,,,,,,
04080104000408,,,,,,,,,,,,,,,,,,,,,,,,,,,,,,,
04090100000409,,,,,,,,,,,,,,,,,,,,,,,,,,,,,,,
04100105000410,,,,,,,,,,,,,,,,,,,,,,,,,,,,,,,
04110105000411,,,,,,,,,,,,,,,,,,,,,,,,,,,,,,,
04120105000412,,,,,,,,,,,,,,,,,,,,,,,,,,,,,,,
04130105000413,,,,,,,,,,,,,,,,,,,,,,,,,,,,,,,
04140104000414,,,,,,,,,,,,,,,,,,,,,,,,,,,,,,,
04150100000415,,,,,,,,0.15161372363273018,0.14518592118809256,0.1562629590543743,0.17579581710695708,0.2428440100072861,0.26408196577872056,0.25703540481405907,0.2689583882924286,0.28512399213839806,0.2983695197911446,0.3138167915376065,0.33137138102377567,0.3145960841637443,0.3340326749405322,0.32785664877734655,0.27898610445605193,0.255679920141166,0.24711010654871626,0.23747840766454772,0.2483987229024922,0.2243200941908914,0.3244669774257197,,
04160100000416,,,,,,,,0.5402876495640065,0.5349005733966506,0.615103484687434,0.8083091802515762,1.4008935891728125,1.4457807331851928,1.5066905436286413,1.887274450616246,2.1079100371290664,2.154038873345806,2.400723800352034,2.7613137680406834,2.6888965872428985,2.9505805286262925,2.9219061294228807,2.4569984146723725,2.3194908721647574,2.326939382990053,2.321928728998731,2.4814830805610035,2.34935932518518,3.8101259268164633,,
04170100000417,,,,,,,,2.0983790622266922,2.281776175710363,2.541193673578119,3.0096334457444387,4.021331641054826,4.331694176983197,4.609272487868018,4.812270486921986,4.951983492756286,5.454491421192221,5.579085494999694,6.123676283689357,6.081507234431195,6.556264681538994,6.712981226913168,6.115031210189288,6.247725770247547,6.217878287042496,6.186718060527706,6.613504802955192,6.39627635190987,10.055226569758466,,
04190100000418,,,,,,,,,,,,,,,,,,,,,,,,,,,,,,,
04200100000419,,,,,,,,,,,,,,,,,,,,,,,,,,,,,,,
04210100000420,,,,,,,,,,,,,,,,,,,,,,,7.94368743896484,,,,9.192892075,,,,
04220100000421,,,,,,,,,,,,,,,,,,,,,,,43.5622138977051,,,,49.23188019,,,,
04230100000422,,,,,,,,,,,,,,,,,,,,,,,,,,,,,,,
04240101000423,2.973244423045168,2.9197695516623505,2.8659802760125404,2.8184199976205906,2.776724024900477,2.7417786991569333,2.7149953831818503,2.7240122348632614,2.686212521851471,2.6594078013757985,2.635951932862258,2.62754466978216,2.6094286807619125,2.601618662286396,2.601155323138447,2.601072805167928,2.587426900276335,2.562516701260653,2.542081411395908,2.557596926283255,2.5223997207326394,2.514490196337978,2.4857123221839523,2.488831299215581,2.467109490106088,2.405269307374682,2.368458420379333,2.3077885758939733,2.2815919611226017,2.2682372859228144,
04250100000424,88.99085997922276,88.63750880349558,88.71707262361102,89.42701629725161,92.40343263324421,92.40097302597395,93.56243587217054,92.77908647911008,92.73312937102237,94.38859701608338,94.92327260451539,93.25961680984922,92.79197760639958,94.77896084591217,92.91821406670364,92.13319924841421,99.18544057958461,91.72293522940697,94.0244384373974,93.45711244228119,93.90569302673991,92.26064227459348,88.76067636909029,90.44309104386915,92.6753613796919,92.60932173463799,89.16237677626125,94.20706582721293,92.15849023883912,91.10088083042956,
04260104000425,89.60106095383831,92.02655600192371,97.40447159867881,100.58582879396076,102.48793099354982,102.780939334497,104.5905433977318,101.28231089435616,103.22594163992234,106.4519192662443,109.58686759042976,114.98483011238888,115.1165939612846,118.13926575414106,124.6771765481867,116.68638709059248,117.42425624124918,129.02004875439985,133.57486004248034,130.95790807263063,133.3881276701385,136.5744767565075,134.6316055685762,135.18594559866173,139.48921579219993,138.51438379550427,136.52024361015663,145.75316702551038,143.78622604524983,134.2219523090804,
04180104000426,397.91693090609,424.96786536535,466.48600693679,493.01048463847,521.34902826168,542.16566278131,560.1931432156,591.3855213046,593.98005925143,662.81471098206,688.22354948421,757.64988948354,805.54071817134,775.44401663628,778.59114076107,758.37915358556,776.78392755215,829.14653286575,875.51772483591,928.52581780471,972.36870854789,1040.052620579,1004.9754241142,1053.7428324313,1112.4227863971,1171.5030752092,1220.6834607721,1272.7991521374,1333.2424283328,1393.0615581448,1450.9689492207
04270100000427,,,,,,,,,,,,,,,,,,,,,,,,,,,,,,,
04280100000428,1.937142168534507,2.6942746804791824,2.3916297001737945,3.2015897238639894,3.1250433899622294,3.118619203872157,3.9114828079679143,4.091153976792356,2.7205091681230584,2.7423933661300737,2.719729136240474,3.469899397382889,3.6624313400527484,3.4973200118361376,3.8304054861103083,2.1048382109541137,0.8221182756548586,2.9167779081942484,2.690827428308637,2.2240242000727335,2.3522358699297,2.6159617011819734,2.9679397925022073,2.8123717916859476,2.997399689916108,3.080077557988872,2.6793166721366504,-3.0345645812099917,6.371544708903571,3.5032644676321354,3.1811386372687025
04290104000429,29569284620630.348,30365962369362.816,31092203744132.094,32087648544127.082,33090401483949.637,34122365099266.484,35457055543796.336,36907658281729.836,37911734509023.82,38951423401184.13,40010796612406.53,41399131002948.52,42915345751310.01,44416232726419.24,46117554541495.53,47088254451442.53,47475375596974.7,48860126864219.5,50174868559388.32,51290769778503.8,52497249663196.82,53870557608559.93,55469403324267.2,57029409176375.4,58738808510189.06,60548009368941.45,62170282278610.37,60283684912545.39,64124686848922.78,66371144218281.47,68482502331006.55
04300105000430,,,,,,,,,,,,,,,,,,,,,,,,,,,,,,,
04310105000431,,,,,,,,,,,,,,,,,,,,,,,,,,,,,,,
04320104000432,19852305105569.305,21269794828651.12,23496232944884.785,24039205428513.77,23945691778102.355,24020634633807.754,25011953584936.496,25759291163288.117,25898949084985.883,27021008184440.24,30264600692382.8,33702518484473.13,36243451163623.81,38808710698316.26,43348407780557.164,47627176747476.12,46411059834419.5,49763823602188.46,54756140598225.82,55808873505253.46,57293331346370.85,58781338044497.37,55469403324267.21,56590824081575.03,59839181963997.89,63215670965965.14,64333717056250.03,62802570710942.08,70435900885008.73,73214876871081.08,77549400623228.19
04330105000433,,,,,,,,,,,,,,,,,,,,,,,,,,,,,,,
04340105000434,,,,,,,,,,,,,,,,,,,,,,,,,,,,,,,
04350100000435,,,,,,,,,,,,,,,,,,,,,,,,,,,,,,,44.59921259842519
04360100000436,,,,,,,,,,,,,,,,,,,,,,,,,,,,,,,9.644444444444444
04370100000437,,,,,,,,,,,,,,,,,,,,,,,,,,,,,,,
04380100000438,,,,,,,,,,,,,,,,,,,,,,,,,,,,,,,16.22530120481928
04390100000439,,,,,,,,,,,,,,,,,,,,,,,,,,,,,,,86.95826771653549
04400100000440,,,,,,,,,,,,,,,,,,,,,,,,,,,,,,,31.80866141732283
04410100000441,,,,,,,,,,50.85068965517242,56.559999999999995,56.005,40.099722222222205,50.48605263157895,45.12363636363636,30.0,60.26181818181818,82.33,,,,,,,,,,,,,
04420100000442,,,,,,,,,,,,,,,,,,,,,,,,,,,,,,,17.80944881889764
04430100000443,,,,,,,,,,,,,,,,,,,,,,,,,,,,,,,26.156692913385836
04440100000444,,,,,,,,,,,,,,,,,,,,,,,,,,,,,,,28.64251968503938
04450100000445,,,,,,,,,,,,,,,,,,,,,,,,,,,,,,,42.935433070866154
04460100000446,,,,,,,,,,,,,,,,,,,,,,,,,,,,,,,33.7511811023622
04470100000447,,,,,,,,,,,,,,,,,,,,,,,,,,,,,,,18.73464566929133
04480100000448,,,,,,,,,,,,,,,,,,,,,,,,,8233.0,,,,,,
04490100000449,,,,,,,,,37087722.0,66043023.0,103670752.33,158047751.0,219600000.0,284000000.0,346100000.0,411000000.0,468100000.0,526299999.99999994,598000000.0,648900000.0,692400000.0,730800000.0,841300000.0,918100000.0,1027000000.0,1071099999.9999999,1140800000.0,1228800000.0,1328200000.0,1418700000.0,1495600000.0
04500100000450,,,,,,,,,0.8410518730133079,1.3457176600235057,1.9793904549917012,2.9525430336147847,3.658756373167745,4.651166038710527,5.364068119445001,6.24846313798207,7.07302744097117,7.8168600123271,8.950203723613601,9.31151301464681,9.724845536987239,10.13767195702603,11.450762176166874,12.35282040852744,13.663725445172865,14.463237953170548,14.765802504120755,15.794459786117597,16.905932908765674,18.42807953712963,
04510101000451,602706571.0,642258725.0,688176383.0,738045955.0,792107663.0,838347056.0,904516372.0,975057850.0,1034495800.0,1083357524.0,1135703975.0,1203418833.5,1243200000.0,1260900000.0,1253700000.0,1249400000.0,1253500000.0,1229000000.0,1201600000.0,1179300000.0,1142300000.0,1095000000.0,1046000000.0,1008300000.0,984300000.0,954900000.0,925400000.0,903100000.0,892400000.0,877700000.0,860600000.0
04520101000452,10.844656308216921,11.385705673778638,12.023655746806217,12.713083232074645,13.456254220752255,14.04936242826758,14.957031182864448,15.9108290712127,16.659108082451205,17.220394239694468,17.828633457885758,18.694466730018732,19.1,19.2,18.8,18.5,18.4,17.8,17.2,16.7,16.0,15.1,14.1,13.4,13.0,12.4,11.9,11.5,11.3,11.0,10.7
04530100000453,10.201517151372789,10.153236809670904,9.749820811883792,9.573155398971542,9.296327744400076,8.811016237956302,8.210883054077442,7.099177107818497,7.453859533636769,7.4679463276728235,7.417818503040795,7.014857793022272,6.793041458884793,6.434982509896084,6.716072700840601,7.091276620860102,7.99731635389595,7.702664917197824,7.793364094580124,7.9577515141978,8.126128139931673,8.427486071758405,8.792653022028185,8.983272216329828,8.736272875562031,8.3648175504947,8.498630634742055,9.425404220125378,8.624543510326063,8.533035776076886,9.049683897008341
04540100000454,8.23482270789867,8.468702847494246,8.444464060877566,8.603708095371015,8.025594534419994,8.156233111871604,7.910696597521671,6.97022298654709,7.284793267610653,7.4107769494873725,7.386785583571758,6.883428285505971,6.492936277310808,6.18025962371378,6.528870467801709,6.824081441722095,7.7986139576225035,7.389029684246432,7.545889850040378,7.523244280452996,7.778789533717026,7.950352050706366,8.366857234458925,8.676116256283137,8.491887601283219,8.089333669069529,8.263809648999688,9.19330743085712,8.556557992598252,8.189763377431033,8.714198762186138
04550104000455,39.40335034550031,44.30972532692899,45.184351638650746,48.51221184157289,49.47303704418133,52.16631054345447,53.16050530765904,83.23075721025135,89.90631268380477,91.68000289095214,98.59893155932433,97.47574697440201,100.27331595421319,101.24824105520717,100.54602044626138,101.13413070733563,102.7813095954214,99.52187759614121,104.62963864615438,99.28024390273646,99.30962432115807,99.32282619156295,100.0,100.0,100.0,100.0,100.0,100.0,,,
04560100000456,,,,,,,,,,,,,,,,,,,,,,,,,,,,,,,
04570105000457,,,,,,,,,,,,,,,,,,,,,,,,,,,,,,,
04580100000458,0.9521480300553058,1.0756430803783168,1.2968415418164323,1.3152665565101695,1.6800350717844446,2.4734572277549622,3.635146468592126,4.543993535374828,2.6590712172749464,2.1128992956778365,1.7925709294172598,2.280968526289078,3.248415115649684,4.125755381881713,5.426653131914077,3.7510459455438814,2.364167496692506,2.6759606939519296,3.1676821719832406,2.6449854701369824,2.6571344272719624,2.4126037411689514,3.6251495219833525,3.532521901231249,2.74731322334698,1.2726848271096662,2.10485301297807,1.5776438605509524,2.4370048794722052,1.8163277598026373,0.7813311773360448
04590105000459,249197210085.6954,299789497984.9123,403985709642.7446,419350600605.9813,537256077999.8865,783977851353.6282,1194459630371.081,1570510795698.8542,923645279446.8055,741211748791.1365,718828484227.1892,1015440688666.568,1568853304847.5825,2156269720714.1077,3204131164520.1167,2441799286872.3203,1468117458110.6318,1823629553279.9136,2387696643452.883,2046033340430.6567,2128311174552.0364,1999862338734.776,2778552528912.4395,2720200260273.2876,2280881671050.7466,1140981000124.1436,1884950884127.1892,1384472883793.4338,2409326625317.3994,1876747586470.5664,867176687490.27
04600100000460,0.9740472635837599,1.1293766200826012,1.308905249028228,1.4028884407368625,1.6742639057996351,2.516922823891456,3.7589951236234165,4.184101008912581,2.430827803558219,1.8778811503688526,1.829512460254744,2.7072026379383574,2.944844881861605,4.142387588575232,5.433466094206054,4.018951214385663,2.4500121446811107,2.603103381891518,2.958549898733111,2.335748138434343,2.4768390999844367,2.24872327860566,2.8950593512897598,2.8810865265018384,2.506938140827841,0.883103506330801,1.6810577402445155,1.2593115587005508,2.483676085394168,2.028011700669922,1.1401009886527218
04610105000461,253970152113.59537,313387995703.4129,401029735871.3621,439077624944.9974,524382392219.38165,779903827374.5955,1205787460147.4897,1403551219246.4448,840330986531.8998,652698746780.8221,726260404407.4891,1196488590901.6099,1417437655991.8467,2153059010082.455,3194905307424.9644,2602953172927.329,1514182777727.6904,1768305992072.624,2226792579763.332,1807040389453.0015,1981584295900.268,1864022799663.8062,2224815406059.0967,2218144850581.776,2080227148178.5312,803097610532.916,1510270812061.9788,1110679425182.6934,2448383444568.098,2084038999939.1118,1239985901720.5186
04620100000462,32.82293686365129,32.765567901760996,32.70593606874263,32.64564484444705,32.56745895301766,32.513743022258154,32.45162169567231,32.373759569025985,32.33443141783472,32.2953595345931,32.25392125999774,32.177215134817054,32.136939998964586,32.09857815679731,32.05944079690415,32.024237080718535,31.985428813613897,31.945632577417772,31.911541080105955,31.47120893909864,31.43709651085556,31.402704419894853,31.367285218574413,31.339815784762617,31.28889856089412,31.251500125616325,31.212396479257585,31.175541075247253,31.175677127420585,31.14304107874035,
04630104000463,41699049.23299999,41622314.101,41545578.973,41468843.845000006,41392108.713,41315373.58299998,41238638.45200002,41169443.323,41119046.544000015,41068649.765,41018252.988,40967856.21,40917459.432000004,40900646.65300003,40850703.87500001,40800761.098000005,40750818.317999996,40700875.53999998,40657762.904999994,40883530.20699999,40838658.291999996,40793786.37600001,40748914.46,40716299.75799998,40647868.95899998,40599554.24200001,40548696.3,40499594.39999998,40449373.703999996,40398387.31599999,
04640100000464,0.22767638324123263,0.21385947603442135,0.2456941069416839,0.23744166601232328,0.21885434301700651,0.20045978994090125,0.1494200204139,0.14411047349619366,0.137273840524148,0.14616965509436258,0.1696826910951466,0.13559273274681022,0.13367781017825758,0.14233026955912784,0.16878857923696547,0.1785499434787883,0.17078286453808747,0.1788169511012401,0.17442188349275747,0.17449463787795608,0.17759839814409065,0.19379334271469206,0.18680450096522078,0.1935612057207357,0.2021987689340047,0.16605847108783836,0.153179391538319,0.16486395890181224,0.14708004474371048,,
04650100000465,79.98313226153245,79.7929832022258,79.81737201141544,79.83418787798777,79.97706842880524,79.75976102679348,79.72722449825017,79.78384868253987,80.03830701139174,80.05704119833653,80.55352270507805,80.65153868945382,80.72447731597298,80.8357144829528,81.19416166100714,81.05485545582646,80.61346858226932,80.7781258315195,81.23056229508738,81.16535015062586,80.9427289687651,80.91140771928029,79.67629801617531,,,,,,,,
04660100000466,7.622852865716679,6.941951533254422,6.676503029023273,8.351524101998208,7.264538941065967,7.608052462162345,9.543700419851751,11.39094179048882,11.241307182781902,10.29066169196501,10.274943438222536,10.849896113902613,11.752625000878224,12.745943055223782,12.383115962331688,14.162919737087146,12.304627212247963,13.489312523126689,14.485967060298455,14.041671666927128,14.52603192717596,13.885280968891545,11.402047024214195,10.324129942471432,11.201575801544204,12.642094407411598,12.38134229018431,10.161412957636824,11.858756785846985,13.201573746035027,11.45950185908778
04670100000467,8.966395637158548,7.848928554664709,7.454514780556029,8.620413056102807,8.841775967601745,6.847900596393615,7.598789484411886,10.538325226870192,10.066414072028621,9.614429390101947,10.345467232035988,11.292333206227736,13.565174302291124,14.480292701330496,14.042724826122164,17.341167111303818,14.215169266604953,15.037535445594807,17.242183060854803,17.911005030519053,17.12753758137527,15.94716752583252,11.321646429232064,9.70354257764259,11.29491017090518,12.966603121248179,12.303153653484697,9.14554736501368,11.496053386044302,16.2709306425473,13.690912803605068
04680104000468,37912860557311.72,39180033495170.336,40393665990713.88,41840682592167.6,43494798274841.93,44731408554893.61,46336851678223.79,48437263200387.98,49422295421127.08,50567138353080.4,52131518187621.36,54463866515800.87,56653579443885.42,59180664984371.9,61768752251196.4,63038812186080.82,62192598074458.64,65002105448721.2,67170761718394.3,68978972328520.31,70960627147647.53,73182741848317.4,75472473882835.06,77596070030857.17,80274256581671.86,82909015820695.81,85127633137500.78,82677384726296.42,87927472715845.17,90774582977538.77,93346688686736.9
04690105000469,,,,,,,,,,,,,,,,,,,,,,,,,,,,,,,
04700105000470,,,,,,,,,,,,,,,,,,,,,,,,,,,,,,,
04710104000471,25958546729023.504,27941899637871.316,31149677985790.25,31866900968539.25,31760810644454.63,31702676349248.133,32747088959180.195,33855853033266.65,33646060924936.83,34940171807391.61,39181755907935.4,44151098975077.98,47811684840222.71,51815358465522.14,58389218140008.66,64152276357316.97,60814498796339.086,66609708734786.24,74080837776246.34,75705854038889.1,77873446166547.02,80020337644636.27,75472473882835.1,76702553625899.11,81712043350515.38,86884839554431.58,88149850742945.86,85763013427792.89,97848299706454.84,101770911729948.22,106171667873321.4
04720105000472,,,,,,,,,,,,,,,,,,,,,,,,,,,,,,,
04730105000473,,,,,,,,,,,,,,,,,,,,,,,,,,,,,,,
04740100000474,1.8404479313941096,3.3423300675059124,3.09757901481413,3.5822859004339307,3.9533668673559674,2.843122233232549,3.589073483702194,4.532918068646623,2.0336248492487385,2.3164503433078494,3.093668903345531,4.473969700604897,4.020487468419603,4.460592896852205,4.373197339887852,2.0561528096268518,-1.3423700134518555,4.517430468009948,3.3362861936585944,2.6919608530073305,2.872839000397633,3.131475566085868,3.128786892493693,2.813735973884775,3.4514461231730706,3.28219699716972,2.675966292499581,-2.8783231964721097,6.350089576404926,3.2380212620173836,2.833508703460069
04750104000475,6813.004280359264,6933.472215860595,7041.510877667547,7185.892469841185,7361.435976478972,7462.647576762165,7623.193375959811,7860.786848845001,7913.758998118366,7991.612138785295,8133.267879946965,8388.57164000348,8615.669703920557,8886.357810260984,9158.834795914003,9229.519873811243,8992.399914990574,9285.124709515294,9479.092595456488,9612.70030162851,9767.04072293629,9951.540423824434,10142.143478812279,10306.944216480613,10542.82367063696,10772.30836419342,10946.228001277035,10523.921094265492,11100.293702954452,11361.050429966363,11578.780010404294
04760105000476,,,,,,,,,,,,,,,,,,,,,,,,,,,,,,,
04770105000477,,,,,,,,,,,,,,,,,,,,,,,,,,,,,,,
04780104000478,4664.794145759477,4944.722286197824,5430.0789738472295,5472.953821978691,5375.474387599613,5289.0331084534855,5387.448274844865,5494.398871780186,5387.58499837168,5521.932034150491,6112.9184010912395,6800.1902991936295,7271.026625587095,7780.409623872228,8657.73037849516,9392.542293505088,8793.141157275157,9514.760301954926,10454.237868762051,10550.138127438875,10718.523081278414,10881.330825909561,10142.143478812282,10188.260064838001,10731.655470835196,11288.884261730364,11334.843093220687,10916.687666264006,12352.736084960046,12737.315034029876,13169.598225047348
04790100000479,0.23628900843742429,1.7682057803577038,1.5582187170204378,2.050434838232661,2.442890808268203,1.3748893640667603,2.15132494930576,3.116718429765328,0.673878458886719,0.9837694158419481,1.7725552579582597,3.1390059177317937,2.7072316201496136,3.1418115554876778,3.0662391890003704,0.7717693295305992,-2.5691472802772353,3.255246622614493,2.089017563139663,1.409498903260669,1.6055886115749587,1.8890030882627258,1.9153120709989082,1.624910335893162,2.2885488579552202,2.176690995938799,1.6145066702853939,-3.858013070459293,5.476785729636703,2.3490975463334536,1.9164564208221435
04800105000480,11063.089372497394,11182.962819722663,11355.040811396702,11599.649245315479,11882.070234299412,12004.981839653774,12266.322478551354,12679.481524438675,12812.280712957658,12992.87985027376,13296.725008226265,13801.580764574705,14250.467366605377,14801.696526038926,15376.621161771269,15606.231606027253,15304.297656502797,15889.77941708489,16315.137655215778,16611.94018282423,16939.080024634117,17307.60689074687,17671.347638475527,18034.362448905897,18510.565889260874,18981.102262721815,19335.552303144406,18600.98636199301,19637.8232295099,20130.428318524035,20604.12194962684
04810105000481,6086.19150809731,6316.032006658944,6569.246456687062,6856.089998090006,7148.61297144931,7283.020083658104,7541.3576502541255,7994.719765116835,8272.628592680345,8558.956472279506,8925.602090249213,9526.426696770448,10134.888481401353,10961.321684945024,11720.419850748243,12255.411352529343,12204.076132931983,12852.086080824829,13536.253465443635,14071.878717970561,14593.031816881108,14979.431907728804,15141.66304695501,15592.552082428738,16281.331311917036,17141.146428571283,17962.542447450676,17725.789792825875,19628.22936899923,21631.625562599904,22836.96433749065
04820105000482,26913.06413242349,27217.48674160685,27615.928188187707,28166.132731825033,28753.895638920127,28997.184229371924,29498.02240804736,30298.118506965304,30577.115658941304,30999.539898926374,31641.717353335913,32659.40847896354,33554.869827251576,34726.935879660916,35966.02306522651,36569.49825022856,36160.686728038425,37586.29419597848,38553.11296550182,39306.73535553259,40135.23797437831,41020.437812386226,41898.93256231149,42770.92832690472,43913.326422304955,44955.99946248643,45681.42382310147,45253.849160726306,46803.14481235664,47309.856582232635,48010.629410555906
04840105000483,7.081709715548606,7.228106572603309,7.256822983382777,7.341083619672315,7.557941457157637,7.714712221150226,7.827335690869128,8.019502925481738,8.115944519088,8.174178731488102,8.172453262686552,8.229421267254937,8.371645963678658,8.563326571555482,8.761247855761875,8.88716607098675,8.884560791671264,8.845623238087168,9.047618534217133,9.159994928226546,9.330935381655586,9.557693458743424,,,,,,,,,
04830100000484,3.9036073407956047,4.087613763555043,4.205517178502498,4.345805033596425,4.554961515912515,4.687883076843702,4.8214009487156355,5.065722219160512,5.249071839671386,5.392422063309794,5.496789576981135,5.691130683927877,5.96745254960974,6.353704106200567,6.695051002316659,6.993696889463386,7.098550734899603,7.166347051565136,7.522714823439061,7.7761683469425,8.052409394544183,8.28327163153258,,,,,,,,,
04850105000485,61563643211222.72,63193280972511.2,65138254248982.3,67540287346443.945,70204814601342.195,71958342108474.66,74559667752667.14,78129504800646.28,80014102345643.73,82212792811239.72,85227545905775.25,89608515576619.64,93706004618433.16,98575171291929.39,103702569613514.77,106592576493210.39,105846497259987.06,111239121663901.7,115612355592621.53,119204232550550.02,123067751630184.97,127278599408122.48,131500833714840.1,135772118501384.25,140941550583354.88,146087955764909.03,150370502311938.6,146131930481413.78,155554817955109.0,160841750244626.5,166107876267373.94
04860105000486,33868308381485.47,35690969527704.36,37684518534748.79,39920369896623.13,42237340667170.336,43654714164721.8,45839421048172.805,49262542404798.35,51663475513207.125,54157024712354.914,57210114626930.52,61851534951575.164,66643421749874.125,72999345769491.44,79044521074214.39,83706041601082.33,84404965190688.8,89973229310070.1,95920621824384.33,100977217872145.95,106022972473093.52,110157407964030.16,112676257365255.56,117388892181378.77,123967905378528.78,131926745167741.89,139692752928677.73,139256264765942.53,155478823217414.16,172836288481917.03,184108774728108.75
04870105000487,,,,,,,,,,,,,,,,,,,,,,,,,,,,,,,
05040100000488,16.948132800589317,16.624493757151228,16.538932304669615,16.344414087260322,16.11406291824011,16.119683622159712,16.206535400352696,15.995386159329183,16.377481203429962,16.778954216304395,17.033208435534583,16.881847372546265,16.736978829813946,16.583833177703188,16.513426572216776,16.87951094565507,18.01468465044999,17.496775392418133,17.28764844251348,17.1221625911541,17.034569018789377,16.876935652584105,16.711332887678424,16.695720046423226,16.494882650561816,16.50138804687416,16.632402881634093,17.77075416524244,16.960735098719294,16.41264905550924,16.52937299093482
05050100000489,1.0866431043439206,1.0372490622098098,1.694059840726723,1.2389055767987571,1.5115706616529963,2.1247374562698695,2.6609811165550354,2.337144279975149,2.794700739454939,2.913126380453491,2.1482124420311806,2.083996195612926,1.8664025948559555,2.303950731074366,2.390506571169567,2.7427878189292727,3.4687013795683868,1.2281102901448406,0.6333188999546877,0.920460944473092,0.7608496868330548,1.1935678773821792,1.6060365436110402,1.6368331273919097,1.4030086391850034,1.9618134139803232,2.6684408163170303,1.3025442495141277,3.677385304568844,1.6561602756808753,1.9196438450468207
05060104000490,8352763731568.533,8439402695042.829,8582371226896.759,8688698702648.3545,8820034523117.012,9007437100285.611,9247123300609.785,9463241913892.236,9727711205636.191,10011091726981.91,10226151245044.09,10439263847948.432,10634102539290.4,10879107022487.58,11139172790744.717,11444696665178.746,11841679016291.219,11987107894816.215,12063024514672.045,12174059944051.816,12266686241011.002,12413097467602.969,12612456349126.73,12818901212827.082,12998751504291.639,13253762754952.8,13607431570003.785,13784674387425.44,14291589977631.29,14528281613604.008,14807172877390.625
05070105000491,,,,,,,,,,,,,,,,,,,,,,,,,,,,,,,
05080105000492,,,,,,,,,,,,,,,,,,,,,,,,,,,,,,,
05090104000493,4399488972737.9375,4645199360927.378,5151824155192.423,5208458251075.226,5117957010590.5205,5110371127256.053,5307168564754.527,5415374430205.963,5510377303676.122,5862595430660.334,6673910152501.022,7453521142274.502,8002231569885.438,8592972608351.098,9642060663641.807,10828590509620.209,10955540179912.191,11654551126869.473,12806834798026.188,12962479419560.396,13265405934550.24,13504980893265.797,12612456349126.73,12806043621837.764,13478305662043.709,14337204528780.762,14661438315125.879,15240734280956.94,16595790911812.734,16703302582828.49,17549510993477.81
05100105000494,,,,,,,,,,,,,,,,,,,,,,,,,,,,,,,
04880104000495,,,40814767476100.766,42411431987465.875,44121903998322.25,45647922265832.48,47309857439282.11,49320178162352.23,50402029915527.36,51474420873711.6,52953725095513.08,55169701422554.15,57222272047856.555,59768684855517.52,62030309818113.69,62558741111105.42,62181839179687.25,64972011280884.08,66887924724525.98,68758472612726.41,70564111039460.4,72983992819279.28,75382134942058.03,77437157330595.81,80156300337956.9,82611592711639.8,84877801265284.58,82243550164520.84,87534156491427.56,89837153078364.78,92542966503272.64
04890105000496,,,,,,,,,,,,,,,,,,,,,,,,,,,,,,,
04900105000497,,,,,,,,,,,,,,,,,,,,,,,,,,,,,,,
04910104000498,25862735266718.188,27819804605306.844,30942698027013.312,31649105338223.91,31588602288310.33,31579646292236.555,32764615219074.55,33954085693023.84,33756219745033.17,34967224548469.85,39179651109172.06,44175827957149.055,47810136217362.24,51902754932155.375,58205189637566.2,63627766046186.0,60424465494866.8,66364628413239.37,73839585178145.9,75651400066932.36,77627022207797.02,80004831016925.4,75382134942058.02,76503150169514.12,81580667005580.42,86654073045328.2,87982908982006.98,85379106769107.72,97570167585031.86,101255036074037.55,105311436566615.14
04920100000499,,,,3.911977478004843,4.033044702102686,3.4586410132442467,3.6407684971317735,4.249263962907051,2.193527666534152,2.1276741432469066,2.8738627782347095,4.184741154742369,3.720467162911433,4.4500379249732305,3.7839630703993663,0.8518920742798315,-0.6024768477178668,4.4871173609613635,2.948828897044777,2.7965404755853456,2.6260595358248224,3.429337866193265,3.285846704382095,2.7261398076843477,3.5114189377490845,3.0631308622414366,2.7432088878314005,-3.1035807496125045,6.432852565731096,2.6309690745266465,3.011909140250225
04930104000500,,,7114.918195800923,7283.9153396355705,7467.572774831572,7615.55174510763,7783.269229278011,8004.073357270223,8070.639260452616,8134.99873809327,8261.544002858998,8497.284940400492,8702.154400685937,8974.652779165497,9197.617553501117,9159.232611509278,8990.844291211812,9280.825954890843,9439.178829619823,9581.972130231201,9712.46413403572,9924.514120262753,10130.003549485105,10285.836132833687,10527.331881222852,10733.6643950946,10914.103102058385,10468.69872951356,11050.63998865651,11243.72476445811,11479.085822182524
04940105000501,,,,,,,,,,,,,,,,,,,,,,,,,,,,,,,
04950105000502,,,,,,,,,,,,,,,,,,,,,,,,,,,,,,,
04960100000503,,,,2.3752506941595755,2.5214108982929133,1.9816207319036891,2.202302469786588,2.836907236378522,0.8316503386607508,0.7974520426904235,1.5555658807070643,2.8534731214880935,2.4109990629052476,3.131389836729184,2.4843832939501596,-0.41733570425776634,-1.8384544583557556,3.2252995857405438,1.7062368748067058,1.512772489946883,1.3618491269956365,2.183276903787373,2.0705238234565826,1.5383270359910455,2.3478475183780176,1.9599696884238398,1.6810541146250841,-4.0809983961102745,5.55886910282679,1.747272338975847,2.0932659119191612
04970104000504,4742.040559390557,4940.286214267749,5241.88747662131,5496.5979307536845,5545.733428661809,5307.66000657134,5308.166015079491,5491.641954041352,5465.9489831003375,5419.094596847683,5812.905798849354,6623.769471446753,7334.153031344346,7811.090174809221,8315.691394166977,8900.309569880352,8930.68836366194,9362.733334653745,9843.198578028074,10420.249550217355,10786.258761316352,10899.300864121758,10542.124882698088,10287.612956574256,10364.200401627822,11060.111599466847,11479.366156803682,11021.65476850773,12094.316887077484,12850.20804494969,13179.370650576517
04980105000505,,,11327.952432901762,11614.618078229385,11903.167552780063,12130.358169210416,12408.332543371906,12757.531684739479,12901.92566716004,13055.455898859433,13323.287037688362,13777.090361437964,14178.610667236491,14730.861761336322,15247.575401679795,15320.371201044563,15150.015345186035,15706.535439649202,16058.9361398828,16354.111189054112,16647.70974415984,17048.024806886006,17420.815116048678,17861.779668616997,18343.100283252694,18783.357286013153,19141.84809068461,18439.221590897865,19467.010974296776,19848.14194018911,20388.13461666893
04990105000506,6030.145433950481,6257.844189997864,6509.890176376217,6800.9884998565185,7105.688438067257,7246.100391054648,7489.533728624143,7954.815938286812,8236.396474708843,8504.060739421793,8861.52084953062,9461.279930187082,10064.18141478756,10923.525135415497,11658.190560305096,12151.551946323149,12099.749318075881,12762.96140854934,13445.662072293777,14011.479796236801,14499.088733553866,14928.122571884896,15071.908304775376,15496.99745240258,16196.289942249388,17029.256259458158,17851.84642664069,17585.76044904029,19482.13072453061,21444.526975228102,22611.46507274518
05000104000507,26388405920069.414,27916832046714.066,30070116423889.465,32004571502099.44,32766780494512.375,31814326722825.285,32265179327575.188,33838865223686.574,34135452629252.977,34289465187793.61,37258775789593.3,43005664349808.57,48226781630893.32,52019682379245.445,56082448583182.08,60790263312145.484,61765793023013.48,65545417918160.64,69750890137783.37,74773797458238.58,78365567216526.58,80152487704976.6,78448924188577.2,77450534189586.2,78914198728496.14,85124091938071.58,89273791002107.8,86587649551351.22,95801313601481.62,102672924800878.25,106250451956166.58
05010105000508,,,64982861616326.58,67627445091895.125,70329467402016.95,72709852850851.75,75422862346570.03,78610440899031.64,80573944945179.17,82608744422938.14,85397799602375.8,89449508524573.17,93233500522272.4,98103431511850.86,102832262881078.27,104640113025173.08,104779460888336.56,109956290822447.17,113796859988477.77,117354099032526.33,120950854770516.25,125369655885554.03,129636503034135.17,134472825013018.95,139666448443237.83,144566012570551.8,148864085568788.12,144861083988438.62,154201782593009.84,158586287298523.88,164366613171280.56
05020105000509,33556424386338.258,35362158719091.5,37344020905336.38,39599535107121.87,41983722497229.11,43433416048124.58,45524414298176.77,49016659619775.05,51437201951105.16,53809670502690.82,56799375374846.71,61428561297489.41,66178477229795.11,72747631289495.0,78624836069538.33,82996668449379.4,83683427478168.06,89349296780720.52,95278672943547.02,100543806299932.5,105340446383749.98,109780083678587.5,112157179423955.05,116669506919602.88,123320390733304.22,131065583057676.83,138831881928348.28,138156174806560.34,154321548921877.5,171341374226491.78,182290827617414.1
05030105000510,,,,,,,,,,,,,,,,,,,,,,,,,,,,,,,
05110100000511,,,,,,,,,,12.892125779196705,12.893752947011382,12.101975212146268,12.404691930108278,13.02952590278618,12.620730718201093,12.082980933944272,11.66940940118429,11.899013822995459,11.790218878238147,11.618469328146967,11.405970673526685,12.413860073203313,12.464531099992652,11.795856190660995,12.491517515650138,11.705317475669926,11.93739054535575,11.371515221594654,12.100507354073564,11.971667725178413,
05120105000512,,,,,,,,,,,,,,,,,,,,,,,,,,,,,,,
05130105000513,3671906742200.9214,4162324985765.8125,5043834791237.693,5351627072104.483,5442244711294.716,5350555263512.906,5534576981184.091,6239527070012.775,5965264757430.994,6187501518576.865,7373794535296.271,8990077186636.723,10263684164978.393,11863657756168.943,13715141169415.738,15775135457412.535,12228009286843.014,14889692185162.002,17873176524710.242,18117506824998.902,18514891837265.047,18559845183473.406,16157940131312.588,15652383140626.61,17368796007803.332,19063673099659.13,18552817410614.344,17204980105006.445,21883203014669.36,24322661291523.793,23111387992029.707
05140105000514,3641429806277.845,4092044636056.025,4892044532366.124,5165945738615.594,5285355824117.947,5250484833612.866,5490079156604.86,6256439396000.032,5990227916085.265,6177421431906.515,7274303233815.494,8867524963830.098,10127598016901.414,11646813400853.348,13408972483207.604,15522613713445.543,11909018492194.674,14523867484267.957,17544425274471.725,17723353333406.617,18051664745067.7,18134733823524.375,15826920097389.623,15302281848394.512,16974469046876.129,18825093908822.797,18318007417717.316,16842103399859.482,21364891388608.824,24094092671581.574,22798217975702.89
05150100000515,,,,,,,,,,,,,,,,,,,,,,,,,,,,,,,
05160100000516,,,,,,,,,,,,,,,,,,,,,,,,,,,,,,,
05170100000517,,,,,,,,,,,,,,,,,,,,,,,,,,,,,,,
05180100000518,,,,,,,,,,,,,,,,,,,,,,,,,,,,,,,
05190100000519,,,,,,,,,,,,,,,,,,,,,,,,,,,,,,,
05200100000520,,,,,,,,,,,,,,,,,,,,,,,,,,,,,,,
05210100000521,,,,,,,4.06057500839233,3.8754149675369254,4.04716014862061,4.033075094223025,4.1734299659729,4.06576943397522,4.06443023681641,4.15651512145996,4.10503005981445,4.2781822681427,4.500805139541624,4.094322443008425,4.132525205612184,4.22964286804199,4.347214937210085,4.26735019683838,4.23460125923157,4.17230987548828,4.18488502502441,4.09162998199463,4.1374795436859095,4.44135999679565,4.24035573005676,3.774871587753295,
05220100000522,,,,,,,,14.0967302322388,14.4934997558594,14.5780601501465,14.49254512786865,14.11913681030275,13.904544830322301,14.1532611846924,13.90220069885255,14.1389856338501,13.46909952163695,13.42880630493165,13.62516498565675,14.0066299438477,14.0046253204346,13.7343196868896,14.1098947525024,13.9976406097412,14.34315156936645,14.4909696578979,13.825984954834,12.846039295196551,12.7800283432007,13.82945013046265,
05230100000523,,,,,,,,,,,,,,,,,,15.165030000000002,15.40649,14.86019,15.5618,,,,,,,,,,
05240100000524,,,,,,,,,,,,,,,,,,,20.680485,,20.083599999999997,,,,,,,,,,
05250100000525,,,,,,,,,,,,,,,,,,29.458285,29.9132,,29.65255,,,,,,,,,,
05260100000526,,,,,,,,,,,,,,14.194838632969521,14.550110580840414,15.47199490715802,16.18501208702659,17.006360231199864,16.208236634078737,16.434938125984417,16.055992269723955,17.04176089039569,17.24016915021604,17.149810513564354,17.357283396539476,17.46179737239098,17.87982856772585,16.843030963791797,16.286366327529844,15.531319673721969,
05270105000527,,,,,,,,,,,,,,,,,,,,,,,,,,,,,,,
05280104000528,,,,,,,,,,,,,,,,,,,,,,,,,,,,,,,
05290100000529,24.202692872512415,24.54668944389568,24.630641098459215,24.417551180201,24.271856465530366,23.963728822066585,24.099666129842017,24.42602620550932,23.652848026413213,23.000050031758942,23.175701868506913,23.888373834745433,24.274218981314235,24.856729697265152,25.341866236570908,25.34412608415141,23.31673957964134,24.53228836923121,25.247360507955907,25.40862163336316,25.50473042058107,25.79416884947962,25.865760988912513,25.57897717237223,26.037793671552677,26.594170808736767,26.562123789113016,26.46262637089149,27.11585929414711,27.411940099319267,26.52729635931559
05300100000530,,,,-0.9274013934464875,3.700076195458692,-3.0835022065932804,1.75767005230216,4.052128157539187,-1.1094892770376106,6.804408996731809,-1.2722499928200932,12.80938383542913,3.988031636147909,8.253833202686451,11.570549016578525,1.2033144193814849,-7.745401383738155,10.729842211309304,5.764128516190283,3.1771370029811834,3.7778267830685053,4.733295799266486,2.738903462260339,2.517005943696489,5.288162786729188,4.918971820339152,2.666102742224979,-3.279736766751995,6.786984004719713,5.0362650230200785,1.1768597372814043
05310105000531,,,9948722716759.049,9856458123653.7,10221154584402.363,9905985057253.006,10080099589989.87,10488558143783.842,10372188715862.705,11077954858002.867,10937015578117.312,12337979883659.037,12830022424680.926,13888991075481.357,15496023595778.145,15682489482136.9,14467817724782.879,16020191738071.922,16943616178394.484,17481938077641.363,18142375416537.95,19001107710016.098,19521529706953.543,20012887769978.04,21071201853579.895,22107688334964.273,22697102019905.31,21952696819971.266,23442622841747.33,24623255456404.766,24913036635879.14
05320105000532,,,,,,,,,,,,,,,,,,,,,,,,,,,,,,,
05330105000533,,,,,,,,,,,,,,,,,,,,,,,,,,,,,,,
05340105000534,6282667338993.177,6858811328833.284,7672365388005.756,7781116853537.039,7708938371910.918,7597143389671.262,7891939106404.784,8269639534004.433,7958251657449.707,8036256996882.603,9080646936069.201,10546979575315.086,11605913076771.48,12879603595443.834,14796917557620.59,16258833805851.666,14179958311006.502,16340885828722.752,18703456180682.9,19235814007047.51,19861412513994.137,20640581005981.184,19521529706953.543,19619728682595.3,21276013252416.875,23106302638002.418,23414472474259.64,22695145807814.332,26532407270117.652,27897381361944.492,28164472986384.23
05350105000535,,,,,,,,,,,,,,,,,,,,,,,,,,,,,,,
05360100000536,23.523048833188287,23.878493930946256,24.56990099350878,24.56371753172174,24.606169388553617,24.23152427515025,23.620833546107495,23.914806878511897,23.025315971561955,22.664924679265795,22.758436953425626,23.665504898310168,24.19541104911419,25.10191601947613,25.759568013714222,25.75917886030877,23.684218808010048,25.290435062059036,26.085959281924985,26.281957698297436,26.42764104231591,26.542001977621677,26.50379605897248,26.220417174654827,26.76822227133735,27.24200068717188,27.017781069358985,26.771963576328943,28.01520200522991,28.05913239201524,26.958479435628576
05370105000537,,,,,,,,,,,,,,,,,,,,,,,,,,,,,,,
05380104000538,6106241623454.199,6672104809220.195,7653445040905.465,7827695540025.48,7815118866352.273,7682041715440.379,7735135374243.699,8096561869978.531,7747111839950.945,7919163622951.371,8917155215552.598,10448580490604.848,11568233676598.898,13006647767205.883,15040810359451.492,16525099609840.852,14403438961919.586,16845885132597.781,19324697178020.523,19896980533635.633,20580114820176.164,21238999600138.9,20003070558567.883,20111729544324.08,21872861386517.484,23669168588466.438,23816133686695.83,22960442716850.812,27412398821446.11,28556034858867.14,28622267250093.22
05390100000539,23.760578339116883,23.79253089061294,23.80061811069348,23.82716846571887,23.520041192881248,23.39391716387639,23.629296504496264,23.833517162508684,23.372903750391387,22.691190317446665,22.770335093859227,23.1424223225457,23.622263747018934,23.99737024850537,24.256465794854115,24.274306841303297,23.537086371339996,23.464787105248732,23.948906034357346,24.431584748257897,24.61364941113386,24.82169682212491,25.077654183572523,24.967341354696895,25.21842695929582,25.706229893421106,25.928634471654945,26.036171512872762,26.160141732949576,26.089189810668294,25.952638149693435
05400100000540,-1.3386343608939058,3.3562169976748493,3.6825411380521302,5.601556529002963,3.9629564648761004,2.3721159332263255,3.7203779631690566,5.340789272025177,0.33044443101049126,-0.621482684033154,3.2132554360810133,5.5801288040555335,5.6533049288676835,5.274830807255199,4.661784528432264,0.39808208286027025,-9.136691553387593,3.8514550988600433,4.683964656149996,3.1848473008002003,2.4694664660966055,3.2813538084498077,2.9156445649457936,1.4815669528163085,4.078372210190267,3.835523347830488,2.691702255269334,-4.81024293936899,6.587036791260886,3.6894331050335722,2.5369971740830692
05410104000541,10201942208953.064,10544341527462.912,10932641241948.45,11545039321229.283,12002564203382.428,12287278941246.582,12744412159249.832,13425064356633.719,13469426734159.79,13385716579368.455,13815833845013.41,14586775168919.457,15411410048506.828,16224335853577.889,16980679432240.871,17048276474608.562,15490628037954.836,16087242621368.092,16840763379902.072,17377115977841.031,17806238029688.53,18390523699417.35,18926726004124.48,19207138121851.68,19990476705386.14,20757216106763.84,21315938560840.73,20290590131257.656,21627138768367.55,22425057585759.254,22993980662996.465
05420105000542,,,,,,,,,,,,,,,,,,,,,,,,,,,,,,,
05430105000543,,,,,,,,,,,,,,,,,,,,,,,,,,,,,,,
05440104000544,6167900831245.893,6648085102764.599,7413815900108.694,7592980178577.6455,7470155746768.74,7416497843874.94,7737906746755.848,8069040543197.323,7864061435783.53,7928340882058.074,8921817115894.875,10217633784857.691,11294202294850.877,12434323416561.617,14163160726013.953,15572520408655.99,14313961107991.854,15629826346043.861,17741550228497.938,18496139888903.613,19167497023801.94,19862405606192.305,18926726004124.477,19150588391547.67,20606491969297.855,22334816598392.254,22856052586447.84,22329405270668.254,25597253886489.87,26551206333273.875,27554348780657.418
05450100000545,,,,,,,,,,,,,,,,,,,,,,,,,,,,,,,
05460105000546,,,,,,,,,,,,,,,,,,,,,,,,,,,,,,,
05470100000547,99.00405,98.93851,99.20842,99.28982,100.2005,100.4147,100.2567,101.8774,103.2625,105.0977,109.3934,108.485,108.7114,108.1798,109.1508,109.5977,106.7632,107.3538,106.7666,105.987,105.4848,104.5231,104.2481,104.9381,103.3512,103.5473,,,,,
05480100000548,109.2166,108.4641,109.0587,108.7866,109.2064,109.0476,108.9162,110.7053,111.7373,113.181,113.7779,112.8618,114.1922,113.0615,113.3395,113.1038,109.1002,109.9369,109.1047,108.275,107.5616,106.7914,106.6437,107.4125,106.2573,106.5963,,,,,
05490100000549,104.2451,103.829,104.2677,104.1699,104.831,104.8569,104.7192,106.4287,107.6345,109.2728,111.658,110.7473,111.5435,110.7035,111.318,111.4109,107.9725,108.6907,107.9767,107.1712,106.5591,105.696,105.4874,106.2175,104.8531,105.1222,,,,,
05500100000550,,,,,,,,,,,,,,,,,,,,,,,,,,,,,,,
05510104000551,38859081155380.58,40307379669580.67,41351103865267.85,42233879095752.07,43602895835531.12,44351254426580.98,45882504336523.0,47752797617219.01,48670001720918.99,50418497761520.195,51321679306955.42,54060929404027.61,56047997044931.48,58592930230599.82,61867845181737.07,62989271422650.45,62146366216145.67,65036431274599.78,67209276856500.32,68805266807885.05,70633650172681.4,72836150445527.02,74949236191793.5,77025435858742.36,79767153727713.94,82603417011609.56,84822780484081.94,82138159721093.81,87481138100521.73,90756119458427.12,93027574364961.53
05520105000552,,,,,,,,,,,,,,,,,,,,,,,,,,,,,,,
05530105000553,,,,,,,,,,,,,,,,,,,,,,,,,,,,,,,
05540104000554,26109151640388.83,28102975052696.3,31158667088560.387,31814575840431.055,31648181188639.06,31610480759482.332,32896395092408.707,34019198548644.965,33845346682480.2,35045294600617.992,39332400937186.38,44235105993291.12,47832146378807.33,51664384485156.28,58111377267714.805,63837622272400.586,60538823572013.83,66048326587075.03,73391132728783.81,74987483778914.88,77116114778445.17,79378250307233.34,74949236191793.53,76192174576071.5,81099645252118.12,86306590752687.48,87732488878647.39,85495291503557.03,96974215705904.1,101098854789083.69,105697357973542.23
05550105000555,,,,,,,,,,,,,,,,,,,,,,,,,,,,,,,
05560100000556,23.879508617977514,24.567288743162408,24.51718513205852,25.225147660279355,25.691217493017454,25.450129901826276,24.958626704135547,25.444361895267118,24.913283616847746,24.689700010532025,25.078868670087232,26.291979108369127,26.773648289433076,27.914604271076882,27.89485934990282,27.065765859667277,24.896617873565333,26.180535330003185,26.462202550932105,26.520993417484657,26.167605775709635,26.44310051866397,26.09539072110652,25.610881280422085,26.246104546830345,26.39331678704952,26.26097304326192,25.535581895774545,26.915801409433872,26.844636838565172,25.866174498389537
05570100000557,20.67153229825859,21.640104619498125,22.300015764703097,24.250226139184416,24.381497173883943,24.135718864679955,23.79450473898954,24.124580313999157,23.259179271419725,22.744417831894797,22.733063163060542,23.62628575978723,24.1500558551116,25.195796611107802,25.400011499138152,24.97893232132742,22.99467946772492,24.695900553442005,25.564432311368506,25.912077152201938,25.833620943751722,26.15687661440806,26.184824901758823,25.868121522800205,26.60466446087947,26.983947672406856,26.841769141111413,26.45377045720502,27.903674730331996,27.79829840258304,26.499787827525804
05580105000558,,,,,,,,,,,,,,,,,,,,,,,,,,,,,,,
05590104000559,,,,,,,,,,,,,,,,,,,,,,,,,,,,,,,
05600104000560,,,,,,,,,,,,,,58283254988699.55,60606982237020.99,61647485537466.21,59922034767527.04,62348886397649.66,64159227081562.195,65328910052435.16,66676304792666.38,68269395375450.14,69734693301093.234,71210155956020.42,73305570939762.86,75067414936420.22,76403344337917.89,73059062285573.64,77338558883081.03,80304145933529.22,
05610105000561,,,,,,,,,,,,,,,,,,,,,,,,,,,,,,,
05620105000562,,,,,,,,,,,,,,,,,,,,,,,,,,,,,,,
05630104000563,28306520638755.117,30264848249486.7,33556663841926.95,34055588620401.344,34157490494544.645,34204902772415.523,35257389659933.11,36395901033647.28,36034068036951.38,37274962224066.03,41679790619043.234,46750638745518.055,50306988288953.055,53930475503683.15,60052272217413.59,65137242645575.87,61156014601138.65,65924321503671.875,72250061574889.73,72994765064877.55,73964188941407.08,75212139120336.56,69734693301093.195,70865644968357.36,75014944320682.19,78816717588536.38,79797134847874.66,76944483095209.56,86328527224428.6,88921669197911.08,
05640100000564,,,,,,,,,,,,,,,19.844264332206063,18.963056462936425,20.651508716791792,20.544499212040403,18.67263901652402,18.889728029119116,18.97457221876336,19.053946402677173,19.938267222248523,20.117297877620917,20.58840832444567,20.54236832107478,20.691718405014306,21.87957136916661,21.50371615926046,23.31230154261236,22.867833588174904
05650100000565,,,,,,,,,,,,,,,,,,,,,,,,,,,,,,,
05660105000566,,,,,,,,3.0165609279255663,2.9176947411136855,2.926007481571362,2.657876345399854,2.955836572050872,2.739870629151861,2.7260905370233592,2.7244025187087524,2.712891460178163,2.72702349159528,2.74823255210845,2.795020676535735,2.886215872811093,2.602074533719625,2.8643805369959066,2.868086067130537,2.8954128102605208,3.0060960245464794,3.0520370804009858,3.044075231691803,3.2842024394050013,,,
05760100000567,59.59247843498721,59.55333742538743,58.94952176007059,59.129165317801316,59.3002987386004,59.66694432209355,60.14809715382719,60.05178030779979,60.56673059475768,60.487830236840566,60.10110800200136,59.340424069278576,58.94779722823993,58.190802690287946,57.596239043651195,57.238096939487946,58.15241480927836,57.06785776062322,56.4908183747551,56.475131684450666,56.38832240473728,56.43623972026604,56.64210268813492,56.95349951513856,56.58771962763288,56.101831933057426,56.19322568812121,55.3045864171766,54.83849777362448,55.258836175761815,56.490604839102254
05670100000568,2.0668652284985995,3.0874693543677694,2.8923096850823384,3.670724248741834,3.398573148683255,3.189458142671924,3.9585027503986367,4.353455252341789,2.6167078193748807,2.5280828454103528,2.7727887417729846,3.7506674598819103,3.902217412062086,3.621053909095977,4.012352571584628,1.8284407299430825,-0.2452741481210836,3.306963564749509,3.1556084355824936,2.4586350414842855,2.7031365071904077,2.910822205898512,3.032554091730006,2.9817996901613952,3.490700569169249,3.2329776689476546,2.5626884479546135,-4.498704303885518,7.313378505954276,3.7238566793994465,2.682556742373322
05680104000569,22135319842509.883,22818741059138.664,23478729716805.992,24340569141817.348,25167801188907.836,25970517673258.94,26998561329647.66,28173931615909.926,28911161087528.773,29642059191391.54,30463970871480.125,31606573113944.633,32839930313353.117,34029081893709.184,35394448636158.06,36041615151160.36,35953214386629.27,37142174086751.38,38314235665391.64,39256242889337.83,40317392722230.86,41490960342428.87,42749196157991.266,44023891556576.734,45560633789712.61,47033598905965.04,48238923511785.516,46068796983612.78,49437982480164.03,51278982092911.95,52654569884465.77
05690105000570,,,,,,,,,,,,,,,,,,,,,,,,,,,,,,,
05700105000571,,,,,,,,,,,,,,,,,,,,,,,,,,,,,,,
05710104000572,15469341361529.408,16640333774404.615,18362586202425.34,18842632555347.6,18834255593962.79,18916018245919.402,19696750882217.918,20331042484868.855,20378319076154.523,21134551807315.465,23548669435308.8,26199449363058.176,28183935031019.613,30151773007937.402,33629993655638.336,36719542130289.3,35365099604230.7,38012733835533.234,41848871518676.29,42754980761300.625,43911529892072.055,45160469578093.2,42749196157991.266,43684788507425.34,46238981993199.48,48743986662133.8,49534244571725.555,47430879875148.49,53658537656053.66,56237421387431.25,59977017349402.08
05720105000573,3977.7538971550107,4038.1054588418865,4092.8627456768218,4180.350359307383,4259.616424708426,4332.723404937406,4441.718555197796,4572.291176121387,4629.407826020856,4684.620244841012,4752.818340968299,4868.071619270965,4994.176810308427,5109.685701267938,5248.153733666468,5276.8570946414575,5198.459173660711,5305.516121321246,5406.879098959705,5470.630905690019,5549.29729892753,5642.026503007698,5744.723324046833,5847.613085116133,5983.708212591215,6111.041433522513,6202.85371312122,5864.050803835761,6241.236199120776,6417.9099748557255,6531.304857322845
05730100000574,0.4591398510060287,1.5172271399203794,1.3560142842490137,2.1375652951707735,1.8961584218547785,1.7162808323517993,2.5156267795951095,2.9396869545188054,1.249191000734129,1.1926453856542878,1.4557870769224195,2.424946001180132,2.5904547200632067,2.3128714770588488,2.7099129084234903,0.5469230215353633,-1.485693464398679,2.059397680816005,1.9105205850023168,1.179086966131365,1.4379766172068145,1.6710080409295927,1.8202116027705557,1.7910307470964568,2.327362044891146,2.1279984987128557,1.502399887113583,-5.462049001232629,6.432164520783019,2.830749712049638,1.7668506244459934
05740105000575,32701707980909.426,33713113235385.684,34805340149552.047,36203197950266.26,37474410626852.734,38590552591815.43,40041343781745.25,41786974137019.06,42984901050446.39,44199387618414.71,45618445917066.93,47590226512909.6,49825499223687.76,51884746750714.93,54460074211610.26,55976067902801.89,56107318834856.84,58343096496004.695,60747156104679.05,62566376633079.805,64501032320526.7,66571207181883.61,68586936553200.15,70908766994505.16,73701124512647.94,76461377613934.42,78838111217843.53,75512223300643.84,81248429965589.97,84413636443144.5,87057918888041.56
05750105000576,17702644943905.023,18649286959012.664,19701392849173.32,20926123578093.348,22111272549299.625,22941632095996.47,24338009376144.535,26315281955782.918,27813405691208.676,29074209994260.094,30588474034368.848,32714385311922.098,35211569162246.85,37958582467809.83,41022656866948.1,43688525541038.78,43885773953710.51,46520498456067.44,50014466475053.99,53516805857575.586,55498904221578.99,57884192644616.17,59820460999782.195,62562405120613.94,65902497373302.19,70255850856314.53,74198396155052.81,72474310103567.81,81144555329713.27,91512451319019.48,98677384069944.62
05770105000577,,,,,,,,,,,,,,,,,,,,,,,,,,,,,,,
05780100000578,,,,,,,,,,,,,,,,,,,,,,,,,,,,,,,
05790100000579,,,,,,,,,,,,,,,,,,,,,,,,,,,,,,,
05800100000580,,,,,,,,,,,,,,,,,,,,,,,,,,,,,,,
05810100000581,,,,,,,,,,,,,,,,,,,,,,,,,,,,,,,
05820100000582,,,,,,,,,,,,,,,,,,,,,,,,,,,,,,,
05830100000583,,,,,,,,,,,,,,,,,,,,,,,,,,,,,,,
05840100000584,,,,,,,,,,,,,,,,,,,,,,,,,,,,,,,
05850100000585,,,,,,,,,,,,,,,,,,,,,,,,,,,,,,,
05860100000586,,,,,,,,,,,,,,,,,,,,,,,,,,,,,,,
05870105000587,,,,,,,,,,,,,,,,,,,,,,,,,,,,,,,
05880100000588,,,,,,,,15.125282642119995,14.630731504827118,14.810772693944438,14.932242915233523,15.202206118984545,14.2787137714485,14.231653131580067,13.146008928628415,12.243715151992859,13.083440695103116,12.865867098121683,11.640659686976429,11.52045207305681,11.325798957753372,11.426889977617632,11.938893840341901,12.125763927178511,12.347119663731377,12.46427395112468,12.546310957858648,13.374837298171759,13.162210879025613,11.919278649538986,
05890100000589,,,,,,,,15.526110334441888,14.733687010350934,14.552819126819056,14.362090484117815,14.505611454333675,13.883024943291193,13.848508433909377,12.987531948563754,11.799324315603853,12.936770094012088,12.959747821400535,11.53455155699685,11.544211579423706,11.502358798617234,11.698515913123128,12.964719343693663,13.201331874439525,13.361051131795834,13.11053927920238,13.152568699230818,14.62373280356503,14.119117816011894,12.757337820096287,
05900100000590,,2.919191017153071,3.0693854113961097,3.1498007122591547,3.4494978899973052,3.9271111471478903,4.876467553532025,5.327033790064955,5.769238455623941,5.806450137110603,6.4107709518858,6.407337285201451,7.130329583290942,7.485711523546182,7.571581160636683,8.059203720209437,8.718726109406923,8.547231771824798,8.798308349304776,8.936959945893921,9.063076988589367,9.532187510537156,9.73710268828203,10.155790340755367,10.26413383586158,10.846567771746889,11.656750750295918,15.266974655797776,15.360079635257195,14.17872793478575,14.612382543820713
05910105000591,,,,,,,,,,,,135418448735.60683,177746835055.16272,210545705753.02127,255299368924.7743,308410170027.9727,300000221336.6737,322672546368.79785,374493407127.78613,392987636339.39996,438375395733.8119,489500781556.67773,476291108356.19244,504610755184.6972,556679914249.2544,644717464477.3057,713418335896.9637,781081556530.4971,941678091408.7922,997056761132.6492,1096303710482.3809
05920100000592,,,,,,,,,,,,,3.3369517543859657,3.317735042735044,3.3326666666666656,3.330666666666667,3.3369047619047625,3.3371212121212133,3.3233974358974367,3.2940625,3.279526748971194,3.250878070175438,3.228618947368421,3.1942923287671228,3.1666666666666674,3.17865296803653,3.1705555466666677,3.159931506849315,3.162499972222223,3.141891891891892,3.142117135135135
05930105000593,0.0,0.0,0.0,0.0,0.0,0.0,0.0,0.0,-61115200.0,77683500.0,869738100.0,420893800.0,712782382.01,1163903419.9599998,-1019227760.36,2321158318.93,1189705724.4299998,902571849.67,1332346686.2100005,1264222777.8200004,1307680001.0,825244293.0,452115294.0,1368566789.0,2731049604.0,2237132363.0,1343961351.0,2241236731.0,655508670.0,4746207173.0,
05940105000594,,,,,,,,,,,,,,,,,,,,,,,,,,,,,,,
05950100000595,70.39322476185674,72.7774534873119,73.15513639075206,72.3344416430361,71.45468662350142,71.70580473105028,71.75887190088405,72.43948379111998,72.99446630563718,72.68926339717255,74.33309152107643,76.39755938297208,77.25048458038026,78.43422699002001,78.46154862250681,81.07868327349449,83.09776700736411,83.52414697928116,84.55062597031839,84.31941799526949,83.87550823847593,84.6610298611282,84.83724295123987,85.94991793716638,85.94190605899799,86.63006248900801,86.82924555327651,83.72411026052764,81.89348764980417,84.66994425885296,84.05378174430676
05960100000596,4.348061314641634,7.555279595148535,11.405284660303664,13.403788258155268,14.530910028449268,15.373680925285862,18.37968853936767,29.51163641437013,31.928168293835068,37.426009514663576,43.94044744152223,48.23914758554522,53.698753897256694,57.563841556674184,62.6024916367764,68.67162569730422,73.03891753446032,72.6320007298326,74.20433478111208,79.7029705157816,79.21213576914556,81.54262324530957,82.8705434020688,84.08970056264839,83.82133200428318,84.49193599790901,86.07398162553754,83.42876857655028,81.55963142440619,84.31716619424576,83.7427345344624
05970100000597,69.98692624341841,71.57280959514755,73.37813749109884,73.23056455527433,71.1277368775024,70.73788686493305,71.43547782859252,71.96043257424911,72.58483335822304,72.07919563835414,73.6537468378333,75.53910889008712,76.94664914519093,78.63243448353558,79.19541867900692,80.76046866310735,83.15861043263826,83.9570837203824,84.31263848428598,83.94880224030463,84.02248149399662,84.36219044070006,84.65902615749299,84.99833048391095,85.2711596008616,86.36244150700391,86.174282683745,83.82503035485789,81.86194344314555,83.62273485705003,83.12842731003909
05980105000598,,,,,,,,100.0,98.2295729,97.01487947,99.03350622,105.0274019,112.1067007,118.6726737,124.1999844,136.8865583,124.4086518,135.2364177,151.1000286,153.0864371,150.3189577,147.7919971,135.0391876,129.6274801,136.1912067,143.3624075,,,,,
05990104000599,,,,,,,,,,,,,,,,,,,,,,,,,,,,,,,
06000105000600,,,,,,,,,,,,,,,,,,,,,,,,,,,,,,,
06010100000601,18.527451616313485,19.03708523082779,20.23923741350694,20.735823106797298,21.490919199223008,21.3980257092195,21.64098239310725,23.444666857571615,22.94624596193759,22.966489877129842,23.72398925954307,25.513066186266446,26.712965108246912,28.179440043649773,28.971838490299294,30.23860448390457,25.63807993175194,27.737060459150708,29.49717570309347,29.250280828509208,29.184233248536927,29.03140146258328,27.425661646077575,26.47297987625821,27.395168648851943,28.351893924967342,27.579525867598203,25.518299375970617,27.757452013545773,30.243818286090168,28.488925941044535
06030100000602,1.4271894581127924,8.644913943058995,9.026075715694986,6.868872121414114,9.776215859389794,5.22106917964382,5.487817939962653,12.541775421952053,0.5078908057755172,2.9167090910405307,5.404552314312923,10.803668856009722,8.211246894383464,8.768804379780278,7.461948094818567,3.4771599205788704,-11.521540097144154,11.992306688363328,6.137535036170888,2.4472145239996905,2.5061750984797015,3.265838358811152,2.5721503183758614,2.0334966328167354,6.186348061191268,4.313599691513147,1.6527953306541434,-8.691363012153076,11.464002970963037,7.6971651685316544,0.32395611444835026
06020104000603,4724957426553.42,5246496544360.093,6223952564270.229,6569799067232.558,6729953557125.473,6701220337229.765,7030697939595.735,7912667726216.812,7658995499661.099,7936072556148.177,9267817585831.027,11263295172363.834,12773890438087.377,14602885940885.83,16889835935411.988,19461770878803.41,15438501349808.922,18405260235894.918,21868123212519.867,22200892023956.938,22822468399408.66,23292797043358.406,20751261333923.848,20266064640739.09,22376390303064.812,24686402180156.066,24385943179525.617,21893044221595.523,27184341652174.516,30800242733416.902,30144199858721.65
06040104000604,6446456717752.522,7003747353378.773,7635910892430.725,8160411846936.923,8958191324108.693,9425904690385.26,9943181178988.002,11190232632254.48,11247066794938.592,11575111014621.967,12200693944847.008,13518816516783.508,14628879918175.293,15911657781153.045,17098977425807.846,17693536215686.863,15654968345993.78,17532360162011.553,18608414909622.68,19063802741977.09,19541575019119.81,20179771272010.082,20698825323030.61,21119735239007.055,22426275570494.098,23393655324320.82,23780304567190.52,21713471971860.375,24202705043813.676,26065627226288.555,26150068419457.43
06050105000605,,,,,,,,,,,,,,,,,,,,,,,,,,,,,,,
06060105000606,,,,,,,,,,,,,,,,,,,,,,,,,,,,,,,
06070104000607,4809457185517.956,5319323249173.924,6304457281086.996,6607864214454.573,6825690152617.965,6783746835722.765,7086791755911.355,7937391955438.42,7720507896339.378,8024531021196.369,9295475563298.977,11264299103475.65,12771918689033.67,14601277872194.02,16916429975271.848,19398753115110.5,15591669811499.736,18475575183431.85,21851754881183.023,22144174909996.34,22726768167918.92,23231025473329.01,20698825323030.62,20305451585960.434,22385152082296.695,24633497547350.508,24311310887899.96,21885262520358.07,27160194837089.652,30779409611702.76,30247167830802.31
06080104000608,5682834122989.355,6208204677465.656,7395610292684.406,7810732474798.32,8017960240504.349,8046616569909.012,8464269180840.195,9541203528962.205,9163577078993.004,9417651409959.648,10975383165692.602,13414038181852.426,15517066191393.385,18105240496020.746,21469218176985.848,24065898798491.66,18843982147597.402,22139818629922.586,26117839193020.652,26278269824976.996,27063726491871.594,27620731326979.57,24785095068681.12,24370475210239.016,26957972371478.594,29886311687306.113,29571035352918.332,26382067063335.453,32678556073589.137,36865163014763.45,37379726710822.555
06090101000609,0.96,1.01,1.02,1.01,0.99,0.95,0.9,0.85,0.81,0.77,0.73,0.69,0.66,0.63,0.61,0.59,0.57,0.56,0.54,0.52,0.5,0.48,0.45,0.43,0.41,0.39,0.36,0.34,0.31,0.29,
06100101000610,0.87,0.91,0.89,0.86,0.83,0.79,0.74,0.69,0.65,0.62,0.59,0.57,0.55,0.53,0.51,0.5,0.49,0.47,0.46,0.45,0.43,0.42,0.4,0.39,0.37,0.35,0.33,0.31,0.3,0.28,
06110101000611,0.56,0.59,0.58,0.57,0.56,0.53,0.5,0.48,0.45,0.43,0.42,0.4,0.39,0.37,0.35,0.34,0.32,0.31,0.3,0.29,0.27,0.26,0.25,0.24,0.23,0.22,0.2,0.19,0.18,0.17,
06120100000612,,,,,,,,81.52086185407397,81.6602617101266,79.25281745495762,79.25114659320147,78.16699911072674,76.5443036874777,73.6598730585542,71.3502518221199,69.9030790515356,70.38394333365169,69.46818701484791,66.79100968657241,64.43656246212127,61.90425592266314,60.39479114242011,59.78461495224662,59.25585999486418,59.69620613402739,57.51535989768368,56.813540640371016,59.096668420763095,,58.92854961169735,
06130100000613,,,,,,,,180.0,181.0,180.0,180.0,179.0,178.0,176.0,173.0,170.0,168.0,164.0,161.0,157.0,153.0,150.0,147.0,142.0,138.0,135.0,132.0,129.0,131.0,134.0,134.0
06140100000614,,,,,,,,,,,,,,,,,,,,,,,,,,,,,,,
06150100000615,,,,,,,,,,,,,,,,,,,,,,,,,,,,,,,
06160100000616,,,,,,,,,,,,,,,,,,,,,,,,,,,,,,,
06170100000617,,,,,,,,,,,,,,,,,,,,,,,,,,,,,,,
06180100000618,,,,,,,,,,,,,,,,,,,,,,,,,,,,,,,
06190100000619,,,,,,,,,,,,,,,,,,,,,,,,,,,,,,,
06200100000620,,,,,,,,,,,,,,,,,,,,,,,,,,,,,,,
06210100000621,0.1790066795612269,0.3605081489994313,0.6830820605320996,1.326567157770976,2.042697057650039,3.1405795977232165,4.632902784256467,6.720288037860272,8.022650612751093,10.478108845676696,12.161165119034187,14.037433573131803,15.6,17.3,20.3,22.8,25.4,28.5,31.0,33.5,35.4,37.5,39.9,42.9,45.4,48.6,53.2,59.3,62.2,64.4,67.4
06220100000622,,,,,,,,,,,,,,,,,,,,,,,,,,,50.5,56.2,59.1,61.6,
06230100000623,,,,,,,,,,,,,,,,,,,,,,,,,,,55.9,62.3,65.2,67.2,
06240105000624,,,,,,,,,,,,159900.0,158200.0,151100.0,166000.0,157900.0,129300.0,141600.0,156800.0,172400.0,178800.0,179900.0,188900.0,190400.0,204700.0,200900.0,223700.0,211300.0,273400.0,,
06250105000625,,,,,,,,,,,,462400.0,529900.0,576700.0,651200.0,698200.0,737100.0,826900.0,932800.0,1086200.0,1108000.0,1009200.0,1013600.0,1095800.0,1072600.0,1142900.0,1137300.0,1176500.0,1241800.0,,
06260100000626,29.75470635581376,29.83825075218097,29.80952425965604,29.194513862566236,28.281451223530947,27.418274623397554,27.363817835177045,27.725813258479697,26.791113921458432,26.293421115723465,26.288985328830826,26.67960714448572,27.167099206689905,27.671585742489885,27.738525420709852,28.068697411138466,26.548878481917427,27.5018162158439,28.050631070914793,28.046332744787456,27.691800567992775,27.43858704292455,26.731142721225826,26.166399180832816,26.658403399155574,27.13324122940199,26.59579644062887,25.996828418870027,27.075646063719105,27.221677029189202,26.11986824593559
06270100000627,,,3.319231751603141,3.6156951133493607,3.3410263790808727,1.3967366391444784,2.847559871970759,5.209243232361004,1.2255076045163662,2.210219031379239,4.0361605313427305,5.477268812303706,4.438971219310332,5.897541187793351,5.404189247573726,2.218415515689003,-3.7645462110943413,7.866628855579478,4.392673720292862,2.7611694324187255,2.903608447334463,3.7760935820398487,3.421418354994941,3.269753320229313,3.8660409085478307,3.437403350576858,1.7881293360354107,-1.9364744336421893,7.1021584591210996,2.177477207953288,2.262835935205757
06280104000628,,9989232737010.45,10320798521758.834,10693967129568.701,11051255392337.828,11205612325488.041,11524698845477.248,12125048440135.258,12273641830820.408,12544916198408.523,13051249154698.709,13766101154265.072,14377174422524.047,15225074205733.293,16047866028894.652,16403874378816.635,15786342947416.217,17028195956958.396,17776189045799.68,18267019743981.266,18797422472343.758,19507230735910.848,20174654708860.516,20834316151048.28,21639779336463.996,22383625836433.047,22783874016482.707,22342670121160.273,23929481957163.78,24450540972762.316,25003816600246.188
06290105000629,,,,,,,,,,,,,,,,,,,,,,,,,,,,,,,
06300105000630,,,,,,,,,,,,,,,,,,,,,,,,,,,,,,,
06310104000631,7723889353457.641,8337374078870.789,9285570815978.88,9303386820830.445,8982418170609.46,8692326864403.759,8960853769113.443,9386810589068.846,9014154512483.137,9186966511874.762,10300486062215.443,11779339756523.865,12989047852933.22,14338131345565.45,16196308116720.03,18006708333092.62,16145567384827.201,18318879678149.832,20780142498857.742,21232715731029.95,21564559407863.414,21956449996665.64,20174654708860.535,20070296363645.117,21783126142073.266,23574673108082.797,23444154866312.06,22295663447675.78,26493059307886.816,27703748900787.734,27731899763023.88
06320105000632,14035.99759104079,16358.849092356746,17210.91402544933,17490.23235162679,18246.143973923623,18489.19531477221,18901.923568675098,19414.93168843098,19669.91161815576,20025.248350580092,20429.54634487987,20780.97136399226,20849.301549021882,21273.706778171432,21482.07416660329,21549.648663407526,20589.41989745513,21668.587784213152,21976.25849093383,21918.00308211604,22326.43461555935,22838.791350069856,27240.118875654734,23964.932839229536,24490.092932825228,24890.153828962448,25010.800524015278,25063.931397883043,25778.053230399782,25682.520870260618,24599.66290457125
06350100000633,7.14458706876256,10.2479355556119,9.07738095238091,6.5260956937258,5.554129889494055,5.09729149331441,3.04194667094533,3.43351563418767,3.836572620525435,2.907998570322075,3.02504526252236,3.51799903099596,4.10725070715931,4.2671746339026395,4.810237043429115,8.94995335353387,2.8604485590267448,3.32634463368643,4.822396360133251,3.72532666110646,2.65167342916577,2.35449052820358,1.44385719270808,1.605539174142135,2.25427651934813,2.43873655522937,2.216775933599125,1.9056635869553,3.4754032028988,7.93092925430087,5.6356688055191295
06330100000634,8.085875532060868,9.808157634572396,8.675966969807831,6.61963807076031,4.456570895240979,4.6919283415202315,4.3396882186757395,4.936808011560913,3.941794103504421,3.554213254560537,3.9745624299609545,5.6294038488258025,5.781251842554894,5.807660873304769,5.846892311935221,7.855648911227966,2.1693917045123783,4.371924380137543,5.453764066152431,3.6064342687494673,2.2557454257813987,1.9309138942516029,2.292634923972514,1.8540872343142638,2.9702970297029765,2.8024923462978464,2.394139421108868,1.854593184258988,4.6247133783945955,7.187122185014076,4.758549167213658
06340100000635,,,,,,,,,,,,,,,,,,,,,,,,,,,,,,,
06360100000636,,,,,,,,,,,,,,,,,,,,,,,,,,,,,,,15.269291338582676
06370100000637,6.217915074318686,6.33646390063374,7.12956059792725,5.633429661883058,5.778712907331973,6.052589593658756,6.978331655630912,7.02306592918158,6.676116166108285,7.094695564871407,7.0543854968448505,7.530158542034295,7.863504188231011,8.512073566564014,9.139787486890848,8.716067744999728,9.143028060653863,8.875236540400278,8.892040391025505,8.840749560224795,8.824641357603854,8.722779635176583,8.658636733937305,8.654266347432644,8.659006083853823,8.632550358647093,8.54946361963339,10.8388300693566,10.62148621986393,9.281426057357644,9.570213177607636
06380100000638,5.791773172330663,6.156633368949434,7.190097436825846,5.812119001971408,6.43435277032148,5.8024170838231015,6.575245418712786,6.901562543449349,7.562017002164907,8.113486881275715,8.287305053739333,8.432553000677853,8.408991224526813,9.37472322547293,9.432781701015546,9.366410874665979,9.899490870368904,9.854608488876215,9.645278394654028,9.21769804049022,9.172230146808044,8.836952955180427,8.306697049572616,8.449494018253445,8.307060860173568,7.98031142886316,8.108407776494145,10.86753278651169,10.425109673749713,8.968925084744587,8.900233919439417
06390100000639,7.187876636821428,5.685701393439331,6.345195710426987,6.377863136059587,6.557111125797345,6.675435897433397,9.420203089918683,9.881806359073442,9.55980153365966,9.798517237058048,10.2999965365797,10.864540609668856,11.440140016863332,12.485085911347609,13.160593144762599,12.246674485027544,12.574323411765812,12.162801447489361,12.365972290121896,12.154089250137408,11.893296474120191,11.678801022400519,11.661017831095878,11.65355384620712,11.385236793538574,11.202032342713213,10.885646069890463,13.60937214559922,13.208650955027824,11.373161571434697,11.684100117556115
06400100000640,6.342567574958331,4.951100477402911,5.39393318592483,4.969928957731068,5.298546293162079,5.073359796152417,6.300933660013786,6.414613887399445,6.964785598735301,7.5630066652490715,7.718560695361237,8.007326601113501,8.065279948070183,9.184564456741906,9.141129513777235,8.824492102783587,9.389830779222079,9.365003007196218,9.061240246209934,8.69965330466525,8.697784296308361,8.45482328464186,8.174282163029885,8.370468989611751,8.201574885627814,7.964475147785616,7.891058900889722,10.087038305592221,10.276634748629402,8.887418626405683,8.791747555877166
06410103000641,,,,,,,,6.8542485823212,6.94372341767155,6.90600062311234,6.72934177772262,6.5042041506188,6.29398148415796,6.17818854587189,6.01240602344251,6.01009024538274,6.06683641768258,6.04961649005131,6.08396971233392,6.11317552263575,6.03202500607184,6.03209637551774,5.91196889272164,5.94784537632253,5.90690587341247,5.77473365312617,5.56413410414066,5.60531006626247,,,
06420103000642,2.8719682156,2.8485988648,2.8205085475,2.7422108483,2.6726935409,2.6720924715,2.6227899916,2.6386962960574,2.67708828494756,2.62661848141461,2.55378811914471,2.53257584204906,2.41362974785202,2.32651703556606,2.30256472410456,2.24158634863803,2.40061279467747,2.36203015967589,2.32876597521762,2.30620784135384,2.24555388173607,2.20870187065172,2.13767806035832,2.15911297373852,2.11260876643931,2.08960163634562,2.04523702195301,2.01578630658251,,,
06430103000643,11.841388142,11.824276287,11.599457345,11.238308235,11.014385193,10.947203252,10.765960068,11.0110549839413,11.1499515203785,11.1233265099687,10.8431164321744,10.4153336593803,10.1140954039187,9.96870289189314,9.66226994950126,9.71630073232799,9.67129533255953,9.67448065144861,9.77532308051983,9.8559211622607,9.7547509568494,9.79131939602512,9.62308526381426,9.67285483422929,9.63740392459714,9.39793764708272,9.02414372986408,9.13447039015946,,,
06440100000644,,,,,,,,,,8.176128193986182,8.088251739037752,7.8219294517637055,6.385952076840727,6.176124508555643,5.832300979318574,5.515974344670276,5.200032134734092,5.326732429915425,5.340470547835579,5.73045353679712,5.626528337667667,5.538175972598703,5.966425544443691,6.812084708882962,6.471137591646642,6.696503294818676,6.182710533967171,5.711211696876437,5.863736292134675,5.769723622157446,
06450100000645,,,,,,,,,,8.587624496715405,8.507262655647605,6.864719704598858,6.0756469151501085,5.800703630357135,4.574266013558448,4.639423367354555,4.9471650098320055,4.976114649681529,5.121234639363394,5.064868668130872,5.171815350740829,5.186237266147729,5.361237406535358,6.262298850066855,6.210339638332352,6.27948957877232,5.977994003299279,6.2532131060596265,5.9184686014237275,5.237151284872626,
06460105000646,,,,,,,,,,,,,,,,,,,,,,,,,,,,,,,
06470100000647,,,,,,,,,,,,6.5,6.5135041666666655,6.25,6.2809,6.1788496671066095,6.002083333333335,6.038958333333335,6.116840800865901,5.9448664843794,5.89249999999997,5.874166666666659,5.8437414093405025,5.741357790672735,5.640867729558561,5.710120758304999,5.879666133404426,,,,
06480100000648,,,,,,,,,,,,,,,,,,,,,,,,,,,,,,,
06490100000649,,,,,,,,,,,,,,,,38240123.0,16734280.0,42350100.0,15023796.0,30148600.0,22125771.0,19119870.0,19188817.0,24418613.0,18673256.0,17462844.0,25199758.0,30984299.0,23725311.0,32541018.0,26393278.0
06500100000650,,,,,,,,,,,,,,,,,,,,,,,,,,,,,,,
06510100000651,,,2.804326717175336,,,,,2.820874164542421,,,,,2.933389219005209,,,,,3.1649847651620577,,,,,3.3072247712716827,,,,,,,,
06520100000652,,,160448332.0,,,,,172278883.0,,,,,190789342.0,,,,,221233994.0,,,,,243192681.0,,,,,,,,
06530100000653,,,7.4606724033558445,7.738002076861085,7.5537598008227445,7.624963190612675,7.377845762716181,6.712213479380648,6.863453409289786,6.917210616013839,6.529332249040176,6.216164457630132,6.05934415138457,5.587361294433129,5.634590922409279,5.323292140140884,6.208108831751877,5.744139986735239,5.351160780890765,5.2091352629865195,5.326968984636829,5.496246621617733,5.684990678365574,5.868170972124824,5.851785061724073,5.7592380096427975,6.0312804831311375,,,,
06540100000654,,,501045482680.72015,525332403372.7236,524306149916.6812,529210822595.795,535279428869.24054,551273675403.3707,538197393340.7281,559532446364.1663,614950949569.0956,711890593974.7351,772312118155.6184,818251877862.1138,940050985614.2227,1031248291350.583,935716041368.5518,1030432048940.3264,1133385815319.8293,1174881529184.0378,1229615760322.045,1284202729509.2712,1181523478579.006,1193724367473.8796,1314055927207.0093,1412736992372.2305,1439120572186.0964,,,,
06550100000655,,,88708173998.99669,90752945857.48102,94102044233.6726,95473526855.35132,96641785972.873,105881066925.11613,103225577279.31355,103932592210.2106,108753297230.59952,126353100350.93234,143215862517.74335,157127041546.64474,180203790270.81726,202197801353.76334,174458373537.97226,203706139863.3708,230690967257.79916,240299198222.28925,231406519394.2666,230500555291.08304,209780304448.36057,207772719659.75323,222824158705.6142,247818655027.51138,249918316504.3991,,,,
06560100000656,,,398664620018.94415,420282627317.16565,420274595823.59906,425127895427.323,446619831782.3972,456472584461.9806,449256915171.71454,473650647901.1596,532413106786.89746,618390785899.4121,667122315461.1627,706937451341.2675,818584961108.4277,888670402472.2787,815552569873.2659,880221493443.9814,969962492808.8086,1020325418311.0833,1098587763402.6348,1255549801218.6926,1198775050318.0518,1209672261523.9194,1313275282538.8955,1406889929077.4292,1403687466166.2173,,,,
06570100000657,,,1082522375.3294616,1143489092.7482858,1193996052.170218,1209956781.3943155,1254467157.9726293,1332379078.8428593,1299004507.5793955,1319581840.2896466,1300066793.0465047,1436450364.2594812,1501611341.312878,1683029831.5264037,1739388599.5288174,1750746690.4687626,1687198487.9365335,1755720045.797612,1792688016.3409367,1881196824.912917,1952484358.4814916,2012330419.0159106,2071785909.7606547,2140443306.0138898,2248870723.881067,2339399881.4967875,2403074088.460289,,,,
06580100000658,,,,,930066023.1194178,982125955.071351,1043185310.6300168,1122419166.9538472,1121398703.9799092,1127808612.1039507,1130457013.8904827,1201164309.2727907,1254803571.9480214,1383150801.5299823,1425571395.9570858,1453143997.141764,1397423333.504258,1457015079.9153,1504559275.5624685,1564352744.6160355,1641229335.6758573,1651310269.20368,1744980358.247254,1820356515.2515388,1934268135.447657,1991161436.6129608,2034431899.1022599,,,,
06590100000659,,,8.538554944891663,7.963304507032333,7.764061367887292,7.686627642555643,7.664548683846887,7.050065451853614,7.035896681534513,6.952576800324944,6.459075717901647,6.3413161317214755,6.444696221718367,6.017063820703795,5.955905913249089,5.722729326004048,6.5021940539952325,6.048129954477736,5.7747077996012175,5.847704435813688,6.137304358740727,6.3924113024049,7.024095817921701,7.221001548109758,7.133439202971544,7.063236067137287,7.400563038991969,,,,
06600100000660,,,522216016390.65796,555404725193.4841,560356449156.7866,565195602239.0668,583237468517.2473,596264818678.01,578659604540.2744,595908753484.191,646313998612.5906,767670139801.4073,829031044550.5559,896936799785.3398,1040252065963.5928,1153392933037.3984,1052491143559.5074,1166383975988.9202,1307820554832.446,1375444457151.1606,1481874622805.7173,1563278460419.1145,1516754650633.1082,1541142563377.129,1681211087096.032,1829956003842.3901,1863068555520.5352,,,,
06610100000661,,,88842524479.88206,95276831302.6998,97382688692.19304,97732001941.3826,100789682568.99844,101488405549.64957,96656825205.08969,98162261916.41992,103853093634.92676,125990807618.17807,141185993290.11548,153899292355.31808,180720132449.4111,201555811172.861,172497429862.17197,195861110473.53784,223326361853.11996,236766520403.60266,249687614640.5065,256355406441.3854,232068752720.1331,232959951207.20117,256724273190.16486,278748774752.3011,276982067228.72064,,,,
06620100000662,,,427569633700.0696,462736740565.20776,464896618109.9894,466970573658.91425,488384902437.088,498881216562.66815,489572220889.8738,508711745097.4413,562566105249.479,665727022290.033,711943796327.4344,771324763902.301,887563033324.707,973268104596.0941,891586482476.6648,966554388086.0863,1082394148108.9801,1118388463244.17,1206351190571.4053,1266655846783.1104,1216223334256.7883,1237510367215.815,1339009399863.0176,1449271120093.3076,1465469366266.3687,,,,
06640105000663,,,,,,,,,,,,,,,,,,,,,,,,,,,,,,,
06630100000664,,,,,,,,,,,,,,,,,,,,,,,,,,,,,,,
06650104000665,,,,,,,,,,,,,,,,,,,,,,,,,,,,,,,
06660104000666,,,,,,,,,,,,,,,,,,,,,,,,,,,,,,,
06670100000667,47.67472049690289,47.15800917654833,46.45673603438088,45.741922362669264,45.093475181767246,44.54201969319323,44.13188500131913,43.53889627161774,43.011598205368145,42.681850166045756,42.143451415937086,41.82400545915508,41.50886759858895,40.851790199551765,40.198055910441845,39.508196360921225,38.95755816164606,38.12998794901565,37.50018591437005,36.94643788016936,36.49307962841494,35.702252718151605,35.23145138518457,34.66045006972303,34.24228311277374,33.866496597203984,33.84912762586283,32.55016696720206,33.422913748178466,33.69180594600104,34.25978054958672
06680100000668,,,,,,,,43.439912726634624,,,,,,,,,,36.45889598889972,,,,,,,,,28.814245609018887,,,,
06690100000669,64.65593979278611,64.25182292842175,63.79339001349887,63.2505903467698,62.84351297847648,62.38196511264105,62.29651366780497,61.86838437186923,61.26960895561195,60.62496648196742,59.98441371956597,59.62462175445501,58.98579721315538,58.29222994050937,57.46241857726853,56.69895143083172,55.65268768510267,54.626550472465375,53.91844714567153,53.43464355993584,52.987958386682735,52.26578086055007,51.682845389614286,51.27617313422148,50.78296057703884,50.41889918423715,49.919601667246525,48.578805310824485,48.91263366955946,49.13681696563983,48.95602811146146
06700100000670,,,,,,,,61.13418566712624,,,,,,,,,,54.288737082114835,,,,,,,,,47.32074101111738,,,,
06710100000671,56.33987228437678,55.880444932229686,55.30147228327669,54.67505983613096,54.15182252786487,53.650385943608576,53.41024989557599,52.90549326792986,52.346649979769275,51.861491296566,51.27698044402405,50.94398108743026,50.46966165026292,49.80019322357013,49.0612744052635,48.338092412111166,47.537332910242085,46.61294653568941,45.94918024073327,45.43744747298489,44.99327135989722,44.24323730526313,43.7193958547321,43.23653705365596,42.779073041631,42.405885217778064,42.13626474502867,40.81289202135225,41.40511707603624,41.65042299512507,41.8340514554549
06720100000672,,,,,,,,52.476972225673016,,,,,,,,,,45.682251254672515,,,,,,,,,38.252695952221785,,,,
06730100000673,50.955422696328476,51.01735288111071,50.99292326046727,50.961191754153134,50.97615472374131,50.97928743206284,51.09937144706186,51.07337523724426,50.92398162354883,50.799577419180885,50.74209419066024,50.68287542921244,50.689260367414654,50.425128954610344,50.28264752974251,49.96465453783309,49.74215065485718,49.38268746600332,49.20837669286382,49.00077105126088,48.79712810740275,48.642804763290926,48.59344045186018,48.50628997031292,48.41107924676318,48.34391813870471,48.33244158272335,47.09747031919381,47.98246233339747,48.33411039633871,48.984121890768485
06740100000674,,,,,,,,50.392417228571944,,,,,,,,,,48.59312381164068,,,,,,,,,43.78886909206661,,,,
06750100000675,55.80845568794661,55.88654753159096,55.86441094628576,55.82634471126549,55.83272038260161,55.82566716227888,55.947358291064376,55.89772001211134,55.754260238727625,55.644889599349526,55.59219287909098,55.549056308716935,55.57771422269565,55.309090707063866,55.15362596517165,54.81107776172966,54.573613071658485,54.199538316157934,54.03717574684774,53.854520834392936,53.69116968065419,53.59966861657927,53.63105955460868,53.63349460861175,53.638424309429666,53.66015260817196,53.74079525973024,52.50397296937808,53.585510806844,54.01875303571891,54.88240998725086
06760100000676,79.39046628414785,79.18751395995024,78.98708850766435,78.77937756802372,78.645171582106,78.42207772244616,78.3385409103093,78.10952097769746,77.83736295972126,77.57724489089428,77.35387237605084,77.24125219493487,77.05883961146584,76.86391282770512,76.65601830546397,76.445536457677,76.11380123179163,75.86202334292219,75.72217105720625,75.53589409743277,75.28883958911292,75.0187356899701,74.80238159022356,74.57069273383931,74.28800048775337,74.09194830071776,73.85081755594166,72.48729151080525,72.99039815591934,73.1931420231235,73.26888173503635
06770100000677,,,,,,,,77.45295327205326,,,,,,,,,,75.8276577371194,,,,,,,,,73.05129878247135,,,,
06780100000678,83.47622424502741,83.30341231770645,83.14366305904967,82.97869041923592,82.87791789050968,82.68920990786316,82.64776207318407,82.4445810444644,82.22358532445769,82.02123755475367,81.8379372361737,81.76920835640367,81.62649776131882,81.46377287980701,81.28778216554056,81.09209129205611,80.78124504990613,80.5620897286546,80.46584096356412,80.33793255900082,80.18546836887124,80.01000629156736,79.87874781983733,79.75269453028265,79.5911090663169,79.51251653708003,79.38090896286626,78.1028247261961,78.75338399835486,79.03409530646378,79.27731535627788
06790100000679,65.08629777258582,65.01659989707898,64.9014718849421,64.78056080409215,64.72067221644336,64.61403153143038,64.63606530577856,64.5117689305998,64.30415639291414,64.11475307441206,63.97772540404279,63.895397729385415,63.811350121262834,63.58515875414759,63.41370956071515,63.152057749610215,62.87659756522318,62.57150528859539,62.41782178450494,62.225067001868496,62.00391444537884,61.795007228169865,61.66649529201017,61.51079577359018,61.32366118404552,61.19252846120685,61.067435589765616,59.76802310397007,60.4603920383594,60.744290581810425,61.108249199929055
06800100000680,,,,,,,,63.71722595678353,65.20515149507716,,,,64.30680721129544,64.39744686185685,,,64.31368937966234,62.13132537143874,64.07821277747324,61.799571427585356,64.22535256120113,63.70742138732578,64.3280983883389,63.87543137466591,,,58.151073149590694,,,,
06810100000681,69.77603399422946,69.72639709221124,69.629611491097,69.52333982571783,69.47310970013613,69.37529494151794,69.41560230463442,69.28948098952425,69.10854534795217,68.95315043148241,68.83640768953892,68.78325373568963,68.7281738137376,68.51622597291446,68.35316151826021,68.08643240272714,67.81218015614455,67.51641863900798,67.39069103825672,67.24052003306129,67.08774040090776,66.95867837617557,66.91455793807246,66.85809995319438,66.78356879314836,66.75834421870299,66.7353715125452,65.48183935167202,66.3463905629779,66.70860991564997,67.2635780779218
06820100000682,,,,,,,,,,,,,,,,,,,,,,,,,,,,,,,
06830100000683,,,,,,,,,,,,,,,,,,,,,,,,,,,,,,,
06840100000684,,,,,,,,,,,,,,,,,,,,,,,,,,,,,,,
06850100000685,,,,,,,,,,,,,,,,,,,,,,,,,,,,,,,
06860100000686,,,,,,,,,,,,,,,,,,,,,,,,,,,,,,,
06870100000687,,,,,,,,,,,,,,,,,,,,,,,,,,,,,,,
06880100000688,,,,,,,,,,,,,,,,,,,,,,,,,,,,,,,
06890100000689,,,,,,,,,,,,,,,,,,,,,,,,,,,,,,,
06900100000690,,,,,,,,,,,,,,,,,,,,,,,,,,,,,,,
06910100000691,39.38330720627425,39.47336903529411,39.533641568830866,39.58778405629268,39.63801838686608,39.69806937235816,39.76915643897397,39.817665514452955,39.82124945253643,39.833909454926754,39.86534141592567,39.85984420742408,39.907067567769424,39.829380087851995,39.81343532487543,39.71753651788274,39.709762459254385,39.612435896098944,39.55951237423036,39.50234032616379,39.46608312888884,39.46498867318463,39.49463179883887,39.5128013103829,39.55108853475692,39.57912883247675,39.64828635530018,39.475562983375625,39.763338084626085,39.84662616580141,40.14051904871656
06920104000692,2441982973.0,2484975185.0,2527623648.0,2571420725.0,2619416926.0,2666678128.0,2719170149.0,2765726509.0,2809255397.0,2853882505.0,2900559842.0,2950087558.0,2999842717.0,3041596806.0,3083320247.0,3119282091.0,3152893436.0,3183465776.0,3221308425.0,3257971318.0,3292202509.0,3326377163.0,3364992571.0,3402190924.0,3436515304.0,3473326973.0,3510868855.0,3480933959.0,3561147295.0,3600349587.0,3650968792.0
06930100000693,,,,,,,,,,,,,16.865644171779138,16.574850299401195,16.29705882352941,16.283625730994153,16.00697674418605,15.954069767441867,15.954597701149428,15.965168539325859,16.175661375661395,16.198412698412714,16.21005291005292,16.245502645502654,16.087301587301596,16.176315789473698,16.27789473684211,,,,
06940104000694,127078827.58900002,127067070.669,127064120.749,127063665.533,127133005.316,127106973.098,127113760.879,127205656.12,127204476.099,127202279.10399999,127209405.47199999,127355946.935,127358689.284,127458477.366,127458249.71599999,127442369.3,127440810.247,127443187.44299999,127444197.359,129944210.592,129942438.446,129941818.93199998,129945451.842,129955249.556,129947963.64999998,129948830.15999998,129948645.999,129944725.45400001,129783069.277,129718826.154,
06950100000695,,,,,,,,1.0869057940954718,,,,,,,,,,,,,,,1.0842233378697792,,,,,,,,
06960104000696,691494128.0,694008314.0,680425600.0,695351683.0,698734700.0,677076810.0,667806339.0,669381990.0,670355328.0,659533980.0,668542236.0,674705269.0,691874993.0,681917940.0,695874407.0,712551938.0,699913148.0,694535750.0,707115722.0,707353427.0,722872903.0,723247776.0,722432332.0,727237987.0,728122268.0,722304595.0,717239576.0,732455372.0,739665648.0,731553778.0,
06970100000697,,,,,,,,,,,,,,,4.048543689320387,,,3.7759459459459466,,4.165217391304348,,2.6363636363636362,,4.126050420168068,,4.389473684210526,,,,,
06980100000698,,,,,,,,,,,,,,,5.497087378640777,,,4.618333333333333,,5.892857142857143,,3.102803738317757,,4.94017094017094,,4.021978021978022,,,,,
06990100000699,,,,,,,,,,,,,,,,,,,,,,,48.4636917114258,,,,51.91007996,,,,
07000100000700,,,,,,,,,,,,,,,,,,,,,,,44.4575119018555,,,,49.99363708,,,,
07010100000701,,,,,,,,,,,,,,,,,,,,,,,48.4208297729492,,,,53.65045929,,,,
07020100000702,,,,,,,,,,,,,,,,,,,,,,,,,,,,,,,
07030104000703,,,,,,,,,,,,,,,,,,,,,,,,,,,,,,,
07040101000704,68.25547888772161,68.46563482814291,68.64675970960683,68.85194045401913,69.17930989532007,69.48010537005517,69.71846695408362,70.04037249179969,70.46156836695141,70.73443889491968,71.02714001935561,71.27947807952938,71.64210010908238,72.03421005521334,72.31555300957348,72.46365862308703,72.87454369092377,73.13492639003275,73.47730841165848,73.7653049214686,74.06372558127727,74.32985645593914,74.51711868846866,74.7826813989958,75.00892618010006,75.21763992940987,75.4164089911279,74.80682811167433,73.88278476265025,74.48233245131907,
07050101000705,63.42802381425791,63.69788663332591,63.89359254259558,64.20636920575919,64.554260822183,64.80506408313772,65.14411986099927,65.44863296479089,65.73855804119214,66.02542693241762,66.28022129943106,66.5329673343391,66.84345987366036,67.19482995389453,67.43957551613589,67.62556945760227,67.99869643954507,68.27152123505792,68.59988225261839,68.86589631804992,69.1536502119931,69.483944858541,69.72040746567023,69.95712690197426,70.13045598011173,70.38840215025688,70.57925680103715,69.75641234039509,68.85455226171626,69.55884588414122,
07060101000706,65.75504283584586,65.99947998364121,66.18688123723692,66.44844477898131,66.78923834561574,67.06250508639671,67.35527096689559,67.66752216685946,68.01823913972271,68.29891891269513,68.57179957053876,68.82487369404669,69.16026956562305,69.53180312833452,69.79352812241665,69.96302827666882,70.35630138517014,70.62465120923932,70.96113206176562,71.2372630317077,71.52976453193827,71.83314546144973,72.04708691416725,72.29790642279251,72.49541239112824,72.73511579081088,72.9310338256441,72.19745979586514,71.28061167814077,71.94871673714083,
07070100000707,,,,,,,,0.858830918793885,0.850205508861549,0.808943402811911,0.73734461507183,0.758021809417295,0.737212906621685,0.685289438429042,0.673133369342584,0.660631820480257,0.646116644011558,0.604684271642255,0.595255136433407,0.560995032537069,0.560130877759237,0.530674416218434,0.527928403024871,0.514835083178865,0.512648169812826,0.501263532716855,0.499245191308451,0.483347514805271,,,
07080100000708,,,,,,,,120.0,120.0,120.0,140.0,130.0,140.0,150.0,150.0,150.0,160.0,170.0,170.0,180.0,180.0,190.0,190.0,190.0,200.0,200.0,200.0,210.0,,,
07090100000709,,,,,,,,,,,,,,,,,,,,,,,,,,,,,,,
07100105000710,28300.0,30290.0,33379.0,35617.0,36946.0,37928.0,38414.0,39892.0,40157.0,38894.0,41051.0,38724.0,39096.0,43104.0,44034.0,43949.0,42669.0,43427.0,44323.0,43772.0,44853.0,45743.0,43983.0,43806.0,43440.0,45050.0,49921.0,49839.0,51337.0,47926.0,
07110100000711,69.5851974487305,70.0834808349609,70.6088790893555,71.1043014526367,73.9001007080078,75.0516586303711,75.4796676635742,75.6943511962891,76.1056976318359,76.5043029785156,77.0090103149414,77.4225311279297,77.3224792480469,77.4337387084961,78.2909088134766,78.7642364501953,79.0794677734375,80.0025482177734,80.2862014770508,80.5296936035156,80.8821792602539,81.4116516113281,81.8472518920898,82.272819519043,82.5223083496094,82.8914566040039,83.0747299194336,83.3208694458008,83.5589599609375,83.8527297973633,84.1165313720703
07120100000712,82.6973190307617,82.9964294433594,83.2904281616211,83.5611572265625,84.7379913330078,85.9451065063477,86.1890029907227,86.3185501098633,86.5183563232422,86.8257904052734,87.2675018310547,87.5177536010742,87.6321868896484,87.4583892822266,87.7696990966797,88.0410232543945,88.170051574707,88.480339050293,88.5629119873047,88.7017593383789,88.9515380859375,89.1862869262695,89.5327682495117,89.7483901977539,89.8520812988281,90.0036392211914,90.0415573120117,90.1921615600586,90.3175735473633,90.4771194458008,90.6137313842773
07130100000713,76.1023635864258,76.5013885498047,76.9117736816406,77.2962417602539,79.2883834838867,80.4686508178711,80.8059387207031,80.9791793823242,81.2859573364258,81.64013671875,82.1142425537109,82.4472427368164,82.4547119140625,82.4252471923828,83.0118026733398,83.3855133056641,83.6086730957031,84.2271575927734,84.4107818603516,84.6013793945312,84.9030990600586,85.2863922119141,85.6788787841797,86.0001068115234,86.177001953125,86.4374771118164,86.5479125976562,86.7474517822266,86.9275131225586,87.1553268432617,87.3560028076172
07140100000714,0.90760999917984,0.910939991474152,0.914330005645752,0.917859971523285,0.926699995994568,0.92316997051239,0.926779985427856,0.927290022373199,0.931940019130707,0.933059990406036,0.934029996395111,0.938210010528564,0.934530019760132,0.940010011196136,0.944180011749268,0.946780025959015,0.949289977550507,0.950219988822937,0.954670011997223,0.956719994544983,0.959450006484985,0.962779998779297,0.965780019760132,0.968400001525879,0.969690024852753,0.970290005207062,0.96986997127533,0.971180021762848,0.972670018672943,0.974479973316193,0.975950002670288
07150100000715,79.7992782592773,80.1928634643555,80.5961074829102,80.9903182983398,82.2143478393555,82.8087997436523,83.2783889770508,83.3080673217773,83.8278732299805,84.3351974487305,84.8336334228516,85.3741836547852,85.4058227539062,85.4643020629883,86.0018615722656,86.5526580810547,86.7701034545898,87.2312393188477,87.7004928588867,88.1044998168945,88.6779708862305,89.1053237915039,89.5219497680664,89.8361434936523,90.0420074462891,90.1220321655273,90.9162673950195,91.075439453125,91.269172668457,91.5009536743164,91.6727066040039
07160100000716,87.9220504760742,88.033317565918,88.1481704711914,88.2383728027344,88.7175598144531,89.7005081176758,89.8574981689453,89.8401794433594,89.949821472168,90.3855514526367,90.8254470825195,90.9972610473633,91.3888702392578,90.9180526733398,91.0864181518555,91.4175491333008,91.405143737793,91.8012008666992,91.8644866943359,92.0903625488281,92.4261474609375,92.5502319335938,92.6943588256836,92.7673797607422,92.8562469482422,92.8816528320312,93.7409286499023,93.7781066894531,93.8333282470703,93.8973922729492,93.9318389892578
07170100000717,83.9486999511719,84.1961517333984,84.4498901367188,84.689453125,85.5337829589844,86.3276214599609,86.6384582519531,86.64453125,86.9554901123047,87.4272613525391,87.89697265625,88.2498779296875,88.4669876098633,88.2566223144531,88.6069717407227,89.0470733642578,89.1484375,89.5776977539062,89.8422775268555,90.1556015014648,90.6075668334961,90.8801727294922,91.1571578979492,91.3482284545898,91.4941635131836,91.5464019775391,92.3741302490234,92.4702301025391,92.5925598144531,92.7376937866211,92.8383865356445
07180104000718,35.47580715282026,38.00161408696697,40.413959535059654,40.96459675989165,42.98190148116817,46.275069765755,49.668387571555826,85.31271300323975,89.81537941808443,93.77553051212104,97.77458656678671,98.66689346611007,100.75172981479284,99.36016146163942,99.49484120731228,101.45039423340897,101.47141769929429,102.81805887155875,102.91947003545273,99.09179997342548,99.11475940837848,99.13014783128133,100.0,100.0,100.0,100.0,100.0,100.0,,,
07190100000719,,,,,,,,,,,,,,,2.728999999999999,,,2.9178064516129014,,2.8799350649350646,,2.899161750000001,,2.8634329312499998,,2.9011250000000013,,,,3.0510791366906442,
07200100000720,,,,,,,,,,,,,,,2.7063333333333333,,,2.7582580645161277,,2.8189610389610382,,2.853844968749999,,2.823492843750001,,2.8158749999999992,,,,3.0287769784172656,
07210100000721,,,,,,,,,,,,,,,2.718466666666667,,,2.8452258064516145,,2.8270129870129868,,2.864323987500001,,2.8659398187499994,,2.8299375000000007,,,,2.9251798561151094,
07220100000722,,,,,,,,,,,,,,,2.556,,,2.5935483870967753,,2.656623376623376,,2.7258695499999996,,2.705333025,,2.672999999999999,,,,2.799999999999999,
07230100000723,,,,,,,,,,,,,,,3.1696666666666675,,,3.409225806451611,,3.257792207792207,,3.25307479375,,3.2686857062499994,,3.2364375,,,,3.242446043165469,
07240100000724,,,,,,,,,,,,,,,2.7401333333333335,,,2.8661290322580633,,2.870519480519482,,2.8942791624999993,,2.8837256562500007,,2.86625,,,,3.0,
07250100000725,,,,,,,,,,,,,,,2.5804000000000005,,,2.6372258064516125,,2.769480519480521,,2.766284774999999,,2.7547223250000004,,2.7227500000000004,,,,2.9215827338129503,
07260100000726,,,,,,,,,,,,,,,,,,,,,,,,,,,,,,,5.700000000000003
07270100000727,,,,,,,,16.568994,16.6229841,16.5452548,16.429444,16.2645707,16.0839556,15.8875133,15.7097894,15.538529,15.4212737,15.3210367,15.2135806,15.0010297,14.9692176,14.7607306,14.756105,14.6215251,14.5056195,14.6457713,14.6201805,14.7171562,,,
07280100000728,51.9213218688965,51.8859710693359,52.4717903137207,53.1527786254883,54.4047584533691,55.6051216125488,57.0701103210449,58.7490692138672,60.7786598205566,63.0121002197266,65.1262283325195,66.5467376708984,68.0921401977539,68.2756423950195,69.673469543457,70.4903335571289,71.5574569702148,72.7781982421875,74.1239013671875,74.8392028808594,74.6345520019531,74.79248046875,74.8991622924805,75.5442810058594,75.1561965942383,75.2826309204102,75.7276000976562,77.0840835571289,76.6653594970703,75.7006988525391,74.765251159668
07290100000729,59.4230308532715,59.1551399230957,59.6333198547363,59.9653091430664,60.6439018249512,61.5409202575684,62.5940208435059,63.8833885192871,65.4453964233398,67.2871017456055,68.6210174560547,70.0473022460938,71.3836898803711,71.2552337646484,72.2696380615234,72.7668991088867,73.308349609375,74.2282562255859,75.3004989624023,75.1579818725586,74.3932495117188,74.5339126586914,74.4238815307617,75.1799468994141,74.6639022827148,74.517707824707,75.0967864990234,76.3899917602539,76.1152267456055,75.3479614257812,74.5831985473633
07300100000730,56.3148994445801,56.1287994384766,56.6062202453613,57.0689086914062,58.0180816650391,59.0549392700195,60.2800903320312,61.7357788085938,63.4888801574707,65.5012130737305,67.1950302124023,68.6033935546875,70.0205764770508,70.0359115600586,71.2199401855469,71.8509368896484,72.6249313354492,73.6692276000977,74.8523101806641,75.106086730957,74.5960006713867,74.744758605957,74.7398986816406,75.4443817138672,74.9914779663086,74.9500579833984,75.4660034179688,76.7899475097656,76.7868576049805,75.9387588500977,74.6633987426758
07310102000731,,,,,,,,,,,,,,,,,,,,,,,,,,,,,,,
07320100000732,,,,,,,,,,,,,,,,,,,,,,,,,,,,,,,
07330100000733,,,,,,,,,,,,,,,,,,,,,,,7.42467498779297,,,,8.449272156,,,,
07340100000734,,,,,,,,,,,,,,,,,,,,,,,47.3386917114258,,,,52.81452179,,,,
07350100000735,,,,,,,,,,,,,,,,,,,,,,,,,3434.0,,,,,,
07360100000736,73.21030500472334,74.96160293348511,75.1192431951751,73.90357226262888,75.25918498593518,75.67101572942272,74.88193303267911,72.89736157382694,73.06528693156896,73.35801039610092,72.82230618926667,72.01467921496918,71.23843596082165,70.07689987053205,70.30731456171793,67.94548059084283,67.42302833601032,66.65793442376433,64.96701870405818,64.94077791600084,64.38266752123798,65.7486297344985,67.60916664796801,67.57658668225208,69.40091678862677,69.00109347608672,69.23501586799784,69.4968234818907,68.2015356438793,67.5791902878345,68.59973196728187
07370100000737,73.99825543185204,74.71848677635315,74.72031862998358,73.85719734891306,73.99721357456663,76.17781212747882,75.8207277192397,72.69860399016922,73.4988992646153,74.08881337546495,73.54453928085888,72.58327076792379,70.70480334924488,68.87312965006116,68.83924780046462,65.59629344194282,67.67794523930452,67.11892013909053,64.35518914595109,63.862646256929175,63.97854487603819,65.92747736379735,70.14088785529627,71.48790724346192,70.64726691114234,69.50989225515404,69.88187066869705,71.24890256366655,68.64393548992733,64.75977694484473,66.7460562462838
07380100000738,,,,,18.991645515599803,18.612272676293788,18.428171758157674,18.265749174520394,17.187490289771546,16.742130997867992,16.574400911794815,16.439705722836305,16.233582330424344,16.195732826951364,16.165481209288455,15.913818104074698,15.350426349530727,15.863494791784635,15.937594427474977,15.920957253140294,15.767826201453824,15.902311119391518,16.372608202615506,16.187258121913707,16.252183991271046,16.36470234078347,15.957527154833404,15.945706424708487,16.461846798284093,15.76244768817589,15.236553269696945
07390100000739,,,,,,,,,,,,,,,,,,,,,,,,,,,,,,,
07400104000740,,,,,,,,,,,,,,,,,,,,,,,12356812449657.908,,,,,,,,
07410105000741,,,,,,,,,,,,,,,,,,,,,,,,,,,,,,,
07420105000742,,,,,,,,,,,,,,,,,,,,,,,,,,,,,,,
07430104000743,,,,,6031900570475.713,5900588567804.964,6034689799194.415,6184025195950.741,5782913454364.136,5849729334873.644,6494141308462.063,7258310744901.015,7761549222100.568,8391877020403.093,9438898086673.545,10209076569126.74,9335284847568.281,10566627675965.73,11806703473253.814,12053096659656.318,12278949648623.84,12725083051037.629,12356812449657.902,12416040341523.57,13279991628352.918,14218445372350.027,14066536369250.7,13675518342179.174,16107637192402.459,16041586723212.75,16176902732844.334
07440100000744,,,,,,,,,,,,,,,,,,,,,,,,8.751078663136383,11.465690486244382,11.450557153784496,11.988731786624463,13.310388971824997,11.91764214172525,,
07450100000745,61.307027545475655,60.34653625639414,63.451838015390805,71.48017561464806,79.86507580517728,88.5989756675045,114.5114329555918,100.47088308061157,87.87058512738373,72.22910562054864,84.46349189654221,88.69987981063763,92.04105616102477,105.46468491673072,113.30287733313429,55.765748552724986,83.22256313079431,86.68059136609148,68.23516724067703,77.83822784962031,88.34383215901578,89.66812813084451,93.91003152661577,96.31409145149381,110.22327199093253,90.33720176914613,107.4464883060915,132.63708621112875,130.86140855402277,105.68900477258664,
07460105000746,13897390390000.0,14639924190000.0,17263728480000.0,19806690830000.0,22029761480000.0,24555200630000.0,33181158958442.57,30925434367933.242,26792162470741.496,22802792394180.438,31107425315024.113,36540979694420.375,40512446419170.125,50074965608306.6,60456082457876.48,32418515670953.414,47471292783750.016,54259517739629.87,47521341225558.95,54503236899688.734,64367842410397.36,67177254463959.17,62268183687150.27,65117714419402.805,79501947538294.83,69028240582989.195,79412231030604.81,95197416568178.14,111159259040000.0,93688922052748.1,
07470100000747,,,,,,,,339.0,334.0,322.0,312.0,305.0,296.0,281.0,275.0,270.0,263.0,254.0,247.0,237.0,235.0,230.0,227.0,223.0,222.0,224.0,225.0,223.0,,,
07480103000748,,,,,,,,,,,,,,,,,,,,,,,,,,,,,,,
07490100000749,,,,,,,,,,,,,,,,,,,,,,,,,,,,,,,
07500100000750,,,,,,,,,,,,,,,,,,,,,,,,,,,,,,,
07510104000751,3810069669503.891,4343821235555.51,5183464832962.399,5433648407095.5625,5629042551098.357,5528026813956.306,5748943952124.024,6485089103897.768,6225452726022.84,6531459747215.865,7627882821678.015,9267996816003.684,10576563826174.213,12203896768171.215,14113064258861.795,16273253279238.525,12647887307193.469,15377905619252.846,18427146605333.434,18603197371743.145,19056125609970.223,19104494769916.44,16646910729286.023,16129363300449.32,17825455468447.133,19644831108814.355,19102162053051.863,17736548091748.688,22410387429572.734,25015427535268.43,23930491597641.645
07520104000752,3495921266583.733,4002473123096.3687,4777216670047.291,4997870777919.268,5401117103559.342,5282465876177.989,5539544614646.772,6332293096872.0,6107232861011.0,6407813600173.0,7491723518773.0,9061482578345.0,10307623964875.0,11872833483935.0,13747847658506.0,15968388420044.0,12194661017287.0,14937526036588.0,17849744544049.0,18032885517558.0,18412118337296.0,18494653929897.0,16114816138743.0,15552487077746.0,17181276826263.0,18948281805549.0,18429024117996.0,17029510891718.0,,,
07530100000753,5.181485100038283,5.041538476207289,5.261315586156592,5.05637664782777,4.0447031265055475,3.9814767057367244,1.5704252687667106,1.6191102200661844,1.6939111848254393,1.5225642779990671,1.299286135614656,1.463507317753085,1.6629827799900607,1.562466820460426,1.580748247203202,1.7294812843877398,2.047063383993406,1.8254350060251598,2.127230441903391,1.7518820782697508,1.7246536724173294,1.5300721191249451,1.1984771171895283,1.0979885140386727,1.0406139677564799,1.2284865728449919,1.1219258884798908,1.0299009984854963,,,
07540100000754,3.4091809433311306,3.0142536280774785,2.8251980880084657,2.851350804705744,2.869661148049717,3.017206235813963,2.735180715814224,2.7195475377326965,3.0009341567771917,3.135324675495802,3.1012178688096053,3.210601398696674,3.3871767254194163,3.455243220812326,3.7655510278781876,4.40148920804535,4.573740927520145,4.3577821335847355,4.100154207708257,4.655436193767207,4.807845776332351,4.898357179182132,4.96360716399953,4.719905534121085,4.382517618580124,4.077959005785496,4.261547651169939,4.040317738136679,,,
07550100000755,77.71125331427938,77.47170287211421,76.9417098134084,76.58534105795492,77.36899492279939,78.6652111446794,82.08862911970992,80.46735531834462,80.06082192123235,79.71467597169327,79.01586081159232,77.98831365005732,76.85036577816275,76.07225955558972,74.68306083563166,72.99312469377472,71.97572704069884,70.22596101918568,69.14561793977525,68.35117346858273,68.00890283790648,68.3886068843108,69.19706874595968,69.70358827909806,68.49137504602166,68.2189368935263,68.18972125486872,68.4526776808913,,,
07560100000756,6.758435958936737,7.067229586162814,7.497962359898508,7.606492609404944,7.336812820736272,6.016702607618894,6.213402358196897,7.288580218056976,7.394092353754557,7.930868546383428,8.757571963780311,9.04456274559971,9.305570765576835,9.42928633637299,9.696030462137509,9.875135838251703,11.098597966752708,12.303515554961308,12.652745049491282,13.172068249267419,13.58391459576785,13.51666801432776,13.808782426993155,13.7449738652399,14.684059254359521,15.015241963573732,15.094213682550045,15.67640064935934,,,
07570100000757,2.0999663431503603,2.395598044451196,2.6196131773070763,2.8388258757067555,2.9494059365849217,2.652003246062201,2.024968986175293,2.1969169155281136,2.196646283400301,2.480342501781091,2.8173951599934304,3.07793599403399,3.42271431797695,3.7900926227583196,4.44950946825138,4.852452718430712,3.768219082429499,3.9761657483789516,4.370951224588339,4.658458522941699,4.691964840683675,4.341377394697061,3.6281529798614627,3.636689485936361,3.907158165502945,3.7796668823622115,3.92492979171192,4.0572830822934804,,,
07580100000758,3.9445178844153466,4.215151448207284,3.836451166775693,4.031414220377996,4.462538784521486,4.7700804367220515,4.337285759533647,4.498626248423609,4.483332127697412,4.051250957830473,3.6083256798066428,3.634021895676845,3.6917913022219446,3.844121823367254,3.8312549024436815,4.063813700375983,4.1019519751463,4.487804846351411,4.619166299440888,4.719925469943651,4.776437780576175,4.797846086860743,4.906998480304604,4.776570077373528,4.776546618639748,4.700362618008863,4.682333728313737,4.332679126731893,,,
07590100000759,1.868338573244446,1.5725706067399685,1.4869082413265322,1.4811472351714374,1.482806839921087,1.5286676112576763,1.4230901138272518,1.3888493952284553,1.5670871312274928,1.6301783860126609,1.646307506970041,1.7751827407406355,1.7484009849808826,1.6831120950562641,1.874410527145772,2.1845999023803726,2.484909103102036,2.351146213494541,1.9727887165780233,2.0987035840687263,2.080922985715875,2.1578417128144802,2.037289139320014,2.0514325433038025,1.9734338005876089,1.8530739508010323,1.8011150427757667,1.7015529125967006,,,
07600100000760,1.1306814041286977,1.0911532087222409,1.1264818734567943,1.1728803714819072,1.1710051518284033,1.1190144738849142,1.203869788826132,1.331194166669887,1.2731167860550316,1.3389129106796065,1.4632984941488427,1.5914203492441965,1.8133373146317207,2.0045575405738836,2.249405958827784,2.5705231726938975,2.6368241708906233,2.9298748592304866,3.070030511723472,3.247386417796663,3.0553494928091833,3.0931136313464713,3.0788231436173294,3.0343087093076906,3.26960201618022,3.3762469100900327,3.2466062202813046,2.7999041765837682,,,
07610100000761,1.378264998207479,1.2555002716751804,1.3361136814460026,1.3123704118843722,1.2662161942101027,1.3491296767942378,1.192159744659589,1.3070010408059443,1.3854397260037208,1.3980969519709703,1.4293127743659402,1.491863836300509,1.5676787832932901,1.6859896635108567,1.7223827015677915,1.8419174003170293,1.9905496548603827,2.0311735928548957,2.2026657666598406,2.2095571822493185,2.2749185993799874,2.336939515696075,2.23715948432857,2.0263127995260364,1.9377198955615256,1.9089154857517177,1.9932156927577132,1.9685332191897178,,,
07620100000762,15.670223782068692,15.436873863331835,15.602747958693234,16.09657412667668,16.26362057068656,15.211957655865316,14.456655487196224,15.66580739517611,15.982915046331028,16.293558760382982,17.057121420496454,17.79895182243536,18.47881146884755,19.198913144855485,20.104394775904577,21.2718767088247,22.105636440739097,23.752558957148686,24.308262434576886,25.071202008042466,25.314530852751975,25.21134715034361,24.698639011418855,24.365614648941413,25.357456905335297,25.38879314882353,25.2105131170137,24.765119086156766,,,
07630100000763,1.4370378036136413,2.0498847883466365,2.194226641741746,2.261708167540679,2.3226813800084867,2.1413544937184783,1.8842901243271752,2.247727066413096,2.2623518476111886,2.4692009899246803,2.6277316322965727,2.7492272097542307,3.007839972999634,3.1663604790943616,3.6317961412605513,4.005517313012841,3.8715731345686537,4.196045017640478,4.41888918374447,4.825742445105062,4.951912636924208,4.86997384622063,4.905815125431931,4.83280855792186,5.110554080886557,5.163783384805169,5.4778397396376945,5.752302234466438,,,
07640104000764,3863980185060.3433,4396698273950.143,5228168088098.512,5503177153625.574,5703979496940.763,5642223664447.221,5876475787916.529,6672904828549.387,6429660317670.622,6680482561093.368,7798954678099.823,9505789969366.566,10845765395975.244,12438755493998.268,14349882030479.01,16609178806130.703,12820293695561.053,15507012108873.834,18508664560748.594,18735957146482.31,19046007090051.168,19135246320263.06,16781446732541.998,16255770639635.787,18025690473245.234,19873413642344.46,19384297106219.348,17929796823338.42,22653166114261.246,25739930904165.953,24333011587574.77
07650104000765,3568907240725.2983,4064112938899.8916,4836507523915.891,5076164384644.069,5441231829443.31,5409128741321.3,5699707052653.718,6459896012409.0,6276620625896.0,6525424670595.0,7614933329233.0,9273105822475.0,10511880221064.0,12091826755670.0,14031949319050.0,16270717055677.0,12563519623857.0,15212773103893.0,18034239758691.0,18266938986211.0,18567517314912.0,18672649417571.0,16356133638181.0,15932596635180.0,17612697264758.0,19395402802272.0,18843094552022.0,17392630553033.0,,,
07660100000766,4.727499971335696,4.670374849876991,4.749056367399846,4.6718710539975215,3.768493165931054,3.5417102311747253,1.42917712744773,1.9596678969107988,2.085024616974013,1.9840797231851999,1.812799266489496,2.0821686689267858,2.581781629923575,2.5825746213041634,2.257952403882046,2.2743625029474925,2.5570312332458895,2.6372789351359662,2.654386803398836,2.4186212535855276,2.9558213584927038,2.7819287788437097,2.6396182559988834,2.3868468762731814,1.771764658945256,1.6087129089551573,1.4468377617239359,1.6143190598447896,,,
07670100000767,3.6204592677353786,3.205750953591314,3.071892986425878,3.3308680607074903,3.359774823035213,2.6623205100760683,2.9631398175996884,3.8655010781029597,3.7063836293720684,3.455273625884047,3.6975610597152833,4.010365506286689,4.707834834498415,5.191907694952865,5.03822969297799,6.309096317834577,5.102478253002461,5.578197353964615,6.124411794002723,6.833359448554856,6.502284320345722,6.022726471294142,4.491560979503598,4.032382299834341,4.414776551430629,5.02466133703003,4.862701863201531,3.923882399232522,,,
07680100000768,77.06085020176887,76.10868776910095,75.68937931831101,74.866165304167,75.38080605115638,76.01327180958965,77.54246495982045,74.98687275414153,74.41499887943668,73.8024633286415,73.01064994181625,71.6187943764502,69.55583822870963,68.30331049460499,67.82721085476638,66.43782530553148,66.05751094476472,64.27826271413097,63.903717602490715,63.32578328371815,63.37229356638285,63.295804967008564,62.96099177428989,63.34878158211134,63.06383064189694,62.9752488728525,62.829380679234504,62.30558405587631,,,
07690100000769,8.470060731099576,8.864593253339075,9.093654394345432,9.46387914257056,9.707129472654131,9.667819129075866,10.167819357325639,11.08861010061175,11.3052266293011,12.143846490480506,12.753132059342882,13.206182941899685,13.965116679643932,14.475587452435457,14.894543471587296,14.756072415802338,16.070327900902086,16.935354842285175,16.410697942211545,16.911603688406366,17.023104656154082,17.814940387692047,19.786249060605694,20.007931427092114,20.15337690336876,19.903378339303142,20.181564341568986,21.44753736785087,,,
07700100000770,2.005348251718667,2.666816335166215,2.867418938541585,2.8819591532180713,2.7586441471758514,2.5635571375719763,2.4714008425734804,2.8895169269511434,2.9938629044857237,3.103345512278132,3.414378860099466,3.766442538965662,4.112191111689116,4.429554272185088,4.753492331542701,5.413954216342603,4.681900372424611,4.832838740833238,5.2959506022632805,5.410478813456654,5.246184750449587,4.962980544806645,4.217994209918459,3.925087981629774,4.263049356525215,4.521994285786425,4.560691356445923,4.272582978423655,,,
07710100000771,3.7449468758647346,3.947164247431234,3.9770544525873044,4.186777754561777,4.458537836636153,4.64243155233038,4.61708513750011,4.792217591433882,4.936489036499144,4.8114341996591,4.5933028321106875,4.530642913399499,4.623323250479426,4.661052853380639,4.637978559233143,4.647345945814786,4.7743381633199835,5.047103040237393,5.184147738783642,5.339102376611696,5.178637391918636,5.124684954260115,5.187501731260987,5.205267459673126,5.199416605123727,5.152542965820406,5.307815085551731,5.2781870141254315,,,
07720100000772,1.5703272397333792,1.3883368927483952,1.3034082399855855,1.4191118924734447,1.3913633656352766,1.19253250013449,1.379925311274223,1.7076927864332865,1.6277472313123174,1.5015802558956763,1.6046412880716263,1.754812141134052,1.963425551219886,2.2249958234544067,2.2301297681724113,2.663824816459301,2.234136600805733,2.308120710734487,2.180124600187404,2.2455651504756267,1.9345986571910323,1.763782617083175,1.357642785252368,1.3456030308620055,1.5898219437251389,1.7533749032691566,1.5282698033858688,1.1628461909100396,,,
07730100000773,1.0365855908070796,1.0193072910949665,1.0211253381637178,1.0819729524489652,1.0667021249130828,1.0826073266909932,1.0609746436479461,1.0783238842574367,1.1239674354371108,1.1684457837752917,1.2091499909989911,1.3068507410244936,1.3323293365382736,1.368124053740907,1.4606156823681846,1.5749664297345096,1.672324329211327,1.8131440136934291,1.9123421273569259,1.8652211925336553,1.8618177822802715,1.8948025377377042,1.9750372501965319,1.9979714713426788,2.0326105945926445,2.0311215693847458,2.123201845346941,2.03444747177301,,,
07740100000774,1.4303499115667366,1.3668001731093924,1.3480395917902857,1.4675904114830707,1.5184050310652173,1.3487376841904797,1.368838767788832,1.555226434713685,1.594238640840518,1.5378593861976149,1.6359812049010805,1.7913915741518311,1.9448149913213828,2.053031574336716,2.0909442323218426,2.375830881270989,2.1142120099976798,2.2604764368634385,2.585765604315375,2.648633341876381,2.5574627662828737,2.487356304456435,1.987101600027923,1.8391871954316221,1.9597810356035927,2.0810157370679576,2.044677979433355,1.9157565051417431,,,
07750100000775,16.739259389562893,17.193319923243802,17.274368732164906,18.088114678663988,18.48159811498194,18.21622646907714,19.02059685570118,20.670685986260064,21.08500927175407,21.60688340203365,22.32267002171134,23.14319240364504,24.5226100479014,25.590232508285265,25.98741849185841,27.08630226744869,27.129375834298415,28.539549778014866,28.658927959002277,29.249992377060448,28.650160493383186,29.00912807855647,29.431131480222806,29.24479458821346,29.905494529036698,30.024644875649813,30.08077052902527,30.287344740392847,,,
07760100000776,1.4723904373325964,2.027617457778253,2.2871955821242134,2.3738489631715285,2.3691026679306297,2.228791490158486,2.0077610570306708,2.382773362687598,2.4149672318352344,2.6065735461396553,2.8538807699829105,3.1558445509779895,3.3397700934653995,3.5238823758055897,3.927418249493154,4.20150992407234,4.256081987690985,4.54490857271819,4.782967635108169,5.005603085635872,5.021724581741256,4.913138175591261,4.968258489488428,5.019576953402013,5.258910170121104,5.39139334254253,5.6430110300162895,5.792752143886054,,,
07770100000777,28.812798363983042,30.49993767767779,32.61961478619243,33.48355364344023,34.78855974904216,34.36220748803989,35.4307806540891,38.77310392239074,37.53896270179274,37.747955871316194,39.303783983779844,42.445043066302084,44.72107494158197,47.47656478831256,48.65673133447303,51.15850530692973,41.8013137645052,46.275488904598156,49.7524844326037,49.21075549196169,48.82282665067162,47.68021356219029,44.25423627615496,42.21729449636087,43.87282950022133,45.47943121523816,43.6832649624853,41.623285888656746,46.14193454623223,49.96363132905512,45.534028912046864
07780100000778,-0.747934995717178,0.02713314918056694,1.2786839312201392,2.334182212008034,2.282348407676451,1.0205167059893738,1.3220167270618222,2.6500597238397465,2.597783171100823,2.4433173186580333,5.533903937906346,7.835746757660386,9.932385471850695,12.08847993774956,13.169807475911002,15.022275012797625,14.757415914384952,17.09436205329926,19.838982116182837,21.069134349183035,21.522009844427842,22.40543432394469,22.8424160495973,23.45280838009531,25.243507846133078,27.41575261487657,28.442830122743658,27.05255356549523,28.996227609861265,31.264886406556023,
07790104000779,7676.80509329931,7738.12490534222,7821.32905062098,7912.95523911854,7875.90249584674,7771.27486397718,7776.01790182518,7854.37377846194,7839.08218837467,7798.02360377501,8024.16669521125,8182.56847059178,8327.71625283948,8473.3658761917,8536.77157233031,8660.65828226679,8630.46901575279,8772.56285843106,8978.27270000836,9059.48418559449,9081.00325125723,9150.25257945086,9174.93771498011,9228.39285929934,9356.41917319346,9505.09460777126,9584.10357381387,9488.6857214806,9673.27212192347,9868.23448857613,10001.0762223144
07800104000780,3908.6036762401,3919.9305299212,3929.7032969053,3929.9443133722,3870.8412816487,3854.9957820021,3877.5250318891,3850.4598396162,3848.9005145368,3876.2231519184,3912.4898744583,3988.4726152874,4045.3827181786,4095.6013611578,4144.4656301838,4216.6617619788,4230.6331027678,4262.7946671217,4289.7106353715,4318.2065820198,4352.701060593,4368.9245680087,4394.8556578399,4439.1434532616,4461.5071808602,4468.0321511045,4468.9340809336,4536.2438534397,4571.4877888852,4598.6094879956,4610.5732853962
07810104000781,305.47369576,299.21184183449,300.99546151094,291.51524381698,297.90552679569,291.59157365875,293.28844236999,291.00129617688,288.1858998841,290.07006266586,295.32909203712,298.01674120137,300.02364994335,301.47564036322,298.84182043793,301.14613911834,299.47647623022,300.43114731107,294.74293695625,294.80563896324,295.21435645736,293.98424868339,290.19724294303,287.28460882097,288.44304927423,284.0511264044,280.3928255696,279.23240956144,279.33083595892,277.32741588242,278.20531057017
07820104000782,2175.5704663452,2218.2538455035,2277.1373885652,2369.6189613278,2377.6586939882,2293.7005148647,2267.0283526075,2361.9217087485,2362.2593265065,2284.2093948325,2447.6872172254,2507.9841488452,2578.5217222213,2638.7952506458,2629.2676827112,2671.2708741354,2622.6715481553,2708.2538596713,2861.6977813138,2899.8753805932,2855.3718909064,2881.4391459694,2849.8315430859,2829.895699675,2898.5294624708,3003.1790156607,3053.1066449546,2866.5114535846,2974.0332060674,3111.8307495654,3197.1965148633
07830104000783,10.705046164677,11.015870347455,11.487195715496,11.355603755374,11.521275626037,11.702555046422,12.11703125766,12.268698241985,12.23627420512,12.314854136256,13.195703580882,14.698510459962,15.975106830458,16.746989118495,17.352478168749,17.686067534375,17.281006764885,18.735992641846,19.232320012245,19.408248709517,19.509663639666,19.58729997593,19.418573387676,19.001589570044,18.817031957275,18.844428099545,18.789718431082,18.788386905443,18.952470601279,19.233336110396,19.573340988551
07840104000784,4.1102337559521,4.3876727106101,4.6793472890866,4.6602488279554,4.8438561574106,5.0783378750991,5.0180697266221,5.3002360870395,5.4077255918918,5.7013617976302,6.0616666480851,6.5197194218469,6.8183541382035,7.5177427525388,8.054440825603,8.1200169752723,8.094751469915,9.2411051093729,10.056671482631,10.554538190156,11.130683364233,12.25882348063,12.098002625449,12.734886101522,13.192430110479,13.711025490545,14.439057735397,14.396234299784,14.999462665412,14.671613020652,15.000869118382
07850104000785,5.2038913675065,5.4348216157422,5.5574711660545,5.8103473682353,6.1252174590782,6.2571340436733,5.7423954035009,5.9145628929596,6.1929559808793,6.5215978514636,6.7991679110577,7.2393317876284,7.6218470450127,7.8608212786535,8.2928147672021,8.587018507792,8.8191743734073,9.896283761341,10.223305692179,10.909186068482,11.204489358115,11.597920369669,11.914122161422,12.750300925762,13.342678685458,13.882775256942,14.268436975484,14.466083724285,15.563469027661,15.783781356485,15.859222602984
07860104000786,35.001949852779,35.388039365719,35.590289449804,35.895863667891,35.49923435962,35.231442440638,35.000484860711,34.432585037074,33.610392433176,33.781313532101,33.478939971901,33.594563790776,33.501812301959,32.379458942391,31.691702039421,31.98341024321,31.675891060064,31.983677823627,31.670941787353,31.076409883795,30.623436972054,30.394930919341,29.839594712135,29.455929553345,29.048562716117,28.832277483228,29.517878596405,27.108615978945,28.848648872301,30.099193289977,30.96283061629
07870104000787,1232.1361338131,1244.5022840435,1256.1786000191,1264.1546569821,1271.507409812,1272.7175240458,1280.2980937101,1293.0748516613,1282.2890992362,1289.2018670408,1309.1250333785,1326.0428397976,1339.8710421806,1372.9886119328,1398.8050031964,1405.2029937736,1411.8170649312,1431.2261249908,1460.9381073924,1474.6482011663,1505.2476699664,1532.0656420438,1566.7829782246,1598.1263913911,1633.5387771189,1674.5618082714,1704.6549306177,1731.9386839864,1770.0562398453,1800.6789113552,1833.7048481585
07880100000788,2.782190863534602,2.601453485474768,2.371262348194386,2.296019970030408,2.305376674434895,2.2532712594733812,2.20599881866957,2.198085208006098,2.2335868336453912,2.335728194973386,2.394972237397085,2.394921949191643,2.3857666503041357,2.3570006256896625,2.3184384969675857,2.377674261762871,2.608858219685942,2.5103736203601827,2.4026277874492057,2.3654329957272733,2.2968747132041343,2.244585025232072,2.2480573975241422,2.2058541380491943,2.1545726122894866,2.1278597431967627,2.1763457706924663,2.329500154623097,2.178212345239072,2.2417707824935578,2.3512916061645512
07890100000789,,,5.1538269883237025,,,,,,6.70005803845315,6.822455983791963,6.879437260363634,6.976642578395903,6.992919721912905,7.044997085948733,6.889167276855683,6.658943998343729,6.622950554753155,6.710937676395633,6.504175860535401,6.526250705902686,6.433896150274562,6.350034380069052,6.46795586160113,6.286311214773048,6.232568894004183,6.102821493369938,6.128004696677165,5.642978095510309,5.615207304641105,6.229620264710599,6.7238161868143775
07900103000790,,,,,,,,,,,,,,,,,,,,,,,,,,,,,,,
07910103000791,697304854883.1631,707010445868.1543,725001726962.7955,722289246018.8257,724367699302.6337,706257876043.1315,719140122227.8309,742488300534.2395,754990138081.9661,815314949464.9698,952187055140.067,1075375821256.7223,1159108141627.4563,1205512010465.4702,1336795098057.5864,1509070517784.1023,1563480460342.5398,1648584440466.3325,1749808347303.6707,1757628596468.9324,1754972065720.4487,1752480275357.2603,1651868880663.3638,1648245154870.6155,1717120198540.6296,1805213465091.0579,1856995541927.1687,1935006759494.1726,2066777301635.6648,2199303885695.3975,2386619599479.648
07920100000792,0.08844683168604237,0.09950775652995741,0.10182504286561618,0.08743297848508631,0.07948823993361571,0.0783904195581435,0.07091123658701819,0.07380719297916094,0.06292863682818575,0.06337610418161281,0.06272457523586339,0.10863704515433245,0.19983980604080576,0.35616144325619087,0.53754801655485,0.5612422127745841,0.31594729210688743,0.6671727232868383,0.8057470487835262,0.48432163840753645,0.4382639178244289,0.3110216011645751,0.18242004990094074,0.21361738903282612,0.2766172634629066,0.2534778094789216,0.23193382207901814,0.2597382464384524,0.7685437679488131,,
07930101000793,34163482.0,55511640.0,90743607.0,145042295.0,214953349.0,318097469.0,490984248.0,738157897.0,960982997.0,1164277513.0,1415027798.0,1760995437.0,2205300000.0,2744600000.0,3367800000.0,4029900000.0,4639900000.0,5290100000.0,5889500000.0,6260500000.0,6661500000.0,6995900000.0,7131700000.0,7452200000.0,7696600000.0,7915300000.0,8214200000.000001,8268299999.999999,8489200000.000001,8617200000.0,8891100000.0
07940101000794,0.6191752943375205,0.9914950345557433,1.586249570627046,2.499663411279627,3.655256219351485,5.33358304332039,8.12312872482729,12.045212065001337,15.475387469442932,18.50667976310285,22.202904877942018,27.26403542772128,33.9,41.7,50.6,59.7,68.0,76.6,84.2,88.5,93.1,96.7,96.1,99.3,101.4,103.1,105.9,105.5,107.4,108.1,110.6
07950100000795,82.02729888391971,82.16760881162024,82.28944663486092,78.82496820605613,79.40548527156247,78.39476596695982,81.10015929739954,81.31259345483295,72.6703732235114,72.92334714673869,74.52116024296049,75.52860142397273,77.37971373518091,79.58381723259953,82.35884854991917,83.53222386880321,84.52277582479988,82.14041081062845,81.00490863260849,81.03176422135768,81.73700293589961,82.92601106567197,85.57052831578255,86.62876184340648,85.67493759707949,87.32023630684714,88.87531033764225,97.79142406563844,94.93690032448076,95.62761713991343,94.97892762172083
07960100000796,,,,,,,,19.100407320615652,19.15839190335443,19.287875829517738,19.051044373901412,18.852250444360596,18.94918014763443,18.9187841608309,18.86534249116702,18.605266002219704,18.30517471472588,18.205370822849584,18.200104618965085,17.98403116384636,17.551298124669305,17.202400221424995,16.99749118425765,16.879430796980955,16.764992514692302,16.73586739532568,16.75025305920506,,,,
07970100000797,,,,,,,,22.906689071218796,22.62141419963695,22.50546949059458,22.298186107151384,21.843493479414597,21.563205202121594,21.123590189377513,20.832729320661404,20.660022141162326,20.413199631485437,20.264242469471633,20.023139601312117,19.765995537631763,19.314181133572873,19.050202686822388,18.990851540089935,18.909506212259778,18.61353664852431,18.43874428746285,18.298340982918802,,,,
07980100000798,,,,,,,,18.508523743991496,18.26738500236655,18.268096215974808,18.106834900740527,17.722333740881055,17.422955047735115,17.055439302943128,16.765601052294937,16.52249783352617,16.221137330379626,16.086615497510472,15.901162054097176,15.700665692959138,15.40679289753724,15.264599189185605,15.28936640456403,15.215688372075165,15.0025473855611,14.899772486510424,14.80263835465362,,,,
07990100000799,,,,,,,,27.255017741415074,26.87642805283387,26.63506096638397,26.389463443963887,25.89699791525773,25.612229047690175,25.1211513663104,24.88292407551327,24.77745070490917,24.56120639378961,24.409013166816315,24.109944454921703,23.78612051399778,23.23683127187215,22.828342773868226,22.73024003543431,22.61497120849817,22.207638360394782,21.965442389761314,21.756192752692336,,,,
08000100000800,,,,,,,,,,,,,,,,,,,,,,,,,,,104.32390370874293,,,,
08010100000801,,,,,,,,,,,,,,,,,,,,,,,,,,,87.86739270730905,,,,
08020100000802,,,,,,,,,,,,,,,,,,,,,,,,,,,123.5730575511722,,,,
08030100000803,,,,,,,,1.5241693119482838,1.542106480024453,1.5185596103693761,1.5002370930000408,1.5019492308416778,1.4728075167752224,1.4510831312652483,1.4242680576576443,1.4379112317448572,1.3655267129000035,1.3612926833387806,1.3220907584087795,1.2860498675468135,1.2439222374156318,1.2152047131450407,1.1897699909498038,1.174686365482282,1.1552656890915733,1.1265674824069134,1.106585196348946,,,,
08040100000804,,,,,,,,1.0765860264498572,1.0894213404755206,1.0813462462467887,1.0691415526387948,1.0816886334924893,1.0536829913157983,1.0630873479912317,1.0531869704645251,1.0718013787883114,1.0232685208683794,1.0230961703016968,0.99672872231174,0.9694799013143138,0.9414186404549878,0.9140693555868549,0.8842620022128979,0.8798521797084029,0.8722469431274061,0.8414601622979468,0.8284945934937203,,,,
08050100000805,,,,,,,,1.9625573890971817,1.9681595410371369,1.9384189580555933,1.933431777683245,1.920718296216665,1.901484784684985,1.844627798704676,1.7980555007433996,1.79584444334217,1.716757331129536,1.7025476783731226,1.6489838225335436,1.5932785706895267,1.551184361234441,1.5237606116059228,1.4940055511093615,1.4669548172143407,1.423620825519264,1.394970131581118,1.3700399556900749,,,,
08060100000806,,,,,,,,,,,,,,,,,,,,,,,,,,,18.52915950945963,,,,
08070101000807,156.34807071347865,156.15530070631254,154.6565585373496,153.81235440948146,151.21659137146762,149.29670969560433,148.10063753148114,146.48388527921009,143.83699397004094,142.22383454398735,140.34400636856745,139.33709162147102,135.7946849440911,132.30837124131665,130.15778565495944,129.58422840034203,125.93972094224966,124.05295626392281,121.77117205839227,119.8650177995672,118.15920429163668,117.17069705352093,116.42301563101212,115.33941591137082,114.04094345336338,112.58116200336143,111.34390809508263,118.77434471380647,134.04509017217174,134.05973219819052,
08080101000808,232.5903356358246,231.105832636848,229.46287725522404,226.3928589536024,222.6677387457092,221.20982330773455,219.2225473446338,217.4350854589221,215.87372807295725,213.7527531283599,212.10927336162058,209.9292354703377,207.08515421412463,203.50159505175807,201.43397848475948,200.28010898489552,196.74663468730168,194.4071949624362,191.49976351690984,188.97700836563249,186.37675942750212,183.215821592954,178.26844729581074,176.4517735682537,175.2801902067134,172.82072881623705,171.12478842075456,182.0282078314803,202.24536793646348,200.4827606887839,
08090101000809,62.0,61.3,60.1,59.0,57.7,56.3,54.8,53.0,51.6,49.9,48.1,46.5,44.7,43.0,41.4,39.9,38.5,37.3,36.1,34.7,33.8,32.7,32.0,31.0,30.2,30.0,29.4,29.1,28.6,27.9,
08100101000810,58.2,57.6,56.6,55.5,54.3,53.1,51.6,50.0,48.6,47.1,45.4,43.7,42.0,40.3,38.8,37.4,36.1,35.0,33.8,32.5,31.6,30.4,29.7,28.8,28.0,27.7,27.1,26.8,26.3,25.6,
08110101000811,65.6,64.7,63.5,62.2,60.8,59.3,57.9,55.9,54.3,52.6,50.7,49.1,47.2,45.5,43.8,42.2,40.8,39.5,38.3,36.8,35.9,34.8,34.1,33.1,32.3,32.1,31.5,31.3,30.8,30.1,
08120101000812,35.6,35.1,34.5,33.9,33.1,32.4,31.6,30.7,29.9,29.0,28.0,27.0,26.1,25.2,24.4,23.6,22.9,22.3,21.7,21.0,20.5,19.9,19.5,19.0,18.6,18.5,18.2,18.0,17.7,17.3,
08130101000813,90.2,89.2,87.4,85.6,83.6,81.4,79.1,76.4,73.8,71.2,68.4,65.8,62.9,60.3,57.8,55.5,53.1,51.2,49.3,47.4,45.8,44.3,43.1,41.8,40.6,40.0,39.3,38.7,38.1,37.1,
08140101000814,88.0,87.1,85.3,83.5,81.6,79.4,76.9,74.4,71.8,69.3,66.4,63.7,60.8,58.2,55.7,53.4,51.0,49.2,47.3,45.4,43.7,42.1,40.9,39.6,38.4,37.7,37.0,36.3,35.7,34.7,
08150101000815,92.3,91.2,89.3,87.4,85.4,83.3,81.0,78.2,75.6,73.0,70.2,67.8,64.8,62.3,59.7,57.4,55.0,53.1,51.2,49.3,47.8,46.2,45.1,43.8,42.6,42.1,41.4,40.9,40.3,39.3,
08160100000816,,,,,,,,,,,,,,,,,,,,,,,,,,,,,,,
08170100000817,,,,,,,,,,,,,,,,,,,,,,,,,,,,,,,
08180100000818,,,,,,,,,,,,,,,,,,,,,,,,,,,,,,,
08190105000819,,,,,,,,,,,,,,,,,,,,,,,,,,,,,,,
08200100000820,0.20452236380238842,0.17812450584124295,0.17494784543980216,0.2318146809835908,0.2559235758970442,0.15078430205784807,0.17525924743481702,0.3959214353392281,0.4313143764837426,0.31986220529145787,0.4344019596303902,0.39195309075975704,0.4793187658858231,0.39064832786478404,0.34351094778065905,0.48134603689021993,0.27632864234735915,0.2425232662995828,0.31764694075740163,0.32376748946800576,0.3150336510444203,0.283744460884234,0.23010429718929945,0.1593918829493467,0.18949667381239868,0.29588457454752354,0.26290014814255563,0.2037495641036572,0.5233067725903139,,
08310100000821,,,,,,,,,,,,,,,,,,,,,,,,,,,,,,,
08320105000822,,,,,,,,,,,,,,,,,,,,,,,,,,,,,,,
08330105000823,,,,,,,,,,,,,,,,,,,,,,,,,,,,,,,
08340103000824,716500000.0,824690002.441406,928940002.441406,859150024.414063,775710021.972656,751570007.324219,731880004.882813,759650024.414063,661859985.351563,777289978.027344,976420043.945313,1195229980.46875,1449000000.0,1795989990.23438,2268050048.82813,2653020019.53125,2311800048.82813,3285919921.875,4300229980.46875,4527299804.6875,4143580078.125,3496739990.23438,2752020019.53125,2290350097.65625,2412229980.46875,2550120117.1875,2228150146.48438,2318969970.70313,3068550048.82813,1916439997.8965514,
08350103000825,445679992.675781,434700012.207031,647059997.558594,566960021.972656,418619995.11718804,438579986.57226604,439500000.0,416899993.89648396,603080017.089844,505670013.42773396,390059997.558594,510739990.234375,1231839965.82031,1091520019.53125,1323520019.53125,1233469970.70313,506880004.88281304,612210021.972656,489779998.779297,535299987.792969,543030029.296875,636270019.53125,782209960.9375,985959960.9375,600140014.648438,482410003.66210896,442110015.86914104,559979980.46875,698289978.027344,450669998.2043357,
08360103000826,487690002.441406,446139984.13085896,527219970.703125,543179992.675781,447940002.441406,538330017.089844,442250000.0,481610015.86914104,507040008.544922,723219970.703125,1481660034.17969,909750000.0,1307689941.40625,1355930053.71094,1237020019.53125,1375859985.35156,1584729980.46875,2024500000.0,1739010009.76563,1432530029.29688,1306670043.94531,1318729980.46875,1111280029.29688,1425109985.35156,1295229980.46875,1335709960.9375,1136369995.11719,1161030029.29688,1351969970.70313,616099996.4177608,
08370103000827,1661530029.29688,1455550048.82813,1596619995.11719,1525239990.23438,1408410034.17969,1368690063.47656,1330199951.17188,1318030029.29688,1337449951.17188,1593359985.35156,1435369995.11719,2076699951.17188,2829459960.9375,2530620117.1875,3147020019.53125,3333139892.57813,3137100097.65625,3886219970.70313,4056290039.0625,3918100097.65625,3472919921.875,3240969970.70313,2948239990.23438,2633540039.0625,3103510009.76563,3453060058.59375,2988540039.0625,3672189941.40625,4813200195.3125,4415389915.989717,
08380100000828,,,,,,,,,,,,,64389999.38964839,77639999.3896484,80889999.3896484,117059997.558594,100970001.22070299,79319999.6948242,76909996.0327148,66419998.1689453,57029998.779296905,62579998.0163574,70120002.746582,71389999.3896484,80590003.9672852,100119995.11718799,95800003.0517578,72599998.4741211,88400001.5258789,80450000.28610227,
08390103000829,865700012.207031,883720031.738281,1032670043.94531,1166430053.71094,1102000000.0,1132900024.41406,1151989990.23438,1141530029.29688,1147390014.64844,1133479980.46875,1146880004.88281,1245130004.88281,1357479980.46875,1468010009.76563,1650520019.53125,1828329956.05469,1905449951.17188,2108739990.23438,2144320068.35938,1921510009.76563,2134530029.29688,2130750000.0,1880429931.64063,1653770019.53125,1720890014.64844,1797170043.94531,1757540039.0625,1649500000.0,1933329956.05469,825799997.6258721,
08400100000830,,,,,,,,,,,,,1730000.0041723251,1639999.9782443042,1979999.9948590982,,,3779999.9602139,4139999.981969592,6209999.997168779,8430000.049993398,10219999.92989004,9579999.953508375,10619999.84271824,7729999.912902719,11189999.861642707,8639999.91863966,9010000.115260476,16059999.953955414,10359999.902546404,
08410103000831,4583399902.34375,5798089843.75,5920600097.65625,6680859863.28125,6589290039.0625,7522500000.0,7720759765.625,7203759765.625,8123430175.78125,6996739746.09375,9602259765.625,12287020507.8125,8664419921.875,9677759765.625,11282480468.75,12850790039.0625,13154120117.1875,12444290039.0625,17012800781.25,17120109375.0,15622479492.1875,16348219726.5625,13512200195.3125,16799269531.25,16018530273.4375,16715660156.25,14784679687.5,20606449218.75,20468970703.125,19885460184.69706,
08420103000832,264929992.675781,245639999.38964802,261890014.648438,251709991.455078,250509994.506836,258929992.675781,278769989.013672,247800003.05175802,253180007.93457,279470001.220703,343779998.779297,437839996.33789104,596369995.117188,454580017.089844,583900024.414063,692760009.765625,790890014.648438,838419982.910156,838809997.558594,794760009.765625,822169982.910156,937530029.296875,697830017.089844,638440002.441406,597959960.9375,475910003.66210896,601580017.089844,655020019.53125,702169982.910156,301639998.9165365,
08430103000833,6434350097.65625,6854239746.09375,6679859863.28125,6042589843.75,4975339843.75,4569589843.75,4348689941.40625,3795350097.65625,3441219970.70313,4547439941.40625,6468970214.84375,6910439941.40625,7030790039.0625,7575790039.0625,5844799804.6875,6187609863.28125,6636459960.9375,7445859863.28125,8484270507.8125,7921859863.28125,6792819824.21875,6506169921.875,5149359863.28125,5635259765.625,6642239746.09375,7363479980.46875,7413660156.25,10360360351.5625,10107959960.9375,6949240063.661711,
08440103000834,6608490234.375,6105299804.6875,8915770507.8125,5367260253.90625,3900590087.89063,3705060058.59375,3495580078.125,2883330078.125,3066580078.125,3555629882.8125,4442100097.65625,4283250000.0,7444810058.59375,7028080078.125,7944120117.1875,9054469726.5625,7087979980.46875,8028310058.59375,8728280273.4375,8576750000.0,9444290039.0625,11581290039.0625,14103720703.125,19630500000.0,19811199218.75,19449570312.5,18364070312.5,22536160156.25,23633339843.75,11827180004.479362,
08450100000835,,,,28539999.0081787,45310001.373291,76250000.0,87059997.55859381,108930000.30517599,89110000.6103516,122879997.253418,249039993.28613302,184220001.220703,206410003.66210902,189300003.05175802,249080001.831055,311980010.986328,296790008.544922,210360000.61035198,153809997.55859402,107209999.084473,43600002.288818404,46060001.373291,71860000.6103516,159089996.33789098,84639999.3896484,38579998.0163574,142669998.168945,84699996.9482422,74470001.2207031,25369999.52420593,
08460100000836,,,,,,,,,,,,,39579998.0163574,84340003.9672852,33020000.4577637,15449999.8092651,29600000.3814697,28359998.7030029,33150001.5258789,21770000.4577637,34270000.4577637,30090000.1525879,47319999.6948242,54750000.0,39299999.237060495,129110000.610352,158559997.55859402,225869995.117188,253210006.71386698,289030000.6046892,
08470100000837,,,,,,,,,,,,,,,,,,,,,,,,,,,,,,45730000.42326745,
08480103000838,40829998.0163574,57989997.8637695,89470001.2207031,114949996.94824201,121150001.52587901,123519996.64306599,148750000.0,154360000.61035198,184559997.55859402,268119995.117188,352800018.310547,412579986.57226604,482250000.0,632270019.53125,823950012.207031,930599975.585938,693289978.027344,585270019.53125,603470031.738281,536159973.144531,545590026.855469,519159973.144531,427489990.234375,427019989.013672,492649993.89648396,530250000.0,566900024.414063,519460021.972656,620830017.089844,417129998.30581236,
08490103000839,1973679931.64063,1846589965.82031,817500000.0,822220031.738281,458880004.88281304,699820007.324219,458110015.86914104,583779968.261719,462850006.10351604,1007140014.64844,1074089965.82031,717479980.46875,2269310058.59375,2000439941.40625,1270050048.82813,1837170043.94531,874350036.621094,758780029.296875,1701410034.17969,623770019.53125,867000000.0,1372140014.64844,1748060058.59375,2419119873.04688,2976050048.82813,2134370117.1875,1321790039.0625,1300880004.88281,2484360107.42188,1300179992.2399223,
08500103000840,8158790039.0625,9684820312.5,10556400390.625,8357480468.75,6613540039.0625,8643719726.5625,10497190429.6875,9671059570.3125,7479330078.125,6744430175.78125,6032439941.40625,5973359863.28125,10380770507.8125,7258979980.46875,5775799804.6875,6820529785.15625,6174080078.125,7334299804.6875,7193719726.5625,6399459960.9375,8497349609.375,6126689941.40625,6165290039.0625,7047779785.15625,8079540039.0625,6098200195.3125,7456419921.875,10229519531.25,11568709960.9375,11047539970.606571,
08510103000841,103309997.558594,77470001.2207031,96550003.0517578,134789993.28613302,130089996.337891,103209999.084473,144729995.727539,135250000.0,173820007.32421902,220789993.28613302,248220001.220703,333350006.10351604,462949981.689453,375920013.42773396,490359985.35156304,539150024.414063,581070007.324219,900460021.972656,989359985.351563,1183119995.11719,1309479980.46875,1395739990.23438,1468760009.76563,1548420043.94531,1615040039.0625,1799469970.70313,1909420043.94531,1791969970.70313,2292199951.17188,1888159993.4399133,
08520100000842,,,,,,,,,,,,,499999.9944120643,6870000.077411534,21529999.51876697,12709999.999031423,6840000.10602176,14949999.9769032,16710000.10520218,18629999.458789844,13539999.613538368,3040000.036358836,3539999.907836319,7199999.980628482,3550000.0063329954,7409999.99083578,7770000.124350185,7970000.037923447,13659999.90887939,59820001.17003914,
08530103000843,32979999.5422363,42380001.0681152,47490001.6784668,58529998.779296905,68580001.8310547,79440002.44140631,90889999.3896484,101199996.94824201,110190002.441406,118819999.69482401,153440002.44140598,173860000.61035198,186779998.779297,204880004.882813,253490005.493164,278260009.765625,265980010.986328,262019989.013672,279679992.675781,276649993.89648396,298660003.66210896,300359985.35156304,262639984.130859,274839996.33789104,304040008.544922,343429992.675781,361679992.675781,305269989.013672,362580017.089844,257889997.87904325,
08540103000844,1806099975.58594,1669959960.9375,2299780029.29688,2171350097.65625,2031399902.34375,2136689941.40625,2057359863.28125,2284260009.76563,2272919921.875,2495659912.10938,2960580078.125,2722689941.40625,3682649902.34375,4282180175.78125,4643839843.75,5199419921.875,4797839843.75,4841299804.6875,4336260253.90625,3857450195.3125,3646879882.8125,4027090087.89063,4162899902.34375,3157600097.65625,3533760009.76563,3745750000.0,3387000000.0,3662360107.42188,3765800048.82813,864009998.258203,
08550103000845,73650001.5258789,85110000.6103516,97520004.2724609,101970001.22070299,112889999.38964799,98290000.9155273,101440002.441406,85180000.3051758,84849998.4741211,92050003.0517578,129639999.389648,159589996.33789098,223699996.94824198,202809997.55859402,247050003.05175802,277850006.10351604,225960006.71386698,271209991.455078,329570007.324219,361480010.986328,350440002.441406,408520019.53125,356399993.89648396,359630004.88281304,369160003.66210896,461470001.220703,452459991.455078,432080017.089844,576169982.910156,168789998.51085243,
08560103000846,712049987.792969,891029968.261719,964270019.53125,994650024.414063,971239990.234375,1002100036.62109,1034479980.46875,960229980.46875,969669982.910156,1186890014.64844,1509770019.53125,1575479980.46875,2039699951.17188,2161639892.57813,2889189941.40625,3078010009.76563,3163610107.42188,3352869873.04688,3561250000.0,3522250000.0,4315859863.28125,3889020019.53125,3306770019.53125,3451199951.17188,3127629882.8125,3221149902.34375,3300300048.82813,3044459960.9375,3395449951.17188,1951829983.9310346,
08570100000847,,,,,,,,,,,,,47959999.0844727,121869995.11718799,155789993.28613302,83970001.2207031,92029998.7792969,96809997.55859381,90659996.0327148,111529998.77929701,127069999.69482401,82290000.9155273,100120002.746582,148990005.493164,222110000.61035198,238020004.272461,207570007.32421902,207720001.220703,283809997.558594,447179992.75215024,
08580103000848,178210006.71386698,210089996.33789098,165339996.33789098,157419998.168945,163410003.66210902,176419998.168945,207459991.455078,179149993.89648402,184050003.05175802,187039993.28613302,182850006.10351598,873769958.496094,218199996.94824198,211179992.67578098,270019989.013672,373290008.544922,276480010.986328,395920013.42773396,477040008.544922,397190002.441406,302630004.88281304,246169998.168945,146070007.32421902,124580001.831055,114269996.64306599,131529998.779297,116989997.86377,166649993.89648402,154800003.05175802,97120002.02015042,
08590100000849,,,,,,,,,,,,,31430000.3051758,24750000.0,27600000.3814697,40819999.6948242,19829999.9237061,19940000.5340576,21430000.3051758,18950000.762939498,16180000.3051758,16379999.160766602,17200000.762939498,25690000.5340576,35369998.9318848,32340000.152587898,21510000.2288818,37299999.237060495,36569999.6948242,27119999.90418553,
08600100000850,,,,,,,,,,,,,14229999.5422363,17559999.4659424,21420000.0762939,29290000.915527303,25250000.0,22319999.6948242,19000000.0,19079999.9237061,20630001.068115197,20219999.3133545,25110000.6103516,27809999.4659424,24909999.8474121,29289999.0081787,31010000.2288818,30180000.3051758,46080001.8310547,52550000.97118314,
08610103000851,929040039.0625,853049987.792969,808160034.179688,882830017.089844,784349975.585938,839690002.441406,826260009.765625,703960021.972656,1152390014.64844,993299987.792969,1120930053.71094,1411690063.47656,1868369995.11719,2082080078.125,3323060058.59375,4786129882.8125,4458689941.40625,3989290039.0625,2281250000.0,984000000.0,947789978.027344,463369995.11718804,358420013.42773396,2536959960.9375,641150024.414063,643630004.882813,733239990.234375,685299987.792969,1163250000.0,596350001.2140721,
08620103000852,1361050048.82813,1450819946.28906,1286250000.0,1522650024.41406,1306809936.52344,1145190063.47656,1239609985.35156,1359150024.41406,1317670043.94531,1370790039.0625,1884739990.23438,2195419921.875,2255399902.34375,2851879882.8125,2931389892.57813,3141300048.82813,3008770019.53125,2929060058.59375,3651020019.53125,3637790039.0625,3917889892.57813,4343080078.125,4827589843.75,3451170166.01563,3826229980.46875,3834090087.89063,3457600097.65625,3505810058.59375,3850979980.46875,1825589997.5206702,
08630103000853,708789978.027344,817179992.675781,866770019.53125,797979980.46875,650169982.910156,705309997.558594,781940002.441406,684760009.765625,698849975.585938,821849975.585938,1010690002.44141,1251689941.40625,1404930053.71094,1253839965.82031,1263119995.11719,1549930053.71094,1750450073.24219,1712260009.76563,2370600097.65625,2453580078.125,2505550048.82813,2778419921.875,2726429931.64063,2772540039.0625,2338270019.53125,2329020019.53125,2349530029.29688,2804679931.64063,2903020019.53125,1580169996.4851143,
08640103000854,48682170310.97414,52200949619.293205,53308431041.717545,49586890691.7572,42881829952.240005,47049979454.04051,50236560150.14649,47794859497.07033,46468780036.926285,52103700225.830086,62992510253.906265,70909739974.97559,91478509388.42632,86863750427.07289,84513949765.44382,99363028423.27023,96464590572.31064,102358419617.09413,111691642938.31961,105368088387.74635,108901448580.1384,110991250131.34445,107506059143.9959,119660458686.95715,121241900693.12605,121466599791.95148,117751700241.28447,134081989273.68225,148330271742.41656,102512719900.53171,
08650103000855,1597420043.94531,1850390014.64844,1825300048.82813,1908150024.41406,2102600097.65625,2237500000.0,2331629882.8125,2780419921.875,2679239990.23438,3586830078.125,3903610107.42188,5418040039.0625,8156379882.8125,8725240234.375,5586370117.1875,7304549804.6875,7370229980.46875,7990700195.3125,8450950195.3125,8645549804.6875,10494769531.25,11217379882.8125,11703969726.5625,11432919921.875,11204860351.5625,12130149414.0625,13177299804.6875,12118700195.3125,9743049804.6875,2826419997.9677796,
08660103000856,8938000000.0,9616000000.0,6877000000.0,8530000000.0,7453000000.0,8696679687.5,10290030273.4375,9755209960.9375,9468049804.6875,12774810546.875,15892169921.875,17650419921.875,25529029296.875,21118160156.25,18873519531.25,23426109375.0,25137070312.5,25884669921.875,27256460937.5,25371619140.625,26298320312.5,27436560546.875,26563128906.25,28458939453.125,29919121093.75,29854939453.125,28770839843.75,29319839843.75,37859031250.0,29466009818.725296,
08670105000857,,,,,,,,,,,,,,,,,,,,,,,,,,,,,,,
08680105000858,,,,,,,,,,,,,,,,,,,,,,,,,,,,,,,
08690105000859,,,,,,,,,,,,,,,,,,,,,,,,,,,,,,,
08700105000860,,,,,,,,,,,,,,,,,,,,,,,,,,,,,,,
08770105000861,,,,,,,,,,,,,,,,,,,,,,,,,,,,,,,
08710105000862,,,,,,,,,,,,,,,,,,,,,,,,,,,,,11767576000.0,16168233000.0,
08720105000863,,,,,,,,,,,,,,,,,,,,,,,,,,,,,8689459000.0,11576141000.0,
08730105000864,,,,,,,,,,,,,,,,,,,,,,,,,,,,,,,
08740105000865,,,,,,,,,,,,,,,,,,,,,,,,,,,,,,,
08780105000866,,,,,,,,,,,,,,,,,,,,,,,,,,,,,,,
08790105000867,,,,,,,,,,,,,,,,,,,,,,,,,,,,,,,
08750105000868,,,,,,,,,,,,,,,,,,,,,,,,,,,,,,,
08760105000869,,,,,,,,,,,,,,,,,,,,,,,,,,,,,,,
08800105000870,,,,,,,,,,,,,,,,,,,,,,,,,,,,,,,
08810105000871,,,,,,,,,,,,,,,,,,,,,,,,,,,,,,,
08820100000872,,,,,,,,,,,,,,,,,,,,4.965517923517229,3.4881588268034935,3.2592945090068333,3.3265517584348476,3.542434149379711,3.136678114251813,3.7467921477755524,3.60393371998719,13.149871573823978,5.171755498148506,3.9707355916981943,
08830105000873,,,,,,,,,,,,,,,,,,,,,,,,,,,,,,,
08840100000874,,,,,,,,,,,,,64.43939,64.92183,65.81821,65.8307,65.69045,65.87157,66.77406,66.89536,67.32716,68.20044,69.27181,70.12492,69.87339,69.90675,,,,,
08850100000875,,,,,,,,,,,,,64.18481,64.69375,65.64318,65.65675,65.49645,65.51783,66.34296,66.46719,66.90688,67.75053,68.79702,69.63442,69.46187,69.47618,,,,,
08860100000876,,,,,,,,,,,,,,65.13577,65.9823,65.9946,65.87284,66.20433,67.17908,67.29769,67.72314,68.62365,69.71645,70.58589,70.26155,70.31409,,,,,
08870100000877,,0.7603375014843149,1.0685701606049705,1.0750122933172956,0.9747187659643419,1.0043359682555149,1.04393906443551,0.7213512122605448,1.321475929294759,1.443031981849666,1.5356803843928413,1.4522253652325974,1.4847636868887049,1.449104000493721,1.5248798387442104,1.7542757046499833,1.6918242537325892,1.72141252903368,1.6824413616423675,1.524798355717742,1.2839804555217096,1.3524720915508692,1.2630155761772777,1.3821224233117861,,,,,,,
08880105000878,,,,,,,,,,,,,,,,,,,,,,,,,,,,,,,
08890100000879,,-3.0083697883958624,-2.7892781874821977,-2.1931623862671086,-1.2834597599315591,-1.6559693766712962,-0.8583724793632089,0.11401995067141989,-0.921845571876873,-2.322821155679074,-2.9626946162491894,-2.409660138624198,-1.8200684997373247,-1.0486744948177662,-0.8641846145756846,-2.6019631479386054,-6.5497145343176975,-5.5207185206455325,-4.588396721881961,-4.06291694862346,-2.9874418105644396,-2.8908276713430077,-2.8448922809708304,-2.794137893125791,-2.2734216805041365,-2.3489599507242227,-2.640297462671802,-9.412542725122128,-6.874645384663051,-3.4790404268679596,
08900105000880,,,,,,,,,,,,,,,,,,,,,,,,,,,,,,,
08910101000881,0.0,0.0,0.0,0.0,0.0,0.0,0.0,0.0,0.0,0.0,0.0,0.0,0.0,0.0,0.0,0.0,0.0,0.0,0.0,0.0,0.0,0.0,0.0,0.0,0.0,0.0,0.0,0.0,0.0,0.0,0.0
08210100000882,,,,,,,,,,,,,,,,,,,,,,,,,,,,,,,
08220105000883,,,,,,,,,,,,,,,,,,,,,,,,,,,,,,,
08230100000884,,,,,,,,,,,,,,,,,,,,,,,,,,,,,,,
08240105000885,,,,,,,,,,,,,,,,,,,,,,,,,,,,,,,
08250105000886,,,,,,,,,,,,,,,,,,,,,,,,,,,,,,,
08270100000887,,,,,,,,,,,,,,,,,,,,,,,,,,,,,,,
08260100000888,0.2120216484867115,0.2113524544041329,0.18606904026189502,0.17293971032933333,0.15071664398275159,0.15922715102135743,0.15796348762282786,0.14339830108060808,0.15084426128607653,0.17370810273933504,0.17923488232916004,0.1781061517711002,0.22409336644201477,0.20344026381744723,0.16920920570102316,0.18614307408109843,0.1891040336504211,0.19356872348112586,0.1885695647383054,0.17641182517035164,0.19446353306701702,0.20189085514827118,0.194404980852084,0.20724371270815992,0.20191366615540463,0.19283771495379118,0.18499530406898257,0.22602223533079105,0.20742645909019417,0.2404992106485847,
08280100000889,0.8727916774444001,0.8572599102788236,0.7504176135824673,0.7034192150561238,0.6175854437165315,0.6618720815788871,0.6558100386791731,0.5887751434756056,0.6398304866978478,0.7558357375493642,0.7733325836462721,0.7459943069544579,0.9231444612870038,0.8198319209129455,0.6656017287315169,0.7284574103025341,0.8058211389366869,0.7861334165660766,0.7444559071323261,0.693799677913835,0.7600479064298064,0.7825479207837917,0.7506923238080072,0.8081047975482363,0.7742170192824454,0.7231868161380849,0.69514378416568,0.8502953330159047,0.7627892248508462,0.8729047337474776,
08290100000890,0.9649163862520981,0.9470989263155662,0.7784993931731619,0.7007520904134318,0.5937829550400123,0.624900797209461,0.6114660084701192,0.5103085987365575,0.55567078089221,0.644968683800649,0.6398282456507617,0.5865487045798361,0.6904613438423389,0.5832073955919409,0.458743016399525,0.4921431801870753,0.6063744948785612,0.5802268130999101,0.5331183155925403,0.5078645455499156,0.5577807255971888,0.5847869688454881,0.5912691663837064,0.6505739727364349,0.6110345145960445,0.5591246458356876,0.5504178262866842,0.7314656776579443,0.6193246216088751,0.6605628256749553,
08300104000891,9.853868662299094,10.405126094634783,10.036559903832575,9.400222170645527,8.057806673649402,8.388894728939944,8.514755853144555,7.9017351687191155,8.15347053121412,9.599470096601076,10.955893533484199,12.118340924929054,16.29336058031603,15.855183619713788,14.603504615019789,17.340620961844717,16.521539884004248,18.349835292501016,19.649311575791,18.598304146128175,20.77766080144671,21.964154738387442,19.693231460691944,21.059637026626742,21.633840172051183,21.711407294617825,20.92921564116639,24.56369099320378,25.550010567826266,30.477863047077353,
08920100000892,9387870117.1875,10554769531.25,11607149414.0625,8089439941.40625,9110940429.6875,11249099609.375,12593469726.5625,13253179687.5,10642490234.375,10184530273.4375,9950919921.875,10914259765.625,,,,,,,,,,,,,,,,,,,
08930100000893,5990109863.28125,6873610351.5625,8741209960.9375,5670169921.875,5866200195.3125,7273089843.75,7991819824.21875,7770339843.75,6172500000.0,6395529785.15625,7105270019.53125,8729570312.5,,,,,,,,,,,,,,,,,,,
08940104000894,82760242675.78125,86941203125.0,78479613281.25,75330570312.5,72681269531.25,79154901367.1875,80049930664.0625,80600627929.6875,85979541992.1875,96348806640.625,98311612304.6875,102379882812.5,123126835937.5,117631781250.0,109914671875.0,122505281250.0,126218843750.0,129179695312.5,132120984375.0,129078492187.5,144090296875.0,153436156250.0,155085421875.0,168054343750.0,171318375000.0,167409671875.0,166353843750.0,193242437500.0,190067796875.0,,
08950104000895,58354511230.46875,63837891113.28125,64564561035.15625,59139818847.65625,52725277832.03125,56677519531.25,58125300292.96875,55272089355.46875,56519789550.78125,66192429687.5,76596152832.03125,86919079101.5625,107045023437.5,105507023437.5,106628515625.0,124654601562.5,124400054687.5,128403171875.0,139265859375.0,133352765625.0,150954843750.0,161302390625.0,146601921875.0,158584515625.0,164784265625.0,167107515625.0,162827437500.0,193242437500.0,202111656250.0,,
08960104000896,82071281250.0,84099500000.0,73801132812.5,73511992187.5,69155140625.0,73804531250.0,74495343750.0,73860187500.0,81289687500.0,93429968750.0,95480429687.5,98530476562.5,130377539062.5,124899656250.0,108132070312.5,123836914062.5,123513351562.5,137595468750.0,140661234375.0,137681109375.0,153291156250.0,163680968750.0,165189281250.0,178798296875.0,181929953125.0,178157015625.0,176829703125.0,204686796875.0,202386343750.0,251613234375.0,
08970104000897,54834597656.25,58797839843.75,57574781250.0,54733871093.75,47609281250.0,50283371093.75,51756128906.25,48689582031.25,50919320312.5,60740902343.75,70223601562.5,78679867187.5,107139343750.0,105591101562.5,98488539062.5,118438679687.5,114265101562.5,128461164062.5,139238984375.0,133458015625.0,150956250000.0,161522437500.0,146546625000.0,158547968750.0,164722515625.0,167101734375.0,162764250000.0,192975765625.0,202386343750.0,243517562500.0,
08980100000898,,,,,,,,,,,,,,,,,,,,,,,,,418208680.2721024,494304922.69992805,531669986.3672256,716066002.0112985,513560001.31368625,734648998.8565444,
08990100000899,,,,,,,,,,,,,,,,,,,,,450301513.671875,0.0,0.0,0.0,436115753.173828,396862548.828125,454989959.716797,422576446.533203,426751953.125,46879751.575761475,
09000100000900,,,,,,,,,,,,,,73269996.6430664,72209999.0844727,75430000.3051758,64569999.694824204,87629997.253418,70050003.0517578,68529998.7792969,79690002.44140631,73769996.6430664,63281642.913818404,71246322.6318359,76340980.5297852,89139480.5908203,82481208.8012695,66658584.59472661,71990608.215332,48998166.31898284,
09010103000901,80830001.8310547,72150001.5258789,87580001.8310547,152800003.05175802,115610000.61035201,114180000.30517599,144740005.493164,151740005.493164,172449996.94824198,144750000.0,151199996.94824198,156759994.506836,199889999.38964802,236349990.84472698,326549987.792969,367489990.234375,233119995.117188,295440002.441406,393519989.013672,476600006.10351604,461109985.35156304,386940002.441406,399893402.09960896,509433715.82031304,548159057.617188,519244018.554688,603981933.59375,486684783.935547,377582000.732422,497091563.97357607,
09020100000902,,,,,,,,,,,,,,,,,,,,237757629.39453098,297992431.640625,222564880.37109402,285366302.49023396,239386459.350586,269315093.99414104,226088897.705078,279876983.642578,214529953.00293,253263076.78222698,100917711.74781023,
09030100000903,,,,,,,,,,,,,,,,,,,,,,,,,,,,,55414090.01871944,47572260.87554592,
09040100000904,,,,,,,,,,,,,,,,,,,,,,,,,,,,,75953599.75192694,22756432.269015923,
09050100000905,,,,,,,,,,,,,122790000.915527,180510009.765625,192770004.272461,208759994.506836,240660003.66210902,245429992.67578098,262169982.910156,239559417.72460902,243941253.66210902,236318145.751953,239059646.606445,185433914.18457,165007369.99511698,189397781.37207,130260498.046875,128955642.700195,88201713.5620117,5549469.045479784,
09060100000906,,,,,,,,,,,,,,,,,,,,,,,,,,,,1756922.1637677406,1900992.6209400878,2132828.1734604384,
09070100000907,,,,,,,,,,,,,,,,,,,,,,,,,,,,,21298030.148318507,-813483.7559773587,
09080100000908,,,,,,,,,,,,,,,,,,,,,,,,,,,,184637.61359453178,,,
09090103000909,685570007.324219,556859985.351563,506739990.234375,558799987.792969,673179992.675781,608239990.234375,515760009.765625,395389984.13085896,286820007.324219,277510009.765625,301440002.441406,388380004.88281304,398320007.324219,436040008.544922,438820007.324219,494910003.66210896,629880004.882813,601450012.207031,488920013.42773396,483063873.29101604,465180389.404297,458728027.34375,420004882.8125,376907775.878906,346383636.47460896,301416564.941406,370871002.19726604,398135559.082031,403600738.52539104,392495969.09806126,
09100100000910,,,,,,,,,,,,,,,,10799999.2370605,12860000.6103516,11890000.3433228,12489999.7711182,12282299.9954224,14292776.1077881,13978610.0387573,13579162.5976563,13970700.263977101,14342929.8400879,0.0,0.0,0.0,0.0,,
09110100000911,,,,,,,,,,,,,,,,,,,,,,,125175331.115723,79252265.9301758,0.0,0.0,0.0,0.0,0.0,,
09120103000912,134089996.337891,201190002.44140598,229570007.32421902,215520004.272461,217440002.44140598,215500000.0,186839996.33789098,133830001.831055,312989990.234375,311809997.558594,272220001.220703,196000000.0,200380004.882813,211279998.779297,214970001.220703,272179992.675781,345209991.455078,312450012.207031,312579986.57226604,331134063.720703,352390686.035156,338140289.30664104,312704284.667969,257516052.246094,214686401.367188,210963455.200195,402001281.738281,421682647.705078,328230041.503906,315514371.663332,
09130103000913,1266020019.53125,1058900024.41406,898590026.855469,297950012.207031,282510009.765625,252220001.220703,268609985.35156304,513729980.46875,567770019.53125,653380004.882813,552659973.144531,366019989.013672,224350006.10351598,184070007.32421902,257309997.558594,277700012.207031,299380004.88281304,391339996.33789104,438390014.64843804,420873596.191406,417428100.58593804,480081878.66210896,457315216.064453,499819000.24414104,518199584.960938,477078735.35156304,667981262.207031,622845947.265625,594396362.304688,294097200.1552581,
09140103000914,802590026.855469,799590026.855469,802409973.144531,680369995.117188,519539978.027344,487679992.675781,567720031.738281,579020019.53125,604469970.703125,570720031.738281,633340026.855469,654390014.648438,709859985.351563,733669982.910156,976640014.648438,980200012.207031,1081449951.17188,1040530029.29688,1083989990.23438,1138795043.94531,1229191528.32031,1293458129.88281,1393309692.38281,1439318359.375,1515570434.57031,1490334838.86719,999101013.183594,964414978.027344,889997009.277344,803806003.3917428,
09150100000915,,,,,,,,,,,,,,,,,,,,,,,,,,,,,,,
09160100000916,,,,,,,,,,,,,,,,,,,,,,,,,,,,636380.3143385021,962804.6694797374,,
09170100000917,,,,,,,,,,,,,,,9550000.19073486,33479999.5422363,42639999.3896484,50939998.626709,61849998.4741211,60259265.8996582,42726802.8259277,64414100.6469727,70770011.9018555,46580661.773681596,54115867.6147461,118988319.396973,146940444.946289,175586746.21582,193830856.32324198,172782602.94301435,
09180100000918,299329986.57226604,329209991.455078,348390014.64843804,236779998.779297,263519989.013672,298000000.0,286000000.0,300779998.779297,359369995.11718804,392200012.207031,430059997.558594,448779998.779297,350109985.35156304,371809997.558594,388440002.441406,473190002.441406,472830017.089844,544969970.703125,607940002.441406,667344238.28125,538640380.859375,680100341.796875,771379455.566406,716534057.617188,892903869.628906,759275695.800781,765022033.691406,774581970.214844,727358520.507813,851476039.8864746,
09190103000919,343410003.66210896,269720001.220703,561109985.351563,247919998.168945,439690002.441406,292250000.0,440540008.544922,465520019.53125,421040008.544922,476920013.42773396,515570007.324219,441329986.57226604,575909973.144531,368679992.675781,460510009.765625,644799987.792969,0.0,0.0,0.0,0.0,0.0,0.0,0.0,0.0,0.0,0.0,0.0,0.0,0.0,,
09200100000920,,,,,,,,,,,,,,,,,,,,,,,,,,,,,56482369.172328606,59798153.09413244,
09210100000921,,,,,,,,,,,,,,,,,,,,,,,,13001314.163208,12698455.8105469,9752625.46539307,8310646.05712891,8031026.840209959,13361281.3949585,,
09220103000922,1487689941.40625,1394089965.82031,1097770019.53125,371019989.013672,278679992.675781,269540008.544922,354200012.207031,356299987.792969,380910003.66210896,351630004.88281304,320160003.66210896,254169998.168945,554520019.53125,473480010.986328,232759994.506836,316309997.558594,290350006.10351604,243470001.220703,336910003.66210896,354400421.142578,363702789.30664104,308601837.158203,286385498.046875,306354675.292969,285558258.05664104,185668487.548828,304385192.871094,322012725.830078,343729583.74023396,353074785.62742454,
09230100000923,,,,,,,,,,,,,,,,,436790008.544922,366239990.234375,452260009.765625,397032653.808594,473714233.39843804,470973663.330078,663963012.695313,534356323.242188,528232421.875,518174011.230469,546575012.207031,273014617.919922,608591979.980469,192637623.82045388,
09240100000924,,,,,,,,,,,,,,,,,,,,,,,,,,,,4333180.010108664,2114121.999475173,1143077.9980146326,
09250105000925,,,,,,,,,,,,,,,,,,,,,,,,,,,,,,,
09260105000926,,,,,,,,,,,,,,,,,,,,,,,,,,,,,,,
09270105000927,,,,,,,,,,,,,,,,,,,,,,,,,,,,,,,
09280104000928,,,,,,,,,,,,,,,,,,,,,,,,,,,,,,,
09290105000929,,,,,,,,,,,,,,,,,,,,,,,,,,,,,,,
09300105000930,,,,,,,,,,,,,,,,,,,,,,,,,,,,,,,
09310105000931,,,,,,,,,,,,,,,,,,,,,,,,,,,,,,,
09320104000932,,,,,,,,,,,,,,,,,,,,,,,,,,,,,,,
09330105000933,,,,,,,,,,,,,,,,,,,,,,,,,,,,,,,
09340105000934,,,,,,,,,,,,,,,,,,,,,,,,,,,,,,,
09350100000935,,,,,,,,,,,,,,,,,,1.8614269738034264,1.8930326514267235,1.9581731464850287,2.106479168767587,2.7339294519036774,2.86886416174702,3.198871142787277,3.181133441405493,3.2454533961370107,3.3532315545362006,3.4110256140738184,,,
09360100000936,,,,,,,,,,,,,,,,,,,,,,,,,,,,,,,
09370100000937,,,,,,,,,,,,,,,,,,,,,,,,,,,,,,,
09380100000938,0.974102813974826,2.9688751363637897,6.255020284971664,8.981887872861178,7.386652839605823,7.806526300466304,8.309339685709498,7.752562827224427,7.779719290861083,8.88812093157434,10.776320010443218,14.368342919489173,15.743202342223183,17.903052552753124,20.662259601252256,19.278369519351006,19.306030506638407,20.808218068154588,24.114699039441067,25.859625484134472,27.578195133254912,27.585377343371285,28.38557645459251,29.388135761335423,29.83933847061282,30.705673816645955,32.463456472472075,33.497878932096185,36.24785972166123,37.32730161371117,
09390104000939,1876.90091363919,1908.92868874148,1963.30120372438,2016.86280047672,1981.7826254841,1993.51517780533,2012.57078476746,2003.9466401004,1995.27633108746,2004.71297935534,2039.27837941482,2095.04667738335,2119.08473329582,2157.81288212245,2201.06357200967,2177.03826501377,2176.53268156452,2209.59194295526,2263.63168692555,2280.26600543947,2313.38886412774,2312.10192353488,2328.38758642359,2352.64486556365,2362.41981774502,2375.47587969818,2407.12673883571,2411.74596788076,2440.72050126414,2460.55149309273,2486.91864843038
09400104000940,1289.8768073512,1305.5408675714,1338.1265336695,1372.4988081721,1341.1656070582,1364.2862039699,1383.5199879779,1382.1201032534,1382.9126777053,1403.3496208897,1421.2213684185,1458.107258108,1465.8477654576,1495.7409305933,1516.4042387505,1511.1849162383,1548.1803408819,1554.8510760105,1592.757421086,1604.7671215247,1630.4964997681,1623.8733334291,1639.4004517749,1657.2316100145,1656.2839203034,1654.8420259176,1681.5975392688,1712.6665398436,1708.491047618,1722.2397446574,1733.742662854
09410104000941,66.253393333695,66.722706390891,68.871645297177,67.014301635803,70.031724232696,69.567665899312,70.263591914615,65.522555883604,65.21094519608,64.827568249849,65.526959972036,67.899600892837,69.503682857595,70.009256822329,69.193818220386,69.321127501912,67.785047464351,69.399011950327,69.020954263171,68.357007591047,68.65376741766,68.861074837547,67.796119310809,67.00487508621,67.871469813813,68.006143967643,67.485973705224,66.081942603491,67.915327905093,68.264704746287,69.216305293922
09420104000942,4.1745602702746,4.4040955681877,4.4934773081695,4.5893834308869,4.7060264300732,4.7309893868855,4.6553638581423,4.7549466550695,4.9691310621445,5.0028489088455,5.4794513216447,5.5392395977156,5.795606936519,5.8665155878821,6.3345239624678,6.6103959520446,6.6643744828859,7.0587238313859,8.0355717722984,8.3306822432829,8.5057477930327,8.1291605230174,8.1486005516578,7.8774440773674,7.8495324175942,7.9581055671978,8.1267544644202,7.6399599658278,7.8450320620935,7.8022587892307,8.0183711932737
09430104000943,14.34322698157,14.728745430458,15.427411641122,15.366540743309,15.56878900834,15.885260242426,16.241400738408,16.285500505723,16.211493539595,16.2852287026,17.315077090016,19.216650672955,20.973052186151,22.102703028663,22.912563199643,23.341470850232,23.403040837552,25.161835630861,25.769492898808,26.018651562916,26.236427322077,26.293519479048,25.972492557219,25.482275487393,25.123604691859,25.020218105041,24.786832237839,24.770081038876,25.005835831015,25.176726236741,25.652820742442
09440104000944,327.87664789307,335.02876235733,345.87848177799,356.15201186612,340.65709744256,316.32137101228,305.06439253281,309.26351273673,299.70733029842,287.41130830646,292.6726830996,298.93618678783,307.32520618603,305.74902239078,316.46155151072,294.88370253621,261.33239766446,271.13476769198,275.64686680857,273.21482941612,273.43908379533,273.41981539607,271.34671066832,271.19452584958,273.21690578964,276.95414673961,276.56387760464,265.66075301111,276.41538547342,274.57700620935,277.87606777281
09450104000945,44.181884573286,46.792522696549,49.149510409916,52.571332640973,54.159634064734,58.741789682321,59.793118230223,67.685452334462,65.182235955997,62.406889770222,66.593716611078,68.52015221849,70.987100589571,73.842056398491,79.39608070829,78.066154601469,78.425125331999,84.876799774714,91.627897313171,95.772273339071,99.801761944428,101.88901444465,102.26768738856,106.67081010177,110.20332245093,117.09767739277,119.78914606587,115.82486938947,127.51599704436,128.62941170329,132.44916751665
09460104000946,57.289090725139,60.586198652704,64.429929775227,69.725175479003,75.030859602539,81.583390868734,89.083017544989,73.618238888156,75.045532072976,78.237394876794,81.451740785008,86.407241660136,86.938272395393,90.674937953159,94.249892249546,95.630669730914,90.675312840361,95.020315346038,96.376030021082,97.597352079264,97.850521826513,99.421617223437,101.04622613416,102.44887676757,105.031231865,106.86242438596,108.51665341729,97.037530663097,103.75021525873,108.21399282714,112.40752033571
09470104000947,72.905302510959,75.124790073964,76.924213845278,78.945246508527,80.462887644953,82.398506743472,83.94991197037,84.696329843254,86.036985256948,87.192119650872,89.017382116933,90.420347445388,91.714046686965,93.827459347843,96.110903408115,97.999827602689,100.06704206101,102.08941271945,104.39745276245,106.20808768307,108.4050542606,110.21438820201,112.40929803796,114.73444817926,116.83983041278,118.73513762236,120.25996207163,122.06429136529,123.78166007143,125.64764792329,127.55573272157
09480101000948,511285.0,549879.0,507106.0,505275.0,502609.0,500050.0,492702.0,484962.0,477529.0,468635.0,461719.0,464571.0,449602.0,434137.0,426449.0,433821.0,410601.0,410703.0,396143.0,389726.0,384505.0,378204.0,373719.0,367101.0,363167.0,359814.0,355398.0,351494.0,348868.0,346065.0,
09490101000949,780795.0,874713.0,771933.0,770560.0,767799.0,766652.0,764936.0,756674.0,752585.0,748448.0,743604.0,746712.0,733455.0,719223.0,707957.0,702388.0,679936.0,671586.0,651679.0,643209.0,634015.0,625744.0,621968.0,613132.0,605661.0,597453.0,584582.0,573865.0,566561.0,564252.0,
09500101000950,909849.0,1058204.0,909198.0,904068.0,896759.0,895850.0,903330.0,899515.0,903551.0,907678.0,908289.0,914846.0,901763.0,891079.0,883622.0,881968.0,863830.0,858818.0,839696.0,830089.0,811511.0,791070.0,777534.0,759685.0,748366.0,741164.0,730512.0,726282.0,728014.0,742007.0,
09510101000951,1072859.0,1086199.0,1028292.0,1002196.0,971864.0,942132.0,903133.0,868085.0,838440.0,811609.0,786974.0,782828.0,748839.0,718051.0,696971.0,702458.0,654851.0,642516.0,613080.0,595200.0,579725.0,562537.0,549397.0,533564.0,521983.0,510890.0,496892.0,483914.0,473644.0,463006.0,
09520101000952,8199194.0,8059810.0,7882560.0,7702313.0,7508147.0,7312225.0,7116391.0,6950703.0,6776585.0,6575223.0,6356099.0,6171622.0,5970081.0,5788775.0,5630039.0,5495913.0,5342796.0,5204241.0,5054539.0,4927108.0,4789825.0,4641785.0,4502563.0,4384107.0,4260488.0,4136699.0,4014557.0,3893719.0,3788127.0,3697047.0,
09530100000953,,,,,,,,447000.0,440000.0,425000.0,411000.0,405000.0,395000.0,377000.0,374000.0,371000.0,364000.0,352000.0,343000.0,333000.0,328000.0,321000.0,313000.0,309000.0,304000.0,301000.0,297000.0,287000.0,,,
09540101000954,4773270.0,4684615.0,4593597.0,4483047.0,4374642.0,4264867.0,4164970.0,4095291.0,3985522.0,3867042.0,3742301.0,3639943.0,3532785.0,3440922.0,3369878.0,3296204.0,3226584.0,3150573.0,3077015.0,3013597.0,2932564.0,2847106.0,2774696.0,2715417.0,2641963.0,2573463.0,2497174.0,2420360.0,2360922.0,2307147.0,
09550100000955,,,,,,,,,,,,,,,,,,,,,,,,,,,,,,,
09560101000956,11919451.0,11712802.0,11406664.0,11119407.0,10818979.0,10515692.0,10198246.0,9909921.0,9612723.0,9290543.0,8941003.0,8664717.0,8331577.0,8043121.0,7779847.0,7566748.0,7298979.0,7082406.0,6848570.0,6656920.0,6453366.0,6244394.0,6049534.0,5869293.0,5695681.0,5523940.0,5350031.0,5179349.0,5027244.0,4891204.0,
09570100000957,,,,,,,,,,,,,,,,,,,,,,,,,,,,,,,2.2357142857142858
09580105000958,,,,,,,,3.1196576261932103,,,,,,,,,,3.464170821508703,,,,,,,,,,,3.697130699792422,,
09590104000959,,,,,,,,,,,,,,,,,,,,,,,,,,,,,,,
09600100000960,0.9992527970200121,0.8896810911175546,0.8909460087862654,1.130171276373846,0.9931093871148062,0.5377814628431387,0.8331742559747778,1.5590513035408553,1.1739875313017276,1.1540797442245765,1.2467693786288094,1.5747939609721973,2.1722689390112073,2.376861576870815,2.280874599965278,2.969762055508516,1.651540515106843,2.040846240304739,2.78350930541461,2.654245003623215,2.4262915332547075,2.1430041720649826,0.9801300726587865,0.8225925652559862,1.092571519172669,1.5507833142748744,1.3199543563922398,0.6970022877356384,1.3301962739325741,,
09610100000961,3.9580166576117293,2.8993318054462853,3.3318441752173413,3.2291779220988124,3.2943642557936035,3.2403445941352813,3.115772702538485,3.0381990912109704,2.978099687259125,2.7905552624016083,2.8064558247959535,3.2130415988106806,3.417112515693114,4.1107085751782995,4.272491131241135,3.990063910578227,3.4921240698615335,4.25857489647919,4.43387504381882,4.029681657976215,3.8621640456493616,3.8681204277098242,3.7186189499790037,3.5394677909654315,3.73147077812761,3.755348910664689,3.7752572221885705,4.27824589896362,4.844161095298046,4.213763602094084,4.034647941997012
09620100000962,3.344793901989085,3.3707925485633052,3.702264013075801,3.337547697361741,3.4246071591031466,3.362165463660356,3.175460336994358,3.3471591701355266,3.2613115617007407,3.0294129505684726,3.038334707619733,3.590840739740591,3.8164928534332745,4.586845247190489,4.959831851146684,4.824759974143914,4.158695194896042,4.767207262945922,5.044750602799111,4.526913728091039,4.282954053726606,4.147819137434431,3.883015476470072,3.696557036178638,4.112203205583576,4.124739483803757,4.141918584754176,4.537523293416244,5.291251640845566,4.7375056872153305,4.480988517298492
09630100000963,,,,,,,,,,,5.875981388781409,6.859882082323235,5.877870078681277,6.200023827425877,6.635679599501427,6.316206758901949,6.389404854238294,6.507623876706015,6.0643877430501965,6.056938601466535,5.966063986892468,6.019166478230428,5.929209153661583,5.796960583958571,5.669258378593379,6.107270420743015,5.716211728350273,6.001869944825865,6.096211009368342,7.690613373124297,
09640105000964,,,,,,,,,,,,,,,,,,,,,,,,,,,,,,,
09650100000965,,,,,,,,,,,,,,,,,,,,,,,,,,,,,,,
09660100000966,,,,,,,,,,,1.1360629024126367,1.7702912201871464,2.0008553018197706,1.9748789346246975,1.3585012079040117,1.106682125800109,1.2239902080783354,1.2068195223742801,1.2379339417242976,1.0202413484643853,0.98526575801884,0.8060240953849289,1.0134570103520746,1.0979453415426004,1.108804719137084,1.0042789189454489,0.9443506869132466,0.9588220695502083,0.9012385718392961,0.7166669757359002,
09670105000967,,,,,,,,,,,,,,,,,,,,,,,,,,,,,,,
09680100000968,,,,,,,,,,,,,17.522699386503067,17.350898203592813,17.02117647058823,16.449122807017545,16.131395348837213,15.306395348837208,12.459195402298848,11.951123595505619,9.545502645502648,8.233333333333333,8.196296296296298,7.867724867724871,8.040211640211645,8.04526315789474,8.091578947368424,,,,
09690100000969,,,,,,,,19.19743330909378,18.792715050727438,18.49203581884892,18.51016843849257,18.49451653408672,18.635266423171633,18.7988304917321,18.79529905199827,18.853308343041622,18.281809993473544,18.46845745159232,18.55460465117008,18.759852433264253,18.944476907730547,18.62287390768834,18.338838128106964,18.12118675971264,18.028459643908707,18.07848560458206,17.95854864401558,16.376926588765276,17.047652182174527,,
09700100000970,,,,,,,,91.27119932125942,91.67405003063257,95.84124715344062,107.80261310499436,118.40023996901478,126.56405452715148,135.42629957255005,148.07116226984792,161.02149477466733,157.97625760921173,166.40924352799257,181.00268277405814,184.679433595294,189.13525938684901,190.4059846415728,179.9496205825577,181.88635713106552,187.63492158033452,195.98577720639022,197.99600983267632,192.75781747732722,215.2650018661309,,
09710100000971,,,,,,,,142.83151138078523,151.66927140231638,158.91113189965918,169.7133363338753,178.11289111831604,189.49301090885967,201.02948304016326,208.8731948586379,217.62139497394773,226.0720644266604,229.720644595002,237.22797551168094,249.32438494076357,262.7432922410981,265.6817101176509,271.79477750483744,281.5636031844553,284.34465095293416,295.40514203296624,306.8770525863185,303.78154904194326,327.8887280943284,,
09720100000972,,,,,,,,,,,,,,,,,,,,,,,,,,,,,,,
09730100000973,,,,,,,,,,,,,,,,,,,,,,,,,,,,,,,
09740100000974,,,,,,,,,,,,,,,,,,,,,,,,,,,,,,,
09910100000975,,,,,,,,,,,,,,,,,,,,,,,,,,,,,,,
09920100000976,,,,,,,,,,,,,,,,,,,,,,,,,,,,,,,
09930100000977,,,,,,,,,,,,,,,,,,,,,,,,,,,,,,,
09940105000978,294100.0,305800.0,345000.0,380800.0,426100.0,458500.0,477200.0,502700.0,560400.0,555000.0,559100.0,601600.0,664400.0,716500.0,749700.0,767800.0,709500.0,760500.0,793000.0,836800.0,855400.0,880700.0,913700.0,909900.0,917600.0,946300.0,993600.0,970400.0,1015900.0,,
09950105000979,649200.0,637000.0,702900.0,707700.0,737100.0,756400.0,791400.0,874800.0,896400.0,888900.0,924800.0,966600.0,1038800.0,1075200.0,1125000.0,1162200.0,1146400.0,1236900.0,1365200.0,1519700.0,1708700.0,1799200.0,1972500.0,2215100.0,2251400.0,2386300.0,2239200.0,2311500.0,2385200.0,,
09960100000980,,,,,,,,21.74432419054314,20.99399608308476,20.205383334454886,19.48129553776815,18.7500719591881,18.000071247223065,17.151642163322947,16.40029981692986,15.624194966940172,14.865135346870543,14.11091968893891,13.437703026423474,12.67381913305843,11.909206802728445,11.141417792434803,10.42497402814626,9.655027987302715,9.011147665417795,8.231213314732052,7.4761332974508665,6.748172943849445,5.974608495564282,5.355241643865967,
09970100000981,,,,,,,,36.794343561764855,35.794749191402865,34.738299322708635,33.75326136571259,32.74822720677685,31.701713920174228,30.598936130478958,29.50973336060639,28.39021538647064,27.255601868185813,26.108728048331624,25.059572141962704,23.852218058338376,22.63366032316672,21.392458773768446,20.14804918670274,18.874061672585654,17.709786505049536,16.372768990815707,15.060556365494731,13.775797487064324,12.409332018664418,11.289732897950014,
09980100000982,,,,,,,,5.010077753366872,4.8244215870478335,4.635155099712614,4.465098160076515,4.289972966116159,4.108709835429067,3.924233050626137,3.7377740669164177,3.549578529254985,3.360478779896678,3.1710744709479566,3.0001322636171124,2.8038269165407343,2.605474688113166,2.4047751428123063,2.2011261155974156,1.9963926887778596,1.7805307900269984,1.5744034970526102,1.3780414357656512,1.189817162372815,0.9845162898589188,0.8129342951823982,
09990100000983,,,,,,,,80.23659572405687,80.59075733001434,81.27866985509507,81.82049228103467,82.35599346933347,83.69527139440551,84.18798710182269,84.67485116332342,85.15018066409787,85.62085276592438,86.08296880923002,86.46590388358202,86.90893205635017,87.34807841338791,87.78180409478728,88.25667412053292,88.67850492687268,89.0554858147757,89.47393898616664,89.87246375241422,90.25863257471629,90.67070206996809,91.08411336956257,
10000100000984,,,,,,,,68.14474016667015,68.55168553634546,69.28459506330691,70.02093490608044,70.75779156161187,72.05339509279504,72.7686296786697,73.47830494716672,74.17763189019348,74.8788024949955,75.57451956542415,76.17454349360538,76.86183431587136,77.54412542215006,78.22033980420174,78.89602936363461,79.56067013345545,80.2455858023242,80.91319074430378,81.5660078530587,82.2154352022682,82.95972568325448,83.70159415125242,
10010100000985,,,,,,,,94.99605416180205,95.03711719839612,95.09936149166253,95.16392690553828,95.22394294345392,95.2540234370218,95.31523358629606,95.384433735268,95.44928110212632,95.51372651796758,95.57862195729729,95.62062416398662,95.69178523093693,95.76500555653884,95.84126686124154,95.94326414688425,96.02870538148649,96.12278680163118,96.22331318073876,96.30934740293985,96.3834076962188,96.44543424074442,96.5178131314362,
10020100000986,,,,,,,,55.31742814427946,56.182576277399264,57.399786738833456,58.554949721990866,59.71887302596859,60.90416586709336,62.098706263199894,63.3028731253796,64.51206925322772,65.71149765024079,66.89977664582841,67.99279322943794,69.17996046438687,70.36903446128271,71.55852140723648,72.74819691112495,73.92877006449118,74.97965637410668,76.09209181458685,77.17703287896741,78.23001071295792,79.50974707013415,80.504124352935,
10030100000987,,,,,,,,33.805776713700105,34.830275409028026,36.47357314438404,38.03804829619016,39.61422115471707,41.22282909467422,42.84912340458543,44.49502987290338,46.157776182379806,47.8240962132138,49.492805139549944,51.063642587642896,52.76724863283895,54.4710253154523,56.18618390718099,57.906489364050735,59.62651500258686,61.311873582308195,62.93674362227032,64.53807215244954,66.10190432241941,68.04117626042317,69.50705693468171,
10040100000988,,,,,,,,77.67676435048675,78.0088481216399,78.36775638275246,78.73011214948993,79.11697540529923,79.53328613114044,79.97235381455803,80.43821279107232,80.90917928757722,81.38543521807384,81.86582674721497,82.31993585888394,82.82401550253222,83.34152545083758,83.86805005039592,84.40735278247507,84.95334238304143,85.51612145491973,86.06075360659916,86.58991938318913,87.11767477337392,87.73353833190905,88.23853691744219,
10050100000989,,,,,,,,60.8162176831026,61.1302019260077,61.7982824778198,62.3632459808954,62.9655962252231,63.6558162754783,63.9526909896126,64.6339997463206,64.8797113462541,65.3973809218937,65.8975112136448,66.4265850190286,67.0540457233657,67.7178734289408,68.3814641373823,69.0584035569475,69.7237415262525,70.3804029108552,71.0242373830707,71.6562168228627,72.2536277992732,72.4917119778106,72.9271522792495,
10060100000990,,,,,,,,43.7108984684357,44.1017201391661,45.0915968390033,45.9697516576218,46.9170104717192,48.0137682459181,48.3388667506531,49.4321375267463,49.6710803390946,50.4827701717253,51.2837737431996,52.0727089087699,52.9895046280891,53.9577062035177,54.938250118521,55.9317786140341,56.9294026273061,57.939809068003,58.9428493800696,59.9499519507586,60.9334160006116,61.239045270466,62.1721433436109,
10070100000991,,,,,,,,80.4806568390325,80.3552543973319,80.2924812615399,80.1528557861115,80.0333270490589,79.9551532992099,79.8963739870244,79.8510583515439,79.7955195157589,79.7329700412194,79.6672669844848,79.7314586099004,79.8604121343515,80.0215979269359,80.1817529428987,80.367101439502,80.5438427781378,80.7098971738625,80.8745496603013,81.0307294372644,81.1630341523712,81.1972315764323,81.1065917916432,
10080100000992,,,,,,,,32.3468815436,32.7570929557027,33.2910311606828,34.1176340483877,35.2149315295347,36.2847646353269,37.3924653219779,38.5669361112867,39.7603193029902,40.9779221814675,42.2104006997795,43.4063790013671,44.6791234852617,45.9703546590735,47.2933649078687,48.6387734966571,49.9921045663142,51.3356162552735,52.6590649547255,53.9729038517188,54.8250597063568,55.8482463484433,56.6043718098939,
10090100000993,,,,,,,,17.3770561376588,17.8843866640508,18.6072266403592,19.3876097174536,20.6113756604862,21.7919351248148,23.0243511465938,24.319177731106,25.6402018836137,26.9831302277626,28.3589951655296,29.7108313021044,31.1440788532422,32.5954417856592,34.0902894991232,35.6120435444004,37.1528745119421,38.6736208809591,40.1643251914578,41.6849262945297,43.003417729344,44.6321586159965,45.8589986496204,
10100100000994,,,,,,,,49.5427550318732,49.5350409296502,49.5326766773687,50.0886722997976,50.7326850782031,51.3733971563531,52.051970348319,52.8167951485084,53.5975665438192,54.4187190169328,55.2514979680465,56.091006838897,56.9935380602182,57.9200138002196,58.873607931777,59.852425463873,60.841368920662,61.8402680434283,62.8377868451003,63.8047425793052,64.1210604245721,64.5192014495697,64.7703805338272,
10110100000995,,,,,,,,,,,,,,,,,,,,,,,,,68.69157896747726,69.51138543977575,70.12324751770629,70.71821783352391,71.5319295740578,72.04844230949571,
10120100000996,,,,,,,,,,,,,,,,,,,,,,,,,59.83284468056159,60.93801818174932,61.815123810844845,62.55433971543479,63.37431658144279,64.15570059058284,
10130100000997,,,,,,,,,,,,,,,,,,,,,,,,,80.52234202291662,80.77524153556065,80.91504868579666,81.0771596100178,81.88837480267264,81.97837557309546,
10140100000998,0.9468342059880199,0.9628846853017569,0.9767448042166976,0.9873078574508491,0.9974776738258037,1.0091091102060468,1.0323558870448555,1.0478038791405584,1.0607472093124082,1.0747147766576608,1.09195449008367,1.1165174613198308,1.140001421172039,1.1636049939249125,1.1916426407540832,1.2025956185901783,1.2217082762327793,1.244090657414704,1.263619123414186,1.2625649498316405,1.280795928547479,1.2969547020571164,1.3209148659978562,1.3269473303041657,1.3651473898359554,1.3942657503457323,1.4175394010739752,1.434417710740899,1.4564682153912625,1.4627749045208611,
10150100000999,,,,,,,,,,,,,,,,,,,,,,,,,,,,,,,
10160100001000,,,,,,,,,,,,,,,,,,,,,,,,,,,,,,,
10170100001001,,,,,,,,,,,,,,,,,,,,,,,,,,,,,,,
10180100001002,75.5865097045898,75.8816375732422,76.7958984375,76.8109970092773,77.0667190551758,77.084846496582,77.0614700317383,76.9709930419922,78.5074234008789,77.0535202026367,76.0603637695312,75.6094970703125,74.905029296875,75.4548110961914,76.2786102294922,78.2815322875977,78.0984573364258,77.8706436157227,78.1136779785156,76.5254974365234,76.6361923217773,81.4362564086914,82.2568283081055,81.1632995605469,82.9317626953125,82.5977935791016,84.8607864379883,84.9578018188477,85.1365814208984,75.8021926879883,
10190100001003,75.3687210083008,75.4695510864258,76.1923904418945,76.0891723632812,76.2567825317383,76.1163711547852,76.3418121337891,75.8737106323242,76.7951431274414,75.9733581542969,75.0501708984375,74.6554107666016,73.4693298339844,74.321891784668,75.2270889282227,77.3253784179688,76.9145812988281,76.756721496582,76.8486862182617,75.3296432495117,75.0909881591797,79.2099075317383,80.0796585083008,79.5546417236328,81.6088104248047,80.5177536010742,82.9290313720703,83.4587707519531,83.7555084228516,74.1839828491211,
10200100001004,75.4697036743164,75.6602401733398,76.4719467163086,76.4242782592773,76.6333084106445,76.5654907226562,76.6753692626953,76.383171081543,77.5914535522461,76.4851837158203,75.5282211303711,75.1034469604492,74.1470489501953,74.8573379516602,75.7265777587891,77.7815933227539,77.4791717529297,77.2879333496094,77.4529876708984,75.901481628418,75.8294219970703,80.2726287841797,81.1194763183594,80.3220901489258,82.2393798828125,81.5123901367188,83.8525390625,84.175537109375,84.4156875610352,74.9579391479492,
10210105001005,80933158921.87683,85168670570.36342,96283264490.80888,99063400345.51537,98816457121.05873,102026661490.39656,113019498816.7119,115873102907.0772,124836187299.68375,139198086080.95798,153083552088.14066,174547441816.6625,191209316492.16724,217874380529.2008,262025250601.65863,319409051238.7098,308520479027.4439,316112680209.4033,356898362426.0103,367472167674.1859,400213686458.141,415473075531.7778,387306425268.5636,390570896386.29535,416288113455.97687,448345096591.60925,457107251580.99396,435080165541.4842,478245442589.6523,495321855078.8251,518264452652.9629
10220100001006,0.342463818203372,0.35035930146879735,0.316044120631821,0.31869111217614987,0.3647144178890079,0.36163096975185866,0.36412633807459394,0.3720462058100867,0.40536329074041316,0.45165357488364544,0.49505654079959377,0.5037814218864234,0.5399633063326706,0.576997702824778,0.6123027805963348,0.6481294662660136,0.6553859261144827,0.6418961927487461,0.6470383254021861,0.6632670420197946,0.6880701469902291,0.7152960594595655,0.7458103906169568,0.7212992466260143,0.7366412952966507,0.7467137085306501,0.7624264325201774,0.7860212117618078,0.771646958919622,0.7945652390725911,0.7806306697816647
10230105001007,81084202246.93402,91641495676.31279,94547012159.46452,97620592901.69244,110988933074.35419,110779610315.3918,115060770698.88173,121769727355.46165,132149049819.0954,153023943803.65466,188325100311.76743,216368544586.6208,254864170981.65198,295099585398.3899,353063864377.35767,409714332532.5786,392997547065.91473,421424999598.9111,472389450438.33215,494728694345.09674,527863934718.37976,563802785279.5114,552448873896.9626,544227028219.31476,591264360060.0801,638024856629.078,659830346076.5092,661616789819.8779,741003264736.3326,793482271577.833,822320215569.709
10240105001008,,,,,,,,,,,,,,,231510180531.32108,268368624737.09216,255590501876.84354,273278500869.13223,304502784625.5705,324490783961.65717,338984813864.71313,358785695087.9064,356241635155.1951,351444848672.46014,386287908274.95557,421187164365.68524,442081710150.4086,449575342616.7909,507545794955.07434,547710536900.2922,
10250101001009,,,,,,,,1.5368203074742472,,,,,,,,,,1.47124097504478,,,,,,,,,,1.7121229069819108,,,
10260100001010,,,,,,,,,,,,,,,,,,,,,,,,,15735.0,,,,,,
09750104001011,38.93692225604526,38.82585394275055,38.78213577488031,38.866449409689096,39.087700947765526,39.374088313455005,39.65035435948922,39.83651630435137,39.90957809599719,39.90486126324682,39.82938577516045,39.69332472878444,39.51090365052495,38.92867250756305,37.831189796911,36.586628956474236,35.56902561373418,35.13473444325639,38.60993764028533,41.11373657148148,43.08872677493971,42.42779930599171,42.15786745756824,40.97338161183905,38.3887564832994,37.63804748135569,34.49747053380677,31.321074188751027,,,
09760100001012,,,95.20086710043351,,,,,95.2507191970055,,,,,95.4858135534423,,,,,95.19936941035577,95.82395232690281,94.54683500174366,93.8163412645697,92.76965865741856,92.70145716505544,91.44226632435996,91.42530498325026,,,,,,
09770100001013,,,,,,,,,,,,,,,,,,,,,,,,,,,,,,,
09780100001014,,,,,,,,,,,,,,,,,,,,,,,,,,,,,,,
09790100001015,,,,,,,,,,,,,,,,,,,,,,,,,,,,,,,
09800105001016,,,,,,,,,,,,,,,,,,,,,,,,,,,,,,,
09810105001017,,,,,,,,,,,,,,,,,,,,,,,,,,,,,,,
10270100001018,,,,,,,,,,,,,,,,,,,,,,,,,,,,,,,
10280100001019,,,,,,,,,,,,,,,,,,,,,,,,,,,,,,,
10290100001020,,,,,,,,,,,,,,,,,,,,,,,,,,,,,,,
10300100001021,,,,,,,,,,,,,,,,,,,,,,,,,,,,,,,
10310100001022,,,,,,,,,,,,,,,,,,,,,,,,,,,,,,,
10320100001023,,,,,,,,,,,,,,,,,,,,,,,,,,,,,,,
10390100001024,11.257191026559727,11.00240994640119,10.728163947494362,10.489264627076285,10.303113372314897,10.139080648838249,9.993166226430443,9.872622703977935,9.774305283780718,9.689643466946995,9.616407617599839,9.550608047385754,9.480653960516003,9.411654474516972,9.361993295337035,9.33336083287265,9.316699225082887,9.298606089700678,9.276013849148647,9.251358521167168,9.2142887502028,9.156124110499546,9.08677573493392,9.012909630148547,8.920466310639021,8.796121065513171,8.651849776633217,8.48386580226368,8.298013223444869,8.105014615420332,7.928089884376999
10400100001025,11.842329315108337,11.586961722511962,11.312638806845156,11.071967572893087,10.884961721509208,10.715287088676082,10.562199269232003,10.436148807422853,10.33257349909278,10.24203116876388,10.162652133806558,10.090866348472648,10.01366282077024,9.935972354236783,9.879298190679043,9.84649429239252,9.828095378908325,9.80840341752746,9.780465842366532,9.749159077797874,9.703416793474693,9.634811966045344,9.552083409105485,9.46305035415001,9.354124080990236,9.212067887389555,9.05065332585521,8.865357946683622,8.661546105227506,8.448994648529013,8.256936701602983
10330100001026,32.5349106048979,32.32027682501001,32.06623729446719,31.784010022401,31.457006601179586,31.105136858576866,30.751012793099246,30.386982764112332,30.00839298854008,29.61530109134887,29.229654234734532,28.849526129281205,28.46905404833416,28.134572100783693,27.866817660808472,27.64570129211863,27.45941271349972,27.28810314821406,27.133129904271595,26.99874084550575,26.88066170505512,26.76523166968031,26.634680420345227,26.496045854000336,26.365029002673843,26.21514339874923,26.03773485993103,25.83010042988532,25.60610612819254,25.34569011094147,25.0464369423657
10340101001027,880504897.0,887726942.0,893586855.0,898504930.0,901881520.0,904257160.0,906098145.0,907176626.0,907497580.0,907042855.0,906518438.0,906004870.0,905261043.0,905894454.0,908520206.0,912716806.0,917920933.0,923331238.0,929330530.0,936470557.0,944098332.0,951662935.0,958534511.0,965051026.0,971620238.0,976981855.0,980877806.0,983330040.0,983292354.0,982212569.0,979861200.0
10350100001028,31.797622067474176,31.57346786267892,31.305243682336208,31.011738007752953,30.676456683211505,30.323022336652027,29.968224987805872,29.602271593443334,29.22270237247942,28.830729818519654,28.44810500357494,28.07250239177334,27.698425017053275,27.371273081035305,27.11053310890423,26.895370577469397,26.71300398251627,26.545610086692722,26.398908678725935,26.27387507821968,26.165831934671086,26.060053697825822,25.942545919520878,25.818441633767463,25.700109863802904,25.561964924562943,25.395830699336553,25.198257434602482,24.982787673982024,24.736050490465875,24.450538689002457
10360101001029,929990860.0,938644449.0,945894622.0,952155490.0,956745195.0,960197205.0,963072752.0,965234262.0,966559567.0,966873201.0,967004334.0,967087248.0,966762691.0,967789601.0,970865761.0,975520275.0,981207482.0,987019148.0,993377770.0,1000909507.0,1008866405.0,1016628364.0,1023477703.0,1029709966.0,1035843005.0,1040665316.0,1044048724.0,1045918482.0,1045014514.0,1042903389.0,1039351496.0
10370100001030,33.26518465773318,33.05982431144102,32.81993227180533,32.54888940022597,32.230060574591654,31.87949307942271,31.52576863209933,31.163388225135,30.78552466651139,30.39115921440806,30.0023462724226,29.61753627327793,29.230574542168583,28.888663182025507,28.613778422884277,28.38665164574815,28.196455886459987,28.02129882978874,27.857976830378163,27.714115904618968,27.585904879918704,27.460829172385555,27.317245686594806,27.164202654450833,27.020772867758858,26.85947672164213,26.671083088602256,26.453730518613202,26.22169417748196,25.94798314871772,25.63545252271491
10380101001031,1810495754.0,1826371385.0,1839481470.0,1850660419.0,1858626715.0,1864454365.0,1869170892.0,1872410881.0,1874057149.0,1873916049.0,1873522766.0,1873092114.0,1872023732.0,1873684051.0,1879385960.0,1888237086.0,1899128416.0,1910350390.0,1922708303.0,1937380069.0,1952964737.0,1968291289.0,1982012213.0,1994760986.0,2007463251.0,2017647166.0,2024926526.0,2029248546.0,2028306865.0,2025115956.0,2019212681.0
10410100001032,10.731880783836894,10.728364052475841,10.707789151981158,10.62112739167578,10.447690614868486,10.2447709557904,10.026890094433076,9.789478667036661,9.581699657619325,9.4262059662436,9.2946274428369,9.178143196257247,9.085009307307335,9.01006456884532,8.938703257037382,8.873926003425924,8.816554630161145,8.754813460119165,8.699967981081436,8.665339467613798,8.651003313189095,8.64924174788507,8.64801727792645,8.640922609935078,8.636189298288823,8.622184236821605,8.586707792473652,8.540512244307852,8.493316679847807,8.422971996943076,8.316530784196296
10420100001033,11.217591335579455,11.228159511379763,11.227480947012378,11.155295211521429,10.987204766961604,10.78221306536781,10.560693406644605,10.31774540981886,10.10516465838541,9.948321143596113,9.815287997095874,9.69593123347986,9.600526236916814,9.522650814328276,9.445200563122052,9.373620123029127,9.311261012688398,9.24386095386881,9.18076869412929,9.139795538014136,9.120813969847733,9.11621646431687,9.110800786204827,9.098255608741386,9.090292979357985,9.073304940490168,9.031932945667046,8.978864939840005,8.925364298393019,8.843163157223493,8.723413474668385
10430100001034,9.80855025707756,9.842693863801886,9.869290582860677,9.901345989000902,9.925652696028118,9.939170732023376,9.948168666942372,9.940170222428714,9.866697431079402,9.714880385329066,9.537069943138196,9.343751148130332,9.132761749229944,8.949554037672991,8.809836556529817,8.688083741170825,8.579750127272257,8.492190536872876,8.422926848495845,8.35717708943871,8.300539871279199,8.254687839441198,8.20775290666051,8.164609393683834,8.143454254875063,8.143659622228157,8.157273130229697,8.173879388030954,8.191457770689341,8.208063878102466,8.205918020429166
10440100001035,10.205264007045404,10.244703077549286,10.279812517947791,10.321626615811448,10.357894086120828,10.381992925378817,10.402875956222712,10.409494007893302,10.347786509033188,10.200806902048067,10.024406141520174,9.830738691325426,9.616385484481539,9.430040013460442,9.289279669083207,9.166537230326515,9.057099494863252,8.969034458392487,8.89674229388236,8.825161288806969,8.761674116596282,8.709800742023338,8.654361491284483,8.60289669155944,8.57635580741064,8.574103893762414,8.588496817080022,8.609507632089583,8.63478377386144,8.655825342965217,8.65510234644354
10450100001036,9.069056014654274,8.970654369107445,8.942297065772642,8.96103321168839,9.025117875941511,9.094993369834595,9.138767352919103,9.174780707825196,9.211131785275422,9.238010483520748,9.254426818342358,9.267002368911593,9.266500362875622,9.205565711811554,9.067720679373986,8.905491167979104,8.730365293953138,8.536609742294015,8.367566627081718,8.236911023301047,8.123264190207967,8.024588299352732,7.950085587900135,7.894092493548369,7.845694403642243,7.807875769208566,7.779167489180389,7.7514175192330175,7.736150249331253,7.738621690380239,7.751096715408278
10460100001037,9.385231872722368,9.284894692082927,9.257882740859129,9.28216622651297,9.356153919037865,9.437261661239278,9.488387003338556,9.529135221846518,9.573773330949466,9.612814918006313,9.642699115629693,9.670025707861205,9.685557078871973,9.63562624159707,9.4999241200556,9.336958625390446,9.161538545926854,8.967612150650234,8.798766403038798,8.669366913196445,8.55670461640117,8.458281687580879,8.38281427012855,8.32471935546615,8.268850790505033,8.219778153630026,8.18088616756473,8.14622142652615,8.13031281957613,8.136411412704819,8.157512621049511
10470100001038,61.17570359334058,61.3061851531059,61.47954388684553,61.68718253383981,61.9371792436997,62.212332378310116,62.49177445130069,62.777585426028665,63.071690571515035,63.376291888728325,63.674995475007286,63.97250466725816,64.2723916116431,64.52767355498695,64.72543013333622,64.88975828576592,65.02208484085759,65.13366301659507,65.20602762476558,65.2188559313925,65.1984932438535,65.15694390724325,65.1074424561464,65.05561360534982,64.98053363859266,64.90957296892351,64.85845811869865,64.83760625011188,64.86650677922908,64.91558232816271,64.9747977505069
10480101001039,1685686530.0,1715560429.0,1747152185.0,1779894885.0,1813820846.0,1848156328.0,1882447480.0,1916898879.0,1951692029.0,1986815249.0,2021812076.0,2057119231.0,2092717168.0,2127382211.0,2160478316.0,2193295299.0,2225396817.0,2256467757.0,2286008091.0,2314536960.0,2341733960.0,2367899097.0,2393050438.0,2417920471.0,2441702014.0,2464669054.0,2487643714.0,2511401383.0,2532970661.0,2556089125.0,2580770912.0
10490100001040,60.875100006052286,61.01672623401683,61.208403855645045,61.43275593435663,61.695017564698915,61.97538490281468,62.259932688440834,62.5507316919503,62.84723624375924,63.15173922961871,63.44793451405415,63.739706837099206,64.0312202625392,64.27808381760057,64.46936278643298,64.6306598680693,64.76269586560504,64.87304974958879,64.93719587941028,64.9372844221642,64.90152025071862,64.84184189666321,64.76743392366082,64.68770765305227,64.58491425368229,64.48613525932895,64.40738981366026,64.35574521417293,64.35590379689879,64.37257237552525,64.39814028543655
10500101001041,1718605945.0,1748762095.0,1779625246.0,1811912027.0,1845716673.0,1880875799.0,1916055252.0,1951383630.0,1987204436.0,2023336478.0,2059541482.0,2096376865.0,2133606699.0,2169980903.0,2204715676.0,2238758961.0,2271614465.0,2303325857.0,2334622524.0,2365448394.0,2395141937.0,2423684520.0,2451901482.0,2479806574.0,2505989617.0,2531092893.0,2556328526.0,2582330972.0,2605224916.0,2630653913.0,2657416724.0
10510100001042,61.47344726938573,61.59282955840427,61.74808342152061,61.93917361856774,62.177015335085954,62.44692940925486,62.721237354527275,63.00203804140942,63.29369979626437,63.59835075077828,63.899483182590174,64.20260201507836,64.5107124108622,64.77425240587154,64.97834057660695,65.14561754544775,65.27821912728099,65.39101292686563,65.47142701721855,65.49674081819727,65.49148352103,65.46776497821669,65.44275013362115,65.41839008198204,65.37069384486216,65.32727661855517,65.30351413682075,65.3132038986244,65.37077725168615,65.45204862639055,65.54479478525664
10520101001043,3404292472.0,3464322522.0,3526777415.0,3591806915.0,3659537528.0,3729032124.0,3798502739.0,3868282519.0,3938896447.0,4010151720.0,4081353568.0,4153496096.0,4226323859.0,4297363124.0,4365193992.0,4432054263.0,4497011284.0,4559793617.0,4620630614.0,4679985354.0,4736875887.0,4791583621.0,4844951921.0,4897727046.0,4947691623.0,4995761939.0,5043972246.0,5093732333.0,5138195585.0,5186743031.0,5238187628.0
10530100001044,8.9787105326498,8.889850723429383,8.769980658921543,8.630735058925826,8.49945406333431,8.383035457344812,8.309878949122162,8.295685792354037,8.32147625916367,8.383422191350625,8.450062782409477,8.491630127941102,8.525103449384616,8.557981024858853,8.58429387956155,8.604187038495432,8.62268702373537,8.631331226998679,8.584216884317652,8.459444643418617,8.308190966759486,8.144191309081128,7.96407763727653,7.810163544797576,7.702416038895067,7.6184623798691735,7.54918875281876,7.502371536974433,7.477317870273127,7.452615015531057,7.426211299625035
10540100001045,9.24103121442356,9.144464463923596,9.012788755056546,8.866340633873687,8.731030601576215,8.61352597020528,8.542835768546702,8.534621470119218,8.568324454756612,8.639771955230872,8.71774391506658,8.770074553994535,8.813592554187988,8.856315942829543,8.892791298140201,8.923475369305438,8.954539273158609,8.9776930001671,8.943394227184015,8.825737934855919,8.679477574811013,8.521034814725894,8.345293475414042,8.194082068614343,8.085288680989127,7.99661982972559,7.922250425130123,7.8716448822594,7.8438468195859326,7.816836395393139,7.789424403661174
10550100001046,8.33667475335655,8.29315327188419,8.287509053580337,8.295758353990681,8.305876321788176,8.28080272562501,8.211205814084506,8.1079732159847,7.987249198712151,7.871445333650143,7.76941362733255,7.707555686384572,7.697322497882475,7.720863242384171,7.7786071517834445,7.84171644232609,7.882812400815539,7.918784650995073,7.956219969866739,7.984980948696393,8.006690013162892,8.027054521618112,8.037994184233789,7.99928170032171,7.895492603039214,7.771839310136228,7.638654438376615,7.495237155255545,7.384338983195584,7.310386147443623,7.24337511692259
10560100001047,8.528631684363473,8.482228705432851,8.47343609610241,8.47566022081322,8.479461544099355,8.451181749888411,8.377200698460138,8.26877794035701,8.147135405938474,8.033468320012805,7.934194266597173,7.877662551625865,7.875570619435474,7.909248839377047,7.979830382095476,8.05581119798726,8.106071799979352,8.149186121716156,8.198015351878064,8.241127385065456,8.278333228337004,8.315119502741865,8.345464719299477,8.323687977766008,8.227748239879075,8.105906664114562,7.973862064730494,7.831552712323985,7.723525116595344,7.6547080295285745,7.587879583134244
10570100001048,7.185437675720896,7.352156722028262,7.51171198649088,7.658330255162526,7.717310118422513,7.682793933249071,7.654795937118257,7.657965846528917,7.673416224245511,7.689222096028628,7.670482968623088,7.610456552572302,7.519697208171776,7.412489987271213,7.309598646608839,7.216177776744272,7.158454591822145,7.149558544168315,7.173158086009265,7.229598654792884,7.292788238891849,7.335172005041608,7.3723643701566175,7.41210464569184,7.449144246430675,7.484911594269413,7.521412956495419,7.551495397132801,7.538280258482769,7.46288993886801,7.364192727115773
10580100001049,7.325795327986173,7.493368578345512,7.650434413535695,7.793519709642497,7.845415408157277,7.802816305709527,7.7708544471985705,7.7741816816358345,7.788434917870569,7.801821377423929,7.783187136263246,7.723622048770437,7.631565847557471,7.525958348901654,7.4279923854358385,7.339095945560522,7.285881243771792,7.2828052639180765,7.316180990373052,7.385395144014969,7.462417042675981,7.516762686743467,7.566286340772316,7.6194217967643185,7.6708005615681225,7.7220682062428345,7.7752356517698695,7.824364429919594,7.82678948564509,7.762146114510296,7.669125403373913
10590100001050,6.659841646811232,6.643639558307135,6.582864244671392,6.516690156317138,6.504792237647547,6.611111507223045,6.777691402218634,6.933923669994885,7.076422817094195,7.136920513297375,7.108635619031085,7.086451659325312,7.0943790409692715,7.115647183599295,7.137983865361452,7.123788678542156,7.066342139725374,6.980599504999854,6.882680107632409,6.789670255785465,6.705585499055319,6.655186115139609,6.651814422594722,6.680558667799001,6.740074199299655,6.807623347114532,6.860109718277191,6.913475852536261,6.975493292818633,7.033664527838118,7.083601926149397
10600100001051,6.753498909891259,6.736070705602441,6.669262608650703,6.596460193970713,6.579182795818812,6.684270565156141,6.850960877001782,7.006890287061235,7.148567240324056,7.205416455928524,7.1713124038288045,7.146860549311699,7.156381193505249,7.179574195497642,7.203940900272317,7.192249892712473,7.135387332179543,7.04691800912683,6.949562243140528,6.860868609296995,6.781981893570504,6.737896405537388,6.744360460448821,6.785465292203082,6.860500984977153,6.945137390544161,7.011385137126734,7.076326915818749,7.147497998124745,7.218948873781306,7.285217306390472
10610100001052,5.6995741409918,5.819604494381849,5.920049659765667,6.001153194473144,6.065381824595525,6.109964579030901,6.106099318330228,6.058216358677213,6.002750639856901,5.997048760817037,6.099242888140925,6.256193508910121,6.404623048371399,6.543720309813744,6.608215581857667,6.588941920015127,6.570756319514995,6.577808559291952,6.596780255861194,6.617838118541948,6.607642202389293,6.560044580305337,6.486854149636035,6.399950770103161,6.3157420305580425,6.241008882486492,6.200392874438185,6.207538685871768,6.250193760244702,6.328170153237252,6.415349400401574
10620100001053,5.740150028468876,5.8506737546883825,5.945156436327888,6.022991186626881,6.086399974134028,6.132886738486494,6.1290821358870256,6.07853512233656,6.019165885063647,6.009884526578617,6.110195434232736,6.266249601303902,6.414513328234884,6.55428346475364,6.618457182103019,6.597401774318492,6.579988064316145,6.589415537048223,6.6093502320497,6.631436997003357,6.624380754193413,6.579193351751358,6.507359494243444,6.424163542068112,6.34790676098094,6.283945003849048,6.25599807860988,6.278970086133646,6.336267890084334,6.427681584649869,6.525732639270339
10630100001054,4.433261450473542,4.58126150552036,4.763088107053922,4.9262115382949085,5.06595176016044,5.204512632069744,5.324592039236685,5.425911410050586,5.507282094184052,5.572395759632194,5.616987935949188,5.615090012552015,5.572347465926296,5.524650143201164,5.52465274469577,5.625058219327838,5.7756492538701485,5.918747825567592,6.050143249359279,6.110569213934958,6.094137923810713,6.0825394711018435,6.0967955612656555,6.121908498442076,6.146023353682862,6.140515954946334,6.10134519172484,6.040601002174363,5.968955014277626,5.904623669941751,5.853096585970203
10640100001055,4.452937214629625,4.593204368536929,4.764500279020817,4.915811502737987,5.042739311429901,5.168725462088245,5.279298149696332,5.374501806723396,5.452216415353568,5.516558473028543,5.561603239745827,5.558228292048392,5.513650792890015,5.46467993414628,5.464017023161249,5.565201360143812,5.716872983242645,5.860742173683489,5.99319910218202,6.054392342658127,6.037961038921937,6.028414191125895,6.0475077578839045,6.076602737801791,6.105917862602871,6.108783408407745,6.077462761034864,6.023496024895983,5.958521654821119,5.903010184953674,5.862049982865474
10650100001056,3.8871810946492173,3.845192397810783,3.8122266571639045,3.8234334017526823,3.89946130788668,4.013553298486271,4.157675112885785,4.333040246912179,4.489784221218799,4.624809127630251,4.756663252224963,4.870646400536142,4.967577802180293,5.045574588775479,5.108051663080285,5.151759284287741,5.151580056198816,5.114323847540388,5.073070652114289,5.076836784722756,5.173758895015695,5.3188706779655845,5.456106461574232,5.5817334745907825,5.641025947456127,5.631522841082992,5.629626817336162,5.653990310203242,5.6892804498669545,5.726315493703661,5.738000908981087
10660100001057,3.8290198421350734,3.7909561722249094,3.7611106993624515,3.7719975098296588,3.846345127918489,3.956040549867321,4.091463652109137,4.25434484433098,4.39698936053547,4.517053744847186,4.6332777871031245,4.7345369826592885,4.823449110308372,4.89753259389339,4.960107750113701,5.0052818659991605,5.005410748815179,4.969682100336904,4.93049792957723,4.936660642214664,5.036712681107994,5.184008442264132,5.323314304539313,5.451773467725897,5.515102146357814,5.5105467987112835,5.514971485468569,5.546812937421881,5.587038914953672,5.628908332519265,5.648529550750869
10670100001058,3.53452523371384,3.5455834187280466,3.548229195516213,3.5410262955597083,3.518353160313969,3.4837452742987765,3.4522790981413207,3.428414688232408,3.4440543927236167,3.5194394386856196,3.6285128587038806,3.7644080821437256,3.9297904920855125,4.078258318669062,4.204558900717466,4.326330217517719,4.4320362070562656,4.522359636393929,4.594940344465419,4.655275021384043,4.698608303139427,4.702717190390419,4.6732716146012026,4.639362909231893,4.644113411893972,4.736335837858651,4.874961289631589,5.0100777039099675,5.136250546900631,5.204420049784806,5.212367217314629
10680100001059,3.3858226787516763,3.394403682391286,3.394306781560007,3.387166316422249,3.366250603605721,3.336628013869359,3.313143445347843,3.295933915598782,3.3133043586539777,3.3865385576783193,3.488638096041821,3.61187721651479,3.760464924455915,3.8920733251958985,4.0020238866663895,4.1077612030858415,4.201032851105146,4.284694969980316,4.354397534663996,4.414869775076666,4.460031421887078,4.466192323956401,4.4405293221455215,4.411474544061495,4.422917236874067,4.522134017776167,4.6658682785883565,4.804511510958125,4.9319249491514485,5.001537901468712,5.013235572230148
10690100001060,3.0908374630311632,3.075629772819388,3.0704472267085374,3.0783844681916217,3.0933188946082453,3.1108721256524268,3.126947664384142,3.1348197553901596,3.1336686112849446,3.1190255250061045,3.093505763296638,3.0702724378223203,3.053878894691918,3.0733333072160747,3.1456796733925354,3.247209122833845,3.3720125789132442,3.5229262113389788,3.658419702702303,3.7761597575861083,3.8908540182859825,3.9914777266668433,4.0780699344219,4.148550948525873,4.205188018784421,4.246039342356592,4.252530285381103,4.229540050881526,4.199643371507521,4.210865688796714,4.31084838754798
10700100001061,2.8313284960136476,2.8225644351754413,2.8192046110449454,2.827060118137858,2.8440360493082752,2.863592392744795,2.878011176941172,2.8851157513998826,2.8857884268185168,2.8750224220431932,2.8566317880811662,2.8434645109882637,2.835966961414835,2.8589595196793662,2.9292556485631756,3.022380310944304,3.1314962847857255,3.2622636002382754,3.3780630031311474,3.4768850748146503,3.573483269123915,3.6608615717894017,3.73981998874572,3.8069992995108475,3.865660580127973,3.9123571455537585,3.9255940867971284,3.9093029723668904,3.8850516031483404,3.9018597968809092,4.006087722530491
10710100001062,6.289385801761504,6.3735380218840785,6.454218818687254,6.528807443759205,6.605814155120708,6.682530763113017,6.757212755600056,6.835431809859012,6.919916439944882,7.008407019922792,7.095350290258187,7.177969203460633,7.258554340022725,7.337754344229365,7.4077522058553,7.464540422115438,7.518502445642667,7.578233835190871,7.660842470962843,7.782403223101758,7.920845051091391,8.077824423076441,8.257877123508392,8.448340540649786,8.654437358733475,8.875283632327237,9.103807021370319,9.3322933200028,9.527387092578374,9.73872756089582,9.978765307127412
10720101001063,202898952.0,208335817.0,213692839.0,218906126.0,224277099.0,229667754.0,234983952.0,240475195.0,246264405.0,252239338.0,258238266.0,264250708.0,270298042.0,276377398.0,282172050.0,287571215.0,292914774.0,298483233.0,304998316.0,313257588.0,322301921.0,332245237.0,343251008.0,354864577.0,367285088.0,380362995.0,393836091.0,407641802.0,419616230.0,432471932.0,446891863.0
10730100001064,7.3272779264735055,7.409805903304234,7.4863524620187505,7.555506057890422,7.628525752089584,7.701592760533291,7.771842323753289,7.846996714606391,7.930061383761334,8.017530951861623,8.10396048237092,8.187790771127458,8.270354720407541,8.350643101364104,8.420104104662768,8.47396955446127,8.524300151878684,8.581340163718512,8.663895441863806,8.788840499616123,8.932647814610288,9.098104405510956,9.290020156818306,9.493850713180265,9.714975882514812,9.951899816108098,10.196779487003182,10.445997351224596,10.661308529119184,10.891377134008886,11.151321025560994
10740101001065,147091450.0,151823460.0,156553793.0,161241174.0,166025224.0,170885822.0,175746770.0,180716245.0,185891982.0,191219482.0,196549875.0,201788064.0,206998682.0,212296579.0,217419462.0,222266532.0,227074553.0,232044005.0,237864440.0,245193387.0,253172426.0,261790779.0,271256586.0,281170710.0,291673601.0,302722763.0,314157160.0,325516103.0,335065666.0,345650599.0,357583823.0
10750100001066,5.261368072881111,5.347346130154686,5.431984306674105,5.511936981206318,5.592924090322409,5.673577511322448,5.752994013373394,5.834573733455577,5.920775537224273,6.010490034813638,6.09817054498723,6.179861711643714,6.2587130469692225,6.337084412102967,6.407881000508756,6.467730808804104,6.525324986259022,6.587688243345644,6.670596152403281,6.78914327718377,6.922611599051291,7.071405849397772,7.24000417978409,7.417407263567128,7.608533287378968,7.813246659802686,8.025402774576978,8.233065582762384,8.407528570831879,8.599968224891716,8.81975269202846
10760101001067,349990394.0,360159274.0,370246629.0,380147300.0,390302319.0,400553574.0,410730715.0,421191439.0,432156390.0,443458819.0,454788153.0,466038773.0,477296716.0,488673972.0,499591522.0,509837745.0,519989327.0,530527236.0,542862755.0,558450973.0,575474344.0,594036013.0,614507599.0,636035290.0,658958696.0,683085748.0,707993242.0,733157917.0,754681903.0,778122533.0,804475697.0
10770100001068,2.6034277101731296,2.6167861130008814,2.624495586625029,2.630181745050254,2.6339279318682847,2.6320618348168576,2.6267110629106165,2.6283886667540655,2.6402035521281566,2.6586125635052062,2.6791538310344714,2.6978252325548056,2.7099420195637216,2.714559497502441,2.7062563945291997,2.6871900967018183,2.669680604538659,2.658776294372063,2.6793957636153802,2.7481502945937266,2.842878142030581,2.9584039242669884,3.097816948314558,3.2244096124451205,3.3336623734160926,3.4407604127007274,3.536165261286398,3.6191319367579675,3.682706725182154,3.7362617179692124,3.7822009907936933
10780100001069,2.186530907575447,2.217834466153187,2.24253692785812,2.261791627127625,2.273548598881626,2.2788114633209147,2.2816841773166683,2.2872817492111506,2.30035722569536,2.320473333007926,2.340954935226119,2.3565505308630454,2.3676851872020435,2.374869130058767,2.3726668477702537,2.3640579398321107,2.3595558839768023,2.3602078835087577,2.3855659095232467,2.4507063841914962,2.5338579616226555,2.6304659701109383,2.745877611896701,2.8498497522800963,2.9390291479873896,3.0279722466994796,3.11058592979586,3.1839175448532253,3.2403838245838887,3.292760085844047,3.342103734027741
10790100001070,1.948474658339281,2.0015972392319243,2.0368526505110554,2.0620536292203617,2.082819736385468,2.104389996353722,2.122556236312641,2.1357439960754347,2.1466152478312215,2.1556499512851173,2.159597571894394,2.1606682834135524,2.16793036466045,2.1831866687235957,2.2034497328123313,2.2245860083848243,2.243351869186691,2.2572665040814788,2.264206498185791,2.262197835001905,2.252696771060203,2.2449427976194194,2.2410805386314117,2.2641574478862494,2.3285231573356104,2.416599579785138,2.5235381918336284,2.6509614454025705,2.7617231485708356,2.859231976614911,2.9602431861821525
10800100001071,1.4699136678074214,1.5110826979797127,1.5444644124613895,1.5732284074604985,1.604294562317839,1.6386233467285978,1.6693146389352183,1.6950942434613343,1.716490007308803,1.7321077533572364,1.7426531977862183,1.751480037667673,1.7627450544273393,1.779351898980785,1.800501395982586,1.8206887206621536,1.836219026212727,1.8492413396035798,1.8586753596202952,1.862817770404109,1.8640709218835505,1.869123618046074,1.8762069197153246,1.9034209929756487,1.9627859666085536,2.0375194132500236,2.1234944708318606,2.2220714749845927,2.304153853910136,2.376919238222219,2.4559578254008008
10810100001072,1.3222564953404647,1.3105628241856018,1.3235527312330002,1.3545134882893808,1.401238065958235,1.4530500586609716,1.4994597330324426,1.532476818822861,1.5567597210076103,1.5777745709901418,1.5996748489698143,1.6194696675564284,1.6348213233573738,1.648766828679508,1.661295032466533,1.6683353131426035,1.6729683737567105,1.6829179336345481,1.6984508700293213,1.7193514457283239,1.74175455074149,1.7625016256097137,1.7792118872384273,1.7912795045625025,1.7953325792065153,1.7936609704322013,1.7932605214528257,1.7947660008777724,1.8135108580766328,1.869651742106223,1.9508835505391182
10820100001073,0.8815229732589364,0.8799489530520295,0.8946750400978737,0.9202783060668566,0.9534844927276754,0.9888483429310099,1.0232787514928738,1.0523183271594567,1.077526555185428,1.1038658803749082,1.1322532563211776,1.158251069410673,1.1806441159290006,1.2009481833640676,1.2177739945664663,1.2302290972763152,1.2414314560878745,1.2545730455379116,1.2702771092634109,1.2895895976586669,1.3088043118969612,1.325284036905384,1.340058371373298,1.3538075199046857,1.3635425128944372,1.3716489566077819,1.382427355172328,1.39156109490251,1.41055129219614,1.4583919056768975,1.5234121546898616
10830100001074,1.4531190626206298,1.4808597268858241,1.5014514936496695,1.5087571953304273,1.5105400178776,1.5120908707017429,1.523115291497592,1.550387232954026,1.5864828627943497,1.6254938660811582,1.6655342304722391,1.7098275876026707,1.7576610128259935,1.8041301064585629,1.8491029448547012,1.8938581362320235,1.938299304396625,1.98237943163042,2.021842310033317,2.059140924292158,2.0953183507780153,2.1322560580148426,2.1719107826339106,2.214004148286392,2.2574577725565907,2.300878853190037,2.34381551243033,2.3811379681862777,2.40336779728956,2.426231697318542,2.4579932980460337
10840100001075,0.7234005242393066,0.7384800129697587,0.7503079262567252,0.7566386405513437,0.7615964363952673,0.7672943583419269,0.778716445628634,0.7998794136236373,0.8264017490346863,0.8540430680735683,0.8823091556537189,0.9135800737023196,0.9476386894108368,0.9819151996993453,1.0169387621894532,1.0527550510335222,1.0881186199816204,1.1236659746953954,1.1560777739963297,1.1860295249294976,1.215878403648126,1.2465322243353816,1.2778612767987692,1.3103289984067,1.3431756598885904,1.3761060432453958,1.408895018776925,1.4355154680220663,1.452439600141718,1.471896995148549,1.4982789779100572
10850101001076,43.789974503051596,44.47142085473931,45.146540834542755,45.82438733429892,46.47468642634538,47.15744476802677,47.818617708794356,48.44033680143247,49.095049066037504,49.743814659379204,50.38671826361793,50.98016332769848,51.630904373056346,52.25012317443943,52.91278890560032,53.59386465047461,54.2693428705881,54.93170230171077,55.6023876358901,55.22228618195768,55.91179489847143,56.59387398100364,57.2661190908632,57.93166000774618,58.59355804918765,59.227119151620386,59.84588723656148,60.45754271327501,61.034034640478204,61.59461780832359,
10860100001077,1.6003774070503027,1.5467741374408916,1.515741726509546,1.5010725477353475,1.474456692084928,1.4483200705580686,1.4074692962719126,1.3733947903374002,1.3506446867618536,1.3196981407755288,1.2981040340774683,1.2943345449130277,1.2786400991966218,1.2786098299767161,1.2680759103772061,1.2745469178934883,1.2591260700082643,1.2223919720114225,1.2217461390962683,1.2646369064204492,1.2472250848988296,1.219437270130939,1.1906697794826329,1.1698171580789278,1.1368792286150722,1.0819551802425025,1.044594573153205,1.019003148650512,0.8279583424230594,0.8685213030642558,0.899807857183859
10870101001078,,,,,,,,,,,,,,,,,,,,,,,,,,,,,,,
10880100001079,17.086545974391722,17.005098800451968,16.933247482409893,16.8848552901724,16.818706085271856,16.753990673891973,16.69273369954582,16.642619112310268,16.56940653426719,16.496226178864678,16.420055694474694,16.342325320687145,16.267074659909607,16.20429958799133,16.141640548386615,16.108158461004365,16.081724880829682,16.047845760789375,16.009627029744575,15.984692506002137,15.961113593764827,15.948695945791654,15.94046087120869,15.936813639648149,15.942289284260866,15.961586235674725,15.955312589532973,15.952605853699463,15.984127916157465,16.01280915283741,16.04588565902638
10890101001080,,,,,,,,,,,,,,,,,,,,,,,,,,,,,,,
10900100001081,18.517063313847306,18.696651643213812,18.895533173224987,19.112218813570895,19.333492736633453,19.573305986546217,19.83636815913574,20.126734162897044,20.325605303097227,20.489634734685858,20.661467837757144,20.835918138955396,21.01753704026354,21.205590678591186,21.396589009534093,21.608048635819507,21.829811075114215,22.05615439986076,22.243280129025404,22.412933955328164,22.59018969929781,22.783251365049505,22.995849299630446,23.21781922964178,23.441653981939616,23.68581180862668,23.897337574809757,24.116585916615858,24.380180075115796,24.630711952533048,24.867544412420195
10910100001082,,,,,,,,3.9542942088589688,,,,,,,,,,,,,,,4.059328036745373,,,,,,,,
10920100001083,,,,,,,,,,,,,,,,,,,,,,,,,,,,,,,
10930101001084,2769090370.0,2811623187.0,2854431863.0,2897305932.0,2939979461.0,2982081238.0,3023529567.0,3064550688.0,3105454022.0,3146097438.0,3186568791.0,3227374790.0,3268276249.0,3309654063.0,3351170574.0,3393583323.0,3436232520.0,3478282227.0,3520336931.0,3564265091.0,3608134212.0,3651807275.0,3694835951.0,3737836079.0,3780607337.0,3822013890.0,3862357602.0,3902373221.0,3935879243.0,3970773617.0,4007523965.0
10940100001085,49.76101582291955,49.75572877238768,49.75907119185432,49.75953432082685,49.75875604403131,49.7507724679653,49.74215928520408,49.7339818117928,49.72617025616307,49.720809299156016,49.71506382112324,49.70830448013876,49.70275295889878,49.69658623487936,49.68987804830542,49.6854930450177,49.68433214956442,49.68498173954049,49.67875739790903,49.670516876505005,49.66246106524594,49.65802976093596,49.651951779970084,49.64899366851437,49.65262625534179,49.659149610473484,49.66453959295832,49.67291595702968,49.68801480963575,49.69690617778138,49.709571010980454
10950101001086,2795688250.0,2839229989.0,2882073653.0,2925308693.0,2968487096.0,3011958826.0,3054874770.0,3097334138.0,3139655974.0,3181429158.0,3223095683.0,3265252185.0,3307368059.0,3350067079.0,3393000888.0,3436545768.0,3479896507.0,3522389006.0,3565864733.0,3611551294.0,3657180755.0,3702103651.0,3746635769.0,3790687255.0,3833506214.0,3874480958.0,3914534413.0,3953765569.0,3985305103.0,4019207903.0,4054352036.0
10960100001087,50.238984177080454,50.24427122761236,50.24092880814569,50.24046567917316,50.2412439559687,50.2492275320347,50.25784071479592,50.26601818820721,50.27382974383694,50.279190700844,50.284936178876755,50.29169551986125,50.297247041101194,50.303413765120645,50.31012195169458,50.314506954982335,50.31566785043559,50.315018260459524,50.32124260209097,50.329483123495,50.33753893475406,50.34197023906404,50.348048220029945,50.35100633148563,50.34737374465823,50.34085038952653,50.3354604070417,50.32708404297032,50.31198519036424,50.30309382221863,50.29042898901956
10970101001088,5564778620.0,5650853176.5,5736505516.0,5822614625.5,5908466556.5,5994040063.5,6078404337.0,6161884825.5,6245109995.5,6327526596.0,6409664474.0,6492626975.5,6575644307.5,6659721142.0,6744171461.5,6830129091.0,6916129027.0,7000671233.0,7086201663.5,7175816385.0,7265314967.0,7353910925.5,7441471720.5,7528523333.5,7614113551.5,7696494847.5,7776892015.0,7856138789.5,7921184346.0,7989981519.5,8061876001.0
10980105001089,178050220427.8497,121231005767.00276,120647950327.15886,174398575120.74936,199595657322.05038,322353391534.54395,589661304100.6694,635790950776.2029,351176210738.9929,183102615255.53497,459871057249.96484,546550091426.3623,896133351932.6532,893114629567.6687,844859547723.7208,-161746016413.8423,827077502743.1664,781637245996.1589,297944527810.55066,834895411311.0365,806433608854.1058,1193149452892.5112,642026895361.5386,174876236135.79663,1289545169214.9827,344909732946.05035,406406978528.8217,1170331610974.2734,1394578047048.8706,29457525880.898148,324725485717.53906
10990105001090,,,,,,,,,,,,,,,,,,,,,,,,,,,,,,,
11000105001091,,,,,,,,,,,,,,,,,,,,,,,,,,,,,,,
11010100001092,12.8,11.7,10.9,10.3,10.3,10.5,10.0,9.7,9.3,8.6,8.0,7.1,6.4,6.1,5.6,5.3,5.0,4.4,3.9,3.6,3.2,3.1,3.0,3.0,2.8,2.7,2.8,3.1,3.0,2.9,
11020100001093,27.1,25.9,24.9,24.0,23.8,24.0,23.5,22.8,22.2,21.2,20.2,18.9,17.7,16.9,16.0,15.4,14.8,13.6,12.4,11.6,10.6,10.3,9.9,9.7,9.0,8.4,8.2,8.7,8.5,8.1,
11030100001094,44.7,44.0,43.0,42.4,42.0,42.0,41.9,41.0,40.3,39.2,38.2,36.8,35.5,34.4,33.2,32.4,31.5,30.0,28.5,27.4,26.0,25.3,24.6,24.0,23.1,22.0,21.2,21.9,21.2,20.6,
11040100001095,36.1,34.2,32.5,31.0,30.8,31.1,30.2,29.3,28.3,26.8,25.3,23.3,21.5,20.5,19.2,18.3,17.4,15.7,13.9,12.9,11.5,11.0,10.5,10.2,9.4,8.7,8.8,9.7,9.5,9.0,
11050100001096,56.1,55.3,54.2,53.3,52.7,52.6,52.4,51.2,50.2,48.8,47.5,45.7,43.9,42.5,40.9,39.7,38.4,36.4,34.1,32.6,30.5,29.7,28.7,27.9,26.5,24.6,23.2,24.0,23.4,22.4,
11060100001097,70.5,70.6,69.9,69.9,69.4,69.3,69.8,69.0,68.3,67.5,66.9,65.5,64.2,62.9,61.5,60.4,59.4,57.8,56.3,55.0,53.2,52.1,51.0,50.0,48.8,47.4,46.3,47.2,45.7,44.9,
11070100001098,,,,,,,,,,,,,,,,,,,,,,,,,,,,,,,
11080100001099,45.1,43.4,42.1,41.3,41.0,41.4,40.7,40.2,39.7,38.9,38.1,37.0,36.1,35.5,34.8,34.3,33.7,32.7,31.6,31.1,30.0,29.5,29.1,28.9,28.3,27.6,27.5,27.5,27.0,26.7,
11090100001100,,,,,,,,,,,,,,,,,,,,,,,,,,,,,,,
09840105001101,,,,,,,,,,,,,,,,,,,,,,,,,,,,,,,
09850105001102,,,,,,,,,,,,,,,,,,,,,,,,,,,,,,,
09820105001103,,,,,,,,,,,,,,,,,,,,,,,,,,,,,,,
09830105001104,,,,,,,,,,,,,,,,,,,,,,,,,,,,,,,
09860105001105,,,,,,,,,,,,,,,,,,,,,,,,,,,,,,,
09870105001106,,,,,,,,,,,,,,,,,,,,,,,,,,,,,,,
09880105001107,,,,,,,,,,,,,,,,,,,,,,,,,,,,,,,
09890105001108,,,,,,,,,,,,,,,,,,,,,,,,,,,,,,,
09900105001109,,,,,,,,,,,,,,,,,,,,,,,,,,,,,,,
11100100001110,,,,,,,,69.5097589046736,,,,,,,,,,,,,,,,,,,87.64583760216857,,,,
11110102001111,,,,,,,3.0,3.0,3.0,3.0,3.0,3.0,3.0,3.0,3.0,3.0,3.0,3.0,3.0,3.0,4.0,4.0,4.0,4.0,4.0,4.0,4.0,4.0,4.0,4.0,4.0
11130100001112,,,,,,,,,,,,,,,,,,,,,,,,,,,,,,,
11120100001113,,,,,,,,,,,,,,,,,,,,,,,,,,,,,,,
11140100001114,,,,,,,,,,,,,,,,,,,,,,,,,,,,,,,
11180100001115,,,,,,,,48.0,47.2,46.5,46.0,45.5,44.9,44.3,43.7,43.0,42.4,41.8,41.3,40.8,40.5,40.2,40.0,39.9,39.8,39.8,39.8,,,,
11190100001116,,,,,,,,30.7,30.3,30.0,29.8,29.6,29.3,29.1,28.9,28.6,28.4,28.2,28.1,28.1,28.1,28.2,28.4,28.6,28.9,29.2,29.6,,,,
11200100001117,,,,,,,,40.9,40.6,40.4,40.2,39.9,39.5,39.2,38.8,38.4,38.0,37.6,37.3,37.0,36.9,36.7,36.6,36.6,36.5,36.5,36.5,,,,
11210100001118,,,,,,,,31.2,30.9,30.6,30.3,30.1,29.9,29.6,29.3,29.1,28.8,28.6,28.5,28.5,28.5,28.6,28.8,29.0,29.3,29.6,29.9,,,,
11220100001119,,,,,,,,34.13521297372698,,,,,30.728677506208477,,,,,27.757399101271268,,,,,25.204957382101867,,,23.407155874513325,23.3761686312815,22.95382503320968,,,
11230100001120,,,,,,,,17.83560350067783,,,,,14.802929975731361,,,,,12.332054379990426,,,,,10.319755108988666,,,9.274674832677277,8.944230809204052,8.663114502669789,,,
11240100001121,,,,,,,,50.47717141478727,,,,,46.704154458533864,,,,,43.24634939111012,,,,,40.183481652007586,,,38.397013229584985,37.881461859420725,37.29073335107043,,,
11150100001122,0.4,0.5,0.5,0.6,0.6,0.6,0.6,0.6,0.6,0.5,0.5,0.5,0.5,0.5,0.5,0.5,0.4,0.4,0.4,0.4,0.4,0.4,0.4,0.4,0.4,0.4,0.4,0.4,0.3,0.3,
11160100001123,0.2,0.3,0.3,0.3,0.3,0.3,0.3,0.3,0.3,0.3,0.2,0.2,0.2,0.2,0.2,0.2,0.2,0.2,0.2,0.2,0.2,0.2,0.2,0.2,0.2,0.2,0.2,0.2,0.2,0.2,
11170100001124,0.5,0.5,0.6,0.6,0.6,0.7,0.7,0.7,0.7,0.7,0.7,0.7,0.7,0.7,0.7,0.7,0.7,0.7,0.7,0.7,0.7,0.7,0.7,0.7,0.7,0.7,0.7,0.7,0.7,0.7,
11250100001125,,,,,,,,,,,,,,,,,,,,,,,,,,,,,,,
11260100001126,,,,,,,,5.33,5.44,5.53,5.6,5.62,5.6,5.56,5.52,5.5,5.48,5.47,5.48,5.49,5.5,5.52,5.53,5.54,5.55,5.56,5.56,5.57,5.58,5.59,
11270100001127,,,,,,,,,,,,,,,,,,,,,,,,,,,,,,,
11280100001128,,,,,,,,,,,,,,,,,,,,,,,,,,,,,,,
11290100001129,,,,,,,,,,,,,,,,,,,,,,,,,,,,,,,
11300100001130,,,,,,,,,,,,,,,,,,,,,,,,,,,,,,,
11310100001131,,,,,,,,,,,,,,,,,,,,,,,,,,,,,,2.06,
11320100001132,,,,,,,,,,,,,,,,,,,,,,,,,,,,,,,
11330100001133,,,,,,,,,,,,,,,,,,,,,,,,,,,,,,,
11340100001134,,,,,,,,,,,,,,,,,,,,,,,,,,,,,,,
11350100001135,,,,,,,,32.96,32.55,32.21,31.84,31.45,31.09,30.68,30.13,29.47,28.72,27.91,27.11,26.35,25.67,25.09,24.59,24.14,23.7,23.31,22.98,22.71,22.48,22.34,
11360100001136,,,,,,,,,,,,,,,,,,,,,,,,,,,,,,,
11370100001137,,,,,,,,,,,,,,,,,,,,,,,,,,,,,,,
11380100001138,,,,,,,,,13.0,13.0,12.9,12.6,12.0,11.2,10.3,9.6,9.1,8.7,8.3,8.0,7.7,7.6,7.5,7.5,7.3,7.3,7.8,8.3,8.9,9.1,
11390100001139,,,,,,,,20.84,20.44,20.05,19.63,19.2,18.75,18.28,17.78,17.27,16.77,16.3,15.85,15.41,14.99,14.59,14.2,13.83,13.48,13.17,12.91,12.68,12.49,12.33,
11400100001140,,,,,,,,,,,,,,,,,,,,,,,,,,,,,,,
11410100001141,,,,,,,,,,,,,,,,,,,,,,,,,,,,,,,
11420100001142,,,,,,,,8.73,8.66,8.6,8.52,8.44,8.34,8.23,8.11,7.98,7.85,7.73,7.62,7.5,7.4,7.3,7.2,7.1,7.01,6.93,6.88,6.83,6.8,6.79,
11430100001143,,,,,,,,,,,,,,,,,,,,,,,,,,,,,,,
11440100001144,,,,,,,,,,,,,,,,,,,,,,,,,,,,,,,
11450105001145,,,,,,,,,,,,,,,,,,,,,,,,,,,,,,,
11460100001146,75.9503707885742,75.5357208251953,77.2487869262695,76.5728530883789,76.7928695678711,77.3008499145508,77.8683471679688,78.6441116333008,80.9353637695312,81.3304672241211,82.0821762084961,82.8220367431641,83.8698883056641,84.3674697875977,85.8379287719727,87.8861770629883,89.0599975585938,88.9026870727539,88.2388305664062,88.591178894043,88.5871124267578,88.2387771606445,87.9232864379883,88.6643676757812,88.4811630249023,88.415771484375,88.6762924194336,88.7724914550781,89.3835525512695,91.6250991821289,87.677001953125
11470100001147,83.7758026123047,83.1095428466797,84.8730926513672,83.9456024169922,83.8834915161133,83.9424285888672,84.0744171142578,84.5949478149414,86.2886810302734,86.623649597168,86.2321624755859,86.6676635742188,87.4528884887695,87.6752319335938,88.743278503418,90.3512191772461,91.0090179443359,90.7242431640625,90.0922470092773,89.5991668701172,89.335319519043,89.2844314575195,88.9410171508789,89.3965911865234,89.2340698242188,89.5100631713867,89.1718063354492,89.3493194580078,90.1598815917969,92.7168731689453,88.6881713867188
11480100001148,79.9576263427734,79.4164733886719,81.1564865112305,80.3527221679688,80.4307174682617,80.7101516723633,81.0555801391602,81.7030487060547,83.6909866333008,84.0585403442383,84.2201309204102,84.8032836914062,85.7161712646484,86.0731964111328,87.337890625,89.1607666015625,90.0681991577148,89.8451995849609,89.1988067626953,89.1140899658203,88.9733505249023,88.7772674560547,88.4480819702148,89.0423812866211,88.8713302612305,88.9817428588867,88.9325180053711,89.0674819946289,89.7832794189453,92.1892166137695,88.2011032104492
11490102001149,6.0,6.0,6.0,6.0,6.0,6.0,6.0,6.0,6.0,6.0,6.0,6.0,6.0,6.0,6.0,6.0,6.0,6.0,6.0,6.0,6.0,6.0,6.0,6.0,6.0,6.0,6.0,6.0,6.0,6.0,6.0
11500102001150,599279680.0,610409088.0,619648384.0,628367488.0,640629504.0,648761088.0,653599936.0,654932800.0,654031872.0,651643904.0,654986368.0,676743680.0,679267712.0,681996288.0,689795072.0,693819456.0,694976128.0,697482624.0,702382528.0,710515392.0,716276416.0,715069632.0,719640384.0,736960832.0,743185024.0,732331840.0,741321216.0,750383616.0,754617792.0,767658048.0,771422784.0
11510100001151,46.16583,46.25883,46.29946,46.34501,46.47695,46.52095,46.59856,46.59285,46.68522,46.7077,47.20264,47.15723,47.21002,47.29994,47.34697,47.52058,47.61061,47.66035,47.70734,47.78197,48.22063,48.23253,48.28504,48.50568,48.4537,48.42648,,,,,
11520102001152,22925076.0,23283874.0,23561020.0,23875572.0,24201426.0,24384718.0,24628232.0,24904186.0,25217170.0,25282474.0,25992308.0,26712748.0,26978670.0,27200248.0,27624974.0,27873596.0,28260862.0,28755486.0,29271686.0,29531244.0,30661974.0,30987316.0,31427896.0,32151770.0,32103748.0,32232476.0,32775536.0,33154202.0,33657360.0,33829264.0,34253252.0
11530100001153,57.1433181762695,57.6697692871094,58.0379600524902,58.3968696594238,58.5643310546875,58.9966201782227,59.2070503234863,59.6218490600586,60.0155715942383,60.3692817687988,61.2671699523926,61.5642013549805,62.0611381530762,62.1128005981445,61.9335098266602,62.1805114746094,62.4559097290039,62.8429412841797,63.1710891723633,63.4936790466309,63.5434799194336,64.0326614379883,64.6173324584961,64.9993133544922,65.8006286621094,66.6054916381836,67.1402130126953,67.5559616088867,67.8106002807617,68.1057434082031,68.4375991821289
11540100001154,,,,,,,,,,,,,,,,,,,,,,,,,,,,,,,
11550105001155,743909814164.5675,750872334720.8408,915347329696.2084,1028353991112.5321,1068464498881.2604,1158824280592.5405,1287270838740.9634,1467696850555.021,1354626840978.8733,1366797964091.3157,1574914305763.7407,1985219195895.0344,2665341367400.5317,3402325374891.7056,4452365220333.843,4475676741862.139,3310208227941.589,3629501518655.499,4147391770669.642,3979461725990.216,4139389933370.115,4223995832152.5454,3936919872637.515,4005796668867.1597,4462160877915.374,5063956683713.317,5051202557567.651,4369786200961.9683,5347970241874.651,5898775444402.8,7008280185586.369
11560105001156,,,,945759749733.528,999500526215.1438,1067616835011.2429,1215403783756.4343,1398894184835.6997,1286417977907.3853,1282140642895.0889,1520918191071.4797,1992311733880.1504,2606108945658.954,3337199316834.3223,4328632218410.705,4261458264424.3384,3230868109604.4175,3578221625848.1367,4011600288565.5625,3858504833847.202,3958834908600.105,4166011621271.868,3813810975655.0044,3923906305071.6514,4457587928353.388,4986627533537.776,5046200102405.262,4234435304633.563,5197241103995.834,5566779676933.161,6615008081032.411
11570100001157,,,,,,,,,,,,,,,,,,,,,,,8.11406707763672,,,,8.875421524,,,,
11580102001158,,,,,,,,,,,,,,,,,,,,,,,,,,,,,,,
11590100001159,,,,,,,,,,,,16.149999999999995,15.705521472392638,16.740718562874246,18.93,19.774269005847955,21.272093023255824,22.697093023255817,25.004022988505746,25.096067415730346,27.430687830687834,28.239153439153448,29.37842105263158,30.070000000000007,30.710526315789483,31.981151832460732,33.31989528795811,,,,
11600101001160,4.6,4.8,4.4,4.3,4.2,4.1,4.0,3.9,3.8,3.7,3.7,3.7,3.6,3.6,3.5,3.6,3.4,3.4,3.3,3.2,3.1,3.1,3.0,2.9,2.9,2.8,2.7,2.7,2.6,2.6,
11610101001161,7.6,8.5,7.4,7.3,7.1,6.9,6.8,6.6,6.4,6.3,6.2,6.1,5.9,5.8,5.7,5.6,5.5,5.5,5.4,5.3,5.3,5.2,5.1,5.1,5.0,4.9,4.7,4.6,4.5,4.5,
11620101001162,8.8,8.8,8.2,7.9,7.7,7.5,7.2,7.0,6.8,6.6,6.4,6.4,6.1,5.9,5.7,5.7,5.3,5.1,4.9,4.7,4.5,4.3,4.2,4.0,3.9,3.8,3.6,3.5,3.5,3.4,
11630101001163,8.9,10.3,8.8,8.8,8.8,8.8,8.8,8.7,8.6,8.5,8.3,8.2,7.9,7.7,7.5,7.4,7.1,7.0,6.8,6.7,6.6,6.5,6.4,6.3,6.2,6.2,6.1,6.1,6.0,6.1,
11640100001164,,,,,,,,,,,,,16.104938271604937,16.102409638554217,16.100591715976332,15.735294117647058,15.56140350877193,15.532163742690058,15.377906976744185,15.365714285714287,15.404756756756752,15.474623655913975,15.394216216216213,15.40016216216216,15.315459459459458,15.058870967741932,14.822956989247308,,,,
11650100001165,,,,,,,,,,,,6.228571428571429,6.20125786163522,6.233128834355829,6.216867469879518,6.1017964071856285,6.017857142857143,5.952662721893491,5.953216374269005,5.988505747126437,6.016108108108108,5.972864864864865,5.919247311827957,5.93,5.93247311827957,5.923208556149732,5.889251336898395,,,,
11660100001166,,,,,,,,,,,,,18.716564417177928,17.99580838323353,17.407647058823535,17.093567251461987,16.428488372093025,15.979651162790695,15.777586206896551,15.624157303370781,16.167195767195764,16.15291005291004,16.057671957671953,16.198412698412707,16.226984126984124,16.074210526315788,16.018947368421056,,,,
11670100001167,82.59613,83.9193,86.17113,86.76505,86.75155,86.88137,87.53948,87.86488,89.15952,89.38276,89.53735,89.58607,90.42706,91.35401,91.53891,91.49653,91.43735,91.44477,91.68801,90.6942,90.50994,90.66304,91.1741,90.86857,91.3076,,,,,,
11680100001168,81.54955,82.85909,85.11417,85.7454,85.85172,86.07132,86.80774,87.31224,88.62734,89.65542,88.8923,88.90205,89.91546,90.87938,91.31572,91.24717,,91.62866,91.57362,90.44522,90.30597,90.4861,90.95731,90.60188,91.06873,,,,,,
11690100001169,83.45929,84.79596,87.03998,87.61133,87.50401,87.56153,88.1567,88.32428,89.59834,89.11169,90.07434,90.15044,90.83426,91.71657,91.67171,91.65536,,91.21799,91.72354,90.84775,90.62181,90.75678,91.30774,91.04049,91.46274,,,,,,
11700100001170,,,,,,,,,,,,,,,,,,,,,,,,,,,,,,,
11710100001171,,,,,,,,1.88,,,,,2.15,,,,,1.91,,,,,1.39,,1.15,,0.71,,,,
11720100001172,,,,,,,,1.33,,,,,1.91,,,,,2.03,,,,,2.17,,2.15,,1.81,,,,
11730100001173,,,,,,,,1.43,,,,,1.8,,,,,1.86,,,,,2.01,,2.01,,2.24,,,,
11740100001174,,,,,,,,20.33,,,,,15.86,,,,,11.83,,,,,6.95,,5.06,,3.73,,,,
11750100001175,,,,,,,,38.37,,,,,31.23,,,,,27.11,,,,,20.08,,16.33,,13.67,,,,
11760100001176,,,,,,,,10.36,,,,,10.09,,,,,12.39,,,,,13.63,,13.76,,14.47,,,,
11770100001177,,,,,,,,22.21,,,,,18.01,,,,,13.74,,,,,8.34,,6.21,,4.44,,,,
11780100001178,,,,,,,,39.7,,,,,33.14,,,,,29.14,,,,,22.25,,18.48,,15.48,,,,
11790100001179,,,,,,,,11.79,,,,,11.89,,,,,14.25,,,,,15.64,,15.77,,16.71,,,,
11800100001180,,,,,,,,9.57,,,,,11.13,,,,,11.38,,,,,12.65,,13.02,,13.46,,,,
11810100001181,,,,,,,,1.9,,,,,2.6,,,,,2.72,,,,,3.3,,3.63,,3.77,,,,
11820100001182,,,,,11.692171061620442,13.070822231860717,13.520105471324989,13.904439526103372,14.090700870361886,15.197445911598786,15.179207215760742,15.89700056593096,16.47454501071361,16.96966422647829,17.86920230152084,18.442754632108816,19.025086573792596,19.15703781512605,19.827766725997275,20.75520429774265,21.777447441070294,22.188296516567547,22.849299157933643,23.091367424632168,23.59033667437677,24.097878271643182,24.636603686517805,25.5804311774461,26.12846321469337,26.467619401795677,26.73574852063084
11830100001183,,,,,,,,,,,,,,,,,,,,,,,,,,,,,,,
11840100001184,,,,,,,,,,,,,,,,,,,,,,,,,,,,,,,
11850100001185,,,,,,,,,,,,,,,,,,,,,,,,,,,,,,,
11860105001186,10.7,10.3,10.0,9.7,9.7,9.7,9.6,9.4,9.2,8.9,8.6,8.2,7.8,7.6,7.3,7.1,6.9,6.5,6.2,6.0,5.8,5.7,5.6,5.5,5.4,5.2,5.1,5.3,5.2,5.1,
11880100001187,,,,,,,,,,,,,,,,,,,,,,,,,,,,,,,
11870100001188,,,,,,,,,,,,,,,,,,,,,,,,,,,,,,,
11890100001189,,,,,,,,,,,,3.3354166666666676,3.284662576687117,3.8964071856287434,4.241764705882354,5.219883040935671,6.440116279069768,7.14011627906977,8.20747126436782,9.007303370786516,10.2026455026455,10.471428571428568,11.777894736842104,12.583157894736841,13.989473684210529,15.33298429319372,15.796858638743464,,,,
11910105001190,,,,,,,,,,,,,,,,,,,,,,,,,51033760000.0,,,,,,
11900100001191,,,,,,,,,,,,,,,,,,,,,,,,,,,,,,,
11920104001192,,,,,,,,,,,,,,,,,,,,,,,,,,,,,,,
11930104001193,,,,,,,,,,,,,,,,,,,,,,,,,,,,,,,
12000100001194,,,,,,,,,,,,,,,,,,,,,,,45.8967933654785,,,,49.58730698,,,,
11940102001195,17.34015,17.70224,18.04026,18.60775,18.58851,18.10733,18.55962,18.64903,18.83275,18.76386,18.93788,18.90834,18.60626,18.30713,18.17956,17.83815,17.55004,17.62234,17.79098,17.86417,17.47601,17.37316,17.26269,16.8994,16.78126,16.87411,,,,,
11950102001196,19.99917,20.035,20.14156,20.26025,20.0211,20.31433,19.30702,18.36543,18.51863,17.97357,17.45197,17.22541,16.96969,17.47324,17.409,17.46949,17.70114,17.68612,17.72641,17.89986,18.27033,17.75289,17.70922,17.82649,17.72055,17.45058,,,,,
11960102001197,26.13342,26.20764,26.29711,26.31457,26.47088,26.61422,26.55149,26.30914,26.0185,25.82453,25.25962,25.39072,25.24855,25.14194,25.04689,24.97171,24.68045,24.31042,24.11758,24.19696,23.55038,23.29472,23.10596,23.44392,23.38904,23.44631,,,,,
11970102001198,16.50831,16.66528,16.93109,17.09329,17.34921,17.52516,17.54265,17.74911,18.1802,18.17396,18.09076,18.12423,17.87212,17.66707,17.34902,17.07093,16.88514,16.89097,17.02516,17.13973,17.68115,17.62001,17.41341,17.09064,16.94278,16.9982,,,,,
11980102001199,,,,,,,,,,,,,,,,,,,,,,,,,,,,,,,
11990102001200,15.16787,15.08177,15.22061,14.80619,15.44541,16.61645,16.06912,16.42786,17.17534,17.25652,16.85155,17.00315,16.8431,16.79332,16.26311,16.09906,16.04701,15.98421,16.09995,16.27819,17.9494,17.93834,17.60635,17.33722,17.15356,17.15988,,,,,
12010100001201,,,,,,,,,,,,,,,,,,,,,,,,,,,,,,,
12020100001202,,,2067.0,2085.0,2287.5,2594.5,2106.0,2264.5,3942.0,3422.0,3274.0,3904.0,4037.0,4893.0,5645.5,,,,,,,,,,,,,,,,
12030100001203,,,1899.0,1776.0,1466.0,1445.0,1478.0,1588.0,1675.0,1628.0,1587.5,1759.5,2182.0,2120.0,2344.0,,,,,,,,,,,,,,,,
12040100001204,67.0382902368901,67.2443200074607,67.36665166998804,67.45897040027037,67.54839139963819,67.68821485495816,67.85997434109225,67.98258501518964,68.00348460630924,68.05740691674556,68.14023066500312,68.12875236408712,68.25150387890862,68.10204060278396,68.0897308456529,67.89129071508741,67.90641398511046,67.68629680556863,67.64200829041069,67.57366719596071,67.53803804833453,67.57357549065037,67.65640009957632,67.74050857814024,67.8701691899429,68.00344852832916,68.21926337300366,67.81420717168473,68.4976549644016,68.71625200258646,69.448398433509
12050100001205,,,,,,,,67.07608095770391,,,,,,,,,,66.64597297196374,,,,,,,,,62.40861004847155,,,,
12060105001206,,,,,,,,,,,,,,,,,,,,,,,,,,,,,,,
12070100001207,,,,,,,,,,,,,,,,,,,,,,,,,,,,,,,
12080101001208,19238525.0,18846657.0,18141960.0,16725191.0,15484076.0,15053820.0,15364642.0,15935134.0,16043088.0,14619220.0,13728696.0,13805229.0,13011239.0,14325308.0,15952902.0,15160726.0,15162383.0,15239914.0,15201660.0,15416934.0,16728282.0,19534031.0,21351533.0,22524729.0,25383513.0,25905091.0,26044498.0,26365367.0,27120192.0,35316431.0,37573655.0
12090101001209,19238525.0,18846657.0,18141960.0,16725191.0,15484076.0,15053820.0,15364642.0,15935134.0,16043088.0,14619220.0,13728696.0,13805229.0,13011239.0,14325308.0,15952902.0,15160726.0,15162383.0,15239914.0,15201660.0,15416934.0,16728282.0,19534031.0,21351533.0,22524729.0,25383513.0,25905091.0,26044498.0,26365367.0,27120192.0,35316431.0,37573655.0
12100100001210,,,,,,,,,,,,,,,,,,,,,,,,,,,,,,,
12110100001211,,,,,,,,,,,,,,,,,,,,,,,,,,,,,,,
12120100001212,,,,,,,,,,,,,,,,,,,,,,,,,,,,,,,
12130100001213,,,,,,,,,,,,,,,,,,,,,,,,,,,,,,,
12140100001214,,,,,,,,,,,,,,,,,,,,,,,,,,,,,,,
12150100001215,,,,,,,,,,,,,,,,,,,,,,,,,,,,,,,
12160100001216,19.787949969372956,19.538118578507383,19.835356089612507,19.50510302097833,19.38296656718015,19.036184125767154,18.66458400136925,18.333154872472388,17.869591131094936,17.78865440861129,17.378554167553485,17.809716279328775,17.97509024185524,18.11623198734796,17.881396718673965,18.554747585868753,19.33418182184826,19.56099754508148,19.932825015208422,20.901536405427123,21.710345844235587,22.40725845260128,22.85445608159794,,,,,,,,
12170100001217,17.209889165135085,17.35490067077973,17.426007007139074,17.44366344294962,17.472865769526607,17.631283495739396,17.87981957877581,17.590003092989186,17.26302634134067,17.274473260147822,17.12018657003625,16.818462824612855,16.650496432993748,16.722020778891356,16.530425946679376,16.682345565182313,17.092561128788038,16.747708921471656,16.717627069449424,16.953448435811257,17.21164809079336,17.38010858844505,17.424128501114033,17.67675037989647,17.919191809643934,18.16222549610551,18.636542075469492,19.771344478392205,,,
12180104001218,7784.110836209337,7663.146710288286,7548.876526628251,7437.262416738728,7329.266442923949,7224.496363268618,7124.0105376101765,7027.586358495092,6934.160363283169,6844.032410273672,6756.386716509514,6669.714165295963,6585.679055354955,6496.7195626503235,6415.766711018908,6335.475525646316,6257.141411730645,6182.038746900608,6107.772839211034,5995.778395225113,5921.68690941163,5850.1057171410375,5781.044973948013,5713.951435971938,5649.499404773965,5588.816912246843,5530.8240641624625,5474.759721205663,5429.47813413714,,
12190104001219,42787.19509999995,42773.19509999997,42773.19509999997,42772.29509999996,42773.19509999997,42773.19509999996,42773.19509999997,42773.19509999995,42773.19509999996,42773.19509999995,42773.19509999997,42770.19509999997,42770.19509999997,42778.60209999996,42778.60209999995,42778.60209999995,42778.60209999996,42778.60209999995,42778.60209999995,42808.60209999997,42808.60209999996,42808.60209999996,42808.60209999996,42808.60209999997,42808.60209999996,42808.60209999996,42808.60209999996,42808.60209999995,42808.60209999997,,
12200100001220,5.60369,5.46324,5.34964,5.20148,4.96696,4.9323,4.91648,4.89794,4.7961,4.74816,4.64547,4.58405,4.48866,4.37077,4.40377,4.24736,4.3808,4.38962,4.37289,3.82481,3.57722,3.29112,3.02441,2.9264,2.91912,2.85942,,,,,
12210100001221,6.51944,6.36661,6.20445,5.88175,5.63974,5.68916,5.54098,5.5617,5.26644,5.32053,5.20066,5.10184,5.0998,5.02752,5.03158,4.92016,5.0327,4.95702,4.84054,4.3366,4.10244,3.78154,3.48136,3.41432,3.43093,3.4028,,,,,
12220100001222,6.09667,5.94872,5.80868,5.56648,5.32705,5.33706,5.24998,5.25244,5.04686,5.05319,4.9386,4.85766,4.81128,4.71688,4.73433,4.60044,4.72232,4.68659,4.61744,4.09206,3.84917,3.545,3.26072,3.17765,3.18294,3.13966,,,,,
12230100001223,,,,1.9682804953562718,1.966522021733367,1.9722140463425926,2.0480908126029718,2.046654208654297,2.064243485792928,2.0287845700805636,2.018922439999201,1.9707585698788277,1.9519987308795386,1.9644311918335342,1.9307831151923422,1.9839335618805722,2.0217907845521936,2.0071234338298773,1.9908342558072216,2.021852865173631,1.9838125084155376,2.0928911917386994,2.1211961733541136,2.168187651188583,2.1604440317222213,2.2364365085938425,2.300463469311768,2.4946328813930383,2.6151980769451715,,
12240100001224,,,,,,,,1077.8260623888832,,,,,1192.6985702110726,,,,,1263.7502555062904,,,,,1379.9728005324164,,,1521.0691155474553,,,,,
12250105001225,,,,,,,,,,,,,,,,,,,,,,,,,,,,,,,
12260100001226,22.36363036584872,,,,,24.1880347313164,24.557800065657172,,,,,,22.048472745888194,22.523800198443904,23.881309502058265,22.677716490232026,21.421712025223755,22.265656364154214,22.236287554092744,22.566464188848837,23.12730285549672,23.74557913773148,23.574974064515494,23.36114910587536,23.619718048574583,23.529352161192243,23.781460255202298,23.29739728551836,23.935725394520585,24.025577554712477,
12270105001227,,,,,,,,,,,,,,,,,,,,,,,,,,,,,,,
12280100001228,,,,,,,,,,,52.30381517262522,50.463799050461155,48.983186858906755,45.60353960984,42.46804645969894,39.65559747885888,37.89104729339124,35.04497767859313,32.43440653025201,30.79254436181097,29.40017137132001,26.779468240288757,25.04756656467301,23.820357864301535,21.658833563659247,19.907283717682542,18.137446405130746,18.410359484163006,16.94995460889293,17.671481446327718,
12290100001229,,,,,,,,,,,54.67279025761323,53.39031972537208,51.36709574354823,49.299127567527485,47.83153901990905,46.06404445274771,45.34377201216917,43.06258650840647,40.348959820017626,38.861372443789605,36.90776763322627,35.261111301392695,33.63195858832566,32.30872732870451,31.15737240894872,29.632605777356705,27.157389898665073,28.68950957764793,24.94145956001951,25.540893443333278,
12300100001230,,,,,,,,,,,,,,,,,,,,,,,,,,,,,,,
12310100001231,,,,,,,,,,,,,,,,,,,,,,,,,,,,,,,
12320100001232,,,,,,,,,,,,,,,,,,,,,,,,,,,,,,,
12330100001233,,,,,,,,,,,,,,,,,,,,,,,,,,,,,,,
12340100001234,,,,,,,,,,,,,,,,,,,,,,,,,,,,,,,
12350100001235,,,,,,,,,,,,,,,,,,,,,,,,,,,,,,,
12360100001236,,,,,,,,,,,,,,,,,,,,,,,,,,,,,,,
12370100001237,,,,,,,,128013902.18597801,,,,,,,,,,,,,,,127716390.18261564,,,,,,,,
12380100001238,,,,,,,,1.011758255002316,,,,,,,,,,,,,,,0.9973794826300595,,,,,,,,
12390100001239,,,,,,,,1317582.9616706504,,,,,,,,,,,,,,,1302249.3789103234,,,,,,,,
12400101001240,3111544350.0,3139453518.5,3166639667.0,3193743209.5,3219835879.5,3244786694.5,3268203116.0,3289792709.5,3306484220.5,3319071751.0,3330518258.0,3341173130.5,3350771631.5,3360653409.0,3370577789.5,3379529836.0,3388205655.0,3396079675.0,3406071154.5,3417551051.0,3427266607.0,3435622951.5,3441970685.5,3447568910.5,3452423592.5,3455784277.5,3457867820.0,3458675227.5,3454733286.0,3449753546.5,3445666944.0
12410100001241,55.93609931934738,55.57815484096142,55.22240531753071,54.871386749802824,54.515832443712576,54.15259555541075,53.78427085007145,53.40527198656795,52.960867410327495,52.46992165162581,51.97595620796111,51.47575088884816,50.97167080758815,50.47637898851262,49.9912978307807,49.49304600056872,49.0028883996116,48.52342583050546,48.07865601090592,47.638199083042764,47.18504510929527,46.73006788878665,46.265247690981774,45.80446910374749,45.353310852535316,44.91145137043279,44.47379034207376,44.035341260867504,43.62384923199881,43.18570156337231,42.7497215652946
12420100001242,0.9594546066490608,0.8969555102115123,0.8659516167319907,0.8559086397625322,0.8169933613443163,0.774909527496618,0.7216628920382107,0.6605952180360077,0.5073727275216982,0.38069229007531646,0.34487073069604435,0.3199163515890291,0.2872793664111555,0.2949105038106268,0.29531103902063194,0.2655938257199608,0.25671674525793264,0.23239498430032768,0.29420627476885386,0.33704218083738624,0.28428415128303186,0.24381950569392075,0.18476224223698523,0.16264592326669458,0.1408146472493712,0.0973427770364168,0.06029145145329551,0.02334986592980215,-0.1139725831629761,-0.14414251659252386,-0.11846070871196446
12430100001243,,,,,,,,0.9709932832077267,,,,,,,,,,,,,,,0.8694561641722245,,,,,,,,
12440100001244,,,,,,,,,,,,,,,,,,,,,,,,,,,,,,,
12450100001245,29.0570106506348,28.9418697357178,29.4166793823242,29.9761009216309,28.3099899291992,31.4181003570557,32.1182708740234,33.0002288818359,33.6746597290039,33.5984802246094,34.4588012695313,35.7279014587402,37.5605201721191,39.5682792663574,40.9783897399902,42.6011581420898,44.1871185302734,46.2215614318848,49.0010414123535,52.0327301025391,53.9372901916504,54.0135612487793,55.9540710449219,57.5888481140137,59.2210884094238,60.0674781799316,60.8039817810059,60.8573989868164,,,
12460100001246,28.416690826416,28.3016605377197,28.7695598602295,29.3819808959961,27.8335304260254,30.9506607055664,31.622350692749,32.5202713012695,33.2925415039063,33.3210601806641,34.1308708190918,35.3714981079102,37.2755012512207,39.2905006408691,40.6557693481445,42.2900009155273,43.8448715209961,45.9968490600586,48.8392791748047,51.904670715332,53.8752784729004,53.8987312316895,55.7071990966797,57.3460083007813,58.9791603088379,59.8277282714844,60.4968414306641,60.3850288391113,,,
12470100001247,29.6630401611328,29.5470695495605,30.027530670166,30.5359897613525,28.7565402984619,31.8560905456543,32.5820617675781,33.4483909606934,34.0309906005859,33.857120513916,34.7647018432617,36.060489654541,37.8261795043945,39.827091217041,41.2785682678223,42.8905792236328,44.5050010681152,46.4303398132324,49.1513290405273,52.1518516540527,53.9950103759766,54.1205406188965,56.184268951416,57.8153915405273,59.4470710754395,60.2916984558105,61.0913505554199,61.2998313903809,,,
12480100001248,97.4281387329102,97.6023025512695,97.5729904174805,97.1799468994141,97.5296936035156,97.7141036987305,98.3591918945312,98.8867034912109,100.256156921387,100.327972412109,101.861000061035,102.59854888916,102.898368835449,103.317932128906,104.001937866211,104.188217163086,103.906616210938,103.661903381348,103.705390930176,103.813842773438,103.902412414551,102.554512023926,102.010810852051,103.133583068848,102.736930847168,100.128112792969,100.185241699219,100.659248352051,100.48217010498,101.746208190918,101.761703491211
12490100001249,82.09867,82.0904,81.72236,81.44546,81.48041,82.04955,82.74345,83.36606,83.60714,83.82844,85.13168,86.16491,86.78988,87.21038,88.44145,88.65773,88.62895,88.63339,88.65391,89.00668,88.99782,89.22588,89.16969,89.41678,89.26194,89.4124,,,,,
12500101001250,0.901690006256104,0.905709981918335,0.907840013504028,0.910130023956299,0.915579974651337,0.91813999414444,0.922710001468658,0.923500001430511,0.928449988365173,0.9305499792099,0.95074999332428,0.951799988746643,0.954339981079102,0.958519995212555,0.961099982261658,0.967700004577637,0.972410023212433,0.974799990653992,0.976580023765564,0.980780005455017,0.997510015964508,0.99752002954483,0.999339997768402,1.00724995136261,1.00487995147705,0.982209980487823,0.983560025691986,0.982529997825623,,,
12510101001251,0.884590029716492,0.891460001468658,0.896189987659454,0.899800002574921,0.906539976596832,0.913079977035522,0.919709980487823,0.92127001285553,0.924700021743774,0.927450001239777,0.944840013980865,0.945909976959229,0.950500011444092,0.954280018806458,0.958429992198944,0.965240001678467,0.972249984741211,0.97146999835968,0.973749995231628,0.977349996566772,0.991919994354248,0.994080007076263,0.995039999485016,0.999909996986389,0.998250007629395,0.987030029296875,0.988049983978271,0.985639989376068,,,
12520100001252,92.1974105834961,92.5939712524414,92.6858215332031,92.4701766967773,93.1531677246094,93.4987182617188,94.3441696166992,94.8832702636719,96.4523086547852,96.6187973022461,99.1710205078125,99.9516525268555,100.406112670898,101.042236328125,101.859756469727,102.422958374023,102.345306396484,102.229888916016,102.356246948242,102.54174041748,103.530128479004,102.197746276855,101.75626373291,103.348320007324,102.84253692627,99.0729522705078,99.2718200683594,99.7524719238281,99.6178665161133,100.830169677734,100.824043273926
12530100001253,77.9925,78.25015,77.97821,77.91187,78.14253,78.88847,79.89925,80.68304,81.01112,81.39747,83.53928,84.72136,85.44083,86.01105,87.16241,87.62318,87.85407,87.88409,88.06601,88.19405,88.20248,88.33011,88.17368,88.33632,88.17059,88.2163,,,,,
12540100001254,102.410636901855,102.368507385254,102.217681884766,101.650367736816,101.678123474121,101.702430725098,102.153198242188,102.66577911377,103.842216491699,103.821701049805,104.392578125,105.081932067871,105.234352111816,105.449440002441,106.007247924805,105.840103149414,105.367492675781,105.001892089844,104.967498779297,105.006378173828,104.251586914062,102.889221191406,102.249610900879,102.932151794434,102.637870788574,101.118110656738,101.04264831543,101.511177062988,101.294471740723,102.607513427734,102.644111633301
12550100001255,86.00394,85.74019,85.27828,84.79908,84.64616,85.04458,85.43324,85.9007,86.05532,86.11807,86.62903,87.51837,88.05403,88.33337,89.63845,89.62576,89.35312,89.33354,89.20291,89.76498,89.74011,90.0623,90.10014,90.42638,90.28247,90.53157,,,,,
12560100001256,9.18356037139893,9.30521011352539,9.51900959014893,9.63572025299072,9.72795963287354,9.84525012969971,10.0058403015137,10.142749786377,10.3564901351929,10.4092302322388,11.0918502807617,11.4719896316528,12.1315498352051,12.5896100997925,13.1921796798706,13.5817899703979,14.202540397644,14.8200798034668,15.5826396942139,16.0677299499512,16.481330871582,16.8669109344482,16.9738101959229,16.9342708587646,17.3495006561279,18.5756092071533,18.5769996643066,18.8474597930908,18.8547992706299,19.2062492370605,18.994779586792
12570100001257,53.9745407104492,54.6518287658691,55.2549591064453,56.131519317627,56.9112892150879,57.3443183898926,57.6589813232422,58.5442810058594,60.2506790161133,61.9737281799316,62.7560501098633,63.8071594238281,64.7920684814453,65.5077896118164,67.2868194580078,68.8488082885742,69.9586334228516,71.6422271728516,72.8669586181641,73.5018920898438,74.868408203125,75.7464218139648,75.7204971313477,75.8254699707031,75.461311340332,75.9636535644531,76.2834396362305,76.7802505493164,77.5449600219727,77.5776596069336,77.0950164794922
12580100001258,,,,,,53.89543,54.10659,54.93954,55.54719,56.06077,56.94918,57.81391,58.49775,59.11553,60.08915,60.84241,61.3097,62.54485,63.53369,63.79482,64.8996,65.64805,65.71337,65.82859,66.19644,66.27183,,,,,
12590101001259,0.858829975128174,0.87033998966217,0.879239976406097,0.885089993476868,0.893980026245117,0.90666002035141,0.916819989681244,0.919560015201569,0.921299993991852,0.925209999084473,0.938950002193451,0.94037002325058,0.947440028190613,0.950479984283447,0.956120014190674,0.962819993495941,0.972790002822876,0.967739999294281,0.970600008964539,0.973489999771118,0.985220015048981,0.989809989929199,0.989560008049011,0.990409970283508,0.989459991455078,0.992439985275269,0.992910027503967,0.988680005073547,,,
12600100001260,49.5455894470215,50.5586090087891,51.4192504882812,52.4313011169434,53.458309173584,54.3051300048828,54.9623908996582,55.8923797607422,57.6110801696777,59.5134582519531,60.7258911132812,61.791561126709,62.9830703735352,63.7392311096191,65.6653366088867,67.416259765625,68.8653030395508,70.3318328857422,71.6879425048828,72.3380126953125,74.138313293457,75.175666809082,75.1240081787109,75.2736663818359,74.8788986206055,75.4871597290039,75.8445816040039,76.1905136108398,76.7875900268555,77.1416320800781,76.7734985351562
12610100001261,,,,,,51.54027,51.83273,52.71753,53.60913,54.37,55.55534,56.57707,57.44694,58.15202,59.15708,60.02488,60.71055,62.09554,63.27635,63.8382,64.8316,65.6666,65.76561,65.8486,66.26728,66.26578,,,,,
12620100001262,58.2033081054688,58.5579414367676,58.9131813049316,59.6595993041992,60.2024002075195,60.2391204833984,60.2256202697754,61.0654792785645,62.7581100463867,64.3079071044922,64.6791076660156,65.7140731811523,66.5014495849609,67.176887512207,68.8150863647461,70.1973571777344,70.9868011474609,72.8731994628906,73.9720993041992,74.5947875976562,75.5534362792969,76.2815704345703,76.2797164916992,76.3425674438477,76.0071105957031,76.4102325439453,76.6948623657227,77.3331909179688,78.2548980712891,77.9862365722656,77.3965606689453
12630100001263,,,,,,56.13721,56.27319,57.05331,57.39193,57.67075,58.27267,58.98751,59.49344,60.02987,60.96726,61.61238,61.87435,62.96926,63.77674,63.75537,64.96435,65.63201,65.66595,65.81118,66.13172,66.2793,,,,,
12640100001264,,,,,,19.4099998474121,19.5269603729248,19.3773899078369,19.152759552002,18.9800491333008,19.1670703887939,19.4051399230957,19.8909301757812,20.2166690826416,21.0466804504395,21.4804306030273,22.0176391601562,22.6547698974609,23.307279586792,23.9412708282471,24.3131504058838,25.7832202911377,26.0455703735352,26.5562591552734,26.582649230957,26.9267597198486,27.1359405517578,27.2276306152344,27.3326892852783,27.3264503479004,26.86669921875
12650100001265,14.4043703079224,15.0463399887085,15.5711402893066,16.3127899169922,17.0054607391357,17.5263690948486,18.4111995697021,19.0037994384766,20.2068996429443,21.4635391235352,22.6239700317383,23.553689956665,24.3118095397949,25.350170135498,26.3555908203125,27.4267807006836,28.3864994049072,29.7443504333496,31.3780097961426,32.501838684082,33.350341796875,35.8791313171387,36.9689788818359,37.5227317810059,37.9007797241211,38.2872314453125,39.1298599243164,40.1212005615234,41.4295997619629,42.3894500732422,43.272331237793
12660101001266,0.930869996547699,0.935310006141663,0.946489989757538,0.95116001367569,0.962570011615753,0.974849998950958,0.989730000495911,0.994780004024506,1.00186002254486,1.02296996116638,1.02523005008698,1.03561997413635,1.04609000682831,1.06184005737305,1.06579005718231,1.07055997848511,1.07298004627228,1.07058000564575,1.07197999954224,1.08478999137878,1.09463000297546,1.10055005550385,1.100909948349,1.10792994499207,1.11167001724243,1.11889004707336,1.12944996356964,1.13274002075195,1.13407003879547,1.12893998622894,1.13024997711182
12670100001267,13.8788003921509,14.533709526062,15.1346302032471,15.8963203430176,16.6746501922607,17.2985801696777,18.3141994476318,18.953010559082,20.2261009216309,21.7183208465576,22.9193096160889,23.9902000427246,24.8983001708984,26.1780300140381,27.2738304138184,28.4551601409912,29.4896907806396,30.861349105835,32.5830116271973,33.9817886352539,35.055061340332,37.8353004455566,38.9934196472168,39.7308616638184,40.2135696411133,40.7857284545898,41.9272918701172,43.0696296691895,44.5074310302734,45.4093589782715,46.3876419067383
12680100001268,14.9094800949097,15.5388603210449,15.9903202056885,16.712589263916,17.3229808807373,17.7448806762695,18.5041904449463,19.052490234375,20.1884899139404,21.2193698883057,22.3410606384277,23.1357498168945,23.7507705688477,24.5592594146729,25.4794597625732,26.4472408294678,27.3376502990723,28.6832809448242,30.2376708984375,31.1003093719482,31.7377891540527,34.0309715270996,35.0586585998535,35.4427185058594,35.7230796813965,35.9367218017578,36.4996604919434,37.3527717590332,38.5401802062988,39.5540618896484,40.345531463623
12690100001269,,,,984792.0673565394,1014859.3613405734,1020454.1182188421,1020812.7157467591,1070987.6377116549,1109595.6938182064,1158053.2008968825,1227472.5063175156,1339926.8363341035,1501851.2689881076,1592885.5831691918,1660716.4830637681,1755164.1058369263,1857464.9242895003,1942730.9976671538,2038487.2554814124,2099069.253905845,2164924.335149884,2245110.8051549094,2303012.2568191616,2385953.085535722,2466771.6419040044,2612261.587105543,2807631.3548785597,2949388.6286518797,3232975.4677177365,3338192.0931255976,
12700102001270,6.0,6.0,6.0,6.0,6.0,6.0,6.0,6.0,6.0,6.0,6.0,6.0,6.0,6.0,6.0,6.0,6.0,6.0,6.0,6.0,6.0,6.0,6.0,6.0,6.0,6.0,6.0,6.0,6.0,6.0,6.0
12710102001271,329000000.0,337000000.0,347000000.0,359000000.0,368000000.0,383000000.0,392000000.0,406000000.0,418000000.0,432000000.0,445000000.0,453000000.0,459000000.0,464000000.0,470000000.0,476000000.0,478000000.0,487000000.0,495000000.0,502000000.0,509000000.0,517000000.0,521000000.0,525000000.0,526000000.0,532000000.0,,,,,
12720100001272,45.19121,45.44106,45.68916,45.82285,46.12096,46.51134,46.77488,46.81782,46.88044,46.99467,47.32648,47.3559,47.44829,47.47343,47.57883,47.71968,47.98745,48.02286,48.08363,48.15862,48.48679,48.55483,48.49577,48.53036,48.55312,48.60941,,,,,
12730102001273,361439264.0,372023232.0,383627136.0,396376288.0,408907360.0,421041280.0,430878688.0,444547456.0,457025344.0,478050624.0,491060032.0,501717568.0,509145376.0,512109856.0,523509664.0,531565504.0,535370432.0,545894784.0,554164608.0,560975936.0,572760768.0,580223232.0,582689024.0,586924096.0,589134720.0,598512896.0,604764608.0,615928256.0,628526848.0,636652032.0,641180928.0
12740100001274,45.04479,45.36358,45.60105,45.74962,45.95535,46.31247,46.57634,46.62152,46.67399,46.74654,47.06287,47.07361,47.22272,47.2656,47.3611,47.4763,47.70206,47.54244,47.58279,47.64525,47.91619,47.99342,47.96893,47.99251,47.94622,47.9647,,,,,
12750102001275,21937244.0,22364904.0,22694930.0,23225100.0,23646254.0,24116782.0,24642708.0,25127970.0,25247288.0,26340508.0,27180748.0,27716116.0,28536046.0,28875530.0,30048530.0,31027638.0,31603690.0,32230258.0,32587876.0,32882972.0,32575864.0,33159118.0,33749604.0,34685380.0,35095472.0,35465360.0,37376752.0,38373392.0,38955488.0,39630416.0,40276704.0
12760100001276,48.7269706726074,49.0045890808105,49.2237205505371,49.6842613220215,50.0395698547363,51.0213088989258,52.0462303161621,51.2306594848633,51.7578010559082,52.1528587341309,52.4457702636719,52.3778305053711,52.452220916748,51.9289817810059,51.6848907470703,51.7294082641602,52.0860786437988,52.2419509887695,52.6320991516113,52.7011299133301,53.4062309265137,53.3060417175293,53.4389495849609,53.4273796081543,54.0403099060059,54.3342094421387,54.5423583984375,54.7403602600098,55.1218414306641,55.3676986694336,55.6872787475586
12770102001277,10689354.0,10959828.0,11171288.0,11539218.0,11832484.0,12304697.0,12825600.0,12873225.0,13067441.0,13737328.0,14255152.0,14517100.0,14967790.0,14994767.0,15530549.0,16050415.0,16461122.0,16837716.0,17151682.0,17329698.0,17397542.0,17675814.0,18035434.0,18531492.0,18965702.0,19269822.0,20386162.0,21005734.0,21472982.0,21942450.0,22429002.0
12780102001278,43700000.0,45400000.0,46600000.0,47700000.0,47500000.0,47000000.0,46800000.0,45800000.0,46300000.0,45700000.0,45700000.0,49300000.0,50400000.0,51700000.0,53900000.0,56200000.0,57600000.0,59500000.0,60300000.0,60600000.0,65200000.0,63500000.0,61800000.0,61100000.0,62200000.0,62500000.0,,,,,
12790100001279,43.94374,44.78826,44.94429,45.19909,44.67137,44.69357,44.9142,44.88101,44.80934,44.40095,44.49312,44.4825,45.17038,45.39991,45.46306,45.41816,45.3356,43.61373,43.47067,43.395,43.46294,43.41648,43.52328,43.36764,42.81232,42.47584,,,,,
12800105001280,,204514477418.66916,,262556171055.0136,255930058371.39856,251002623978.6229,283822910520.9023,286607542745.92816,314664285023.2264,371765069137.4271,448643241559.34955,491764231215.7274,593513544271.6157,647148278379.2705,735775662959.673,846294859976.1423,776613262603.7568,816247325940.0623,926640718227.5725,953452149507.2892,1043194898912.8535,1077543694828.7802,1000359439757.7516,998888616369.9497,1076422336709.4451,1146868930902.0706,1201338409075.15,1234117570762.8901,1393347561097.064,1474622349083.1533,1529248354355.5522
12810105001281,,,,,,,,,,295396773494.9271,346023245811.36163,386196180982.0195,438195740110.0146,457503648730.7749,531954828839.99756,608351697915.6223,570580734329.4293,586300498369.9178,661745608044.0956,651444612609.474,716812514449.235,775021517388.0934,727788309820.9147,745362914711.4131,850547329363.8417,869445777815.6843,887035746402.0934,908815207868.9761,990315839487.4886,1018946667452.326,1087610574390.5972
12820100001282,,,,,,,,,,,,,,,,,,,,,,,,,,46647599.0,76389940.0,89189073.0,101460245.0,116112997.0,12484073.0
12830100001283,,,,,,,,,,,,,,,,,,185.17987168199764,236.12215815030572,321.0911136612748,365.98288507679825,444.37530957091343,565.4921362452228,1249.895876803667,3470.4188981690304,6087.849268643758,9855.961153721048,11365.2005195507,12807.712046277116,14528.475671123178,15472.275004422781
12840100001284,54.852882552589975,54.747237332808226,54.620261402869794,54.38607222455341,54.20631553228251,54.161415798978474,53.9189271319673,53.68185493118364,53.31412762478141,53.06063799237881,52.861601510699586,52.414747024418666,51.90504571391802,51.330386574981226,50.9068858793638,50.342587642021186,50.196312190477116,49.88336821703531,49.34288000295301,48.666562374406524,48.30054917103404,47.749784668002164,47.302380236150135,46.915811762801056,46.72117635167139,46.51659294209599,46.47545598975632,46.91239183017271,47.004626669468195,47.09333292348902,47.37791993696598
12850100001285,56.34299399670531,56.29373883645533,56.15937983683701,55.97222277313304,55.802283536768705,55.816764714739904,55.671771064014685,55.42896637453401,55.18617696387185,54.96550009037286,54.836246404138855,54.341322940078165,53.73970992839568,53.254355507689326,52.634454165389634,52.18529556432729,52.159825251944426,51.771945025960065,51.20089213791391,50.52865708296588,50.11215420360897,49.696506287297964,49.21310214692835,48.77226503669181,48.65318032239718,48.47330377503738,48.41206226846907,48.96546088329545,48.72692307154523,48.79443246094437,48.4028019392866
12860100001286,55.75584471397556,55.683510696474144,55.551564589835365,55.34520830833697,55.17102344099524,55.160935099418595,54.9760347019719,54.73460399856356,54.44167313545074,54.20753679337881,54.05017085769526,53.57530642747042,53.00929979983223,52.48978023532825,51.947947122023535,51.45421738674403,51.38040583007106,51.0243879053965,50.46647577931244,49.79341440257116,49.397445772196534,48.92835754591822,48.458884211833826,48.03911672126135,47.88946620748312,47.69899388197797,47.64470851597331,48.15466377035573,48.04283897408505,48.11814198864986,47.99226348641512
12870105001287,1036221499977.4323,1123098786024.9885,1285269118544.4788,1377886934366.3398,1477370678116.5098,1502289054707.922,1593024920826.0354,1706832770349.1326,1706778344609.6848,1824134188581.2336,2018066100343.88,2455836280143.288,2715401610575.0483,3061743649181.832,3660285515801.242,4126551989393.7334,3700347159272.5835,4053173191686.907,4573724246945.75,4716422828027.085,5042831419122.776,5360893529105.349,5112345802431.491,5195655250871.697,5660325630852.259,6199683210068.938,6382768519978.472,5330311019752.22,6387764179635.09,7347847160203.066,7960197712929.498
12880105001288,1090844103877.5638,1158284000829.661,1333133041284.9011,1404962251225.9321,1446008031177.615,1452652147251.052,1543343365065.1826,1656947972432.0605,1671316925512.717,1762105309700.321,1995828823053.5022,2397816044319.0527,2646619500005.557,2956268067764.5015,3481227370948.9946,3939388974944.4595,3530733002880.5044,3882045009835.673,4323800340156.958,4477631870004.786,4771086299693.297,5158062785110.144,4924343468205.289,4963816183988.741,5401868343094.14,5861146351366.104,6068070976493.608,5050745435315.362,5818903165303.363,6705743516621.402,7347713718123.572
12890100001289,,,64.81021566778699,63.75708106902367,62.333409640949064,63.243911901754956,63.72725128807841,63.618543983578135,64.60595479135948,65.07240254195754,64.85865022417762,64.19154890346097,63.68789711557004,62.996010957575464,62.60918801031391,62.25511113778155,64.19672034445813,62.83568274807585,61.9996544693572,62.20134995271995,62.28523878650958,62.53151969371709,64.23263180307657,64.83359042598254,64.31146477421976,64.05692501205284,64.62776453440271,65.04878622330078,63.655290991153834,61.7622578456611,
12900100001290,,,,,,2.6769469655994413,3.2314563702480257,4.53117662168016,3.1839746986916566,2.941847464661109,2.8524498384250307,4.324687224103869,4.374920028507546,4.922226215927992,5.704779328262234,3.2117764948933996,0.3759691401084524,3.97961331290135,3.8688252346356364,3.123793495658589,3.3026230455803613,3.286175635831029,3.2053841235118625,3.212197117630808,3.7759750637435445,3.4957937521260476,3.2254741976856565,-3.6820211343366225,6.330849712892615,4.449357274787332,
12910104001291,,,,,26100092049990.484,26798777672141.363,27664768480376.38,28918308002201.137,29839059612280.945,30716879230963.547,31593062802956.38,32959363953698.94,34401309768578.01,36094620056629.555,38153738480234.95,39379151284666.234,39527204741133.195,41100234643229.11,42690330892600.81,44023888672299.01,45477831765150.99,46972313192321.61,48477956261834.555,50035163775563.53,51924479082832.055,53739651778433.695,55473010380473.195,53430482414411.42,56813085956941.33,59340903129997.67,
12920105001292,,,,,,,,,,,,,,,,,,,,,,,,,,,,,,,
12930105001293,,,,,,,,,,,,,,,,,,,,,,,,,,,,,,,
12940104001294,,,20188173482411.83,20317405884697.06,19797596204294.06,20050012700816.992,20868819670547.344,21538600752984.316,21737358910237.953,22736409247357.43,25412758016018.867,28341274290002.633,30450256650261.637,32641608896647.336,36557015363030.336,39938070943664.44,39040913721169.664,41854665260007.65,45929863449277.77,47090063205424.78,48503661896117.8,50037933193234.63,48477956261834.59,49729019464085.05,52550211975661.875,55655756520224.664,56969277975578.49,55787799263305.74,62285619908040.16,62856012914530.77,
12950105001295,17966.27829243695,20432.298198493718,21123.26463369442,21088.939604062147,21863.590866998966,21906.760922646685,22056.688345977935,22505.306829421545,22584.405791674297,22469.306441822155,22447.89577415568,22530.53858461545,22827.3892751395,23007.47017281424,23693.79878024955,23827.656341424918,23416.005692267347,23740.579888174474,24033.747783143222,24269.305406141648,24267.318677802432,24283.17604672368,31650.95944601759,24577.010596026685,24994.618243892808,25252.654858450176,25505.87180042586,25274.41547570698,26129.163643011096,26597.04257660313,25472.855735805464
12960102001296,1.0716017989933997,1.0734393137479947,1.0747333580239595,1.0755385485756637,1.0762273751083673,1.0764046415326796,1.0761288616134796,1.076382400086009,1.0755000772897534,1.0743482639996822,1.0736624983516474,1.0740166087252176,1.0737650770544414,1.0730959308161834,1.0728563999919283,1.0724908525331835,1.0720672729527712,1.0715573958157176,1.0720810759892492,1.0718876711865906,1.0698786122793151,1.069599199897631,1.067343109807766,1.0674944819158478,1.0649281917308695,1.0642279026055643,1.0630304712188468,1.0585211725921715,1.0568581052208095,1.056128130650067,
12970100001297,,,,,,,,,,,,,,,,,,,,,,,,,,,,,,,
12980100001298,,,,,,,,,,,,,,,,,,,,,,,,,,,,,,,
12990100001299,,,,,,,,,,,,,,,,,,,,,,,,,,,,,,,
13000100001300,,,,,,,,,,,,,,,,,,,,,,,,,,,,,,,
13010100001301,,,,,,,,,,,,,,,,,,,,,,,,,,,,,,,
13020100001302,,,,,,,,,,,,,,,,,,,,,,,,,,,,,,,
13030100001303,,,,,,,,,,,,,,,,,,,,,,,,,,,,,,,
13040100001304,,,,,,,,,,,,,32.7972073875035,32.66010693743411,32.26879972299812,31.923848216051443,31.81000145121634,31.476766146679736,30.961608873704275,30.59297279813769,30.53485439332814,30.37702754569821,30.297644845785317,30.354620888885176,30.197726088147217,30.030304182581048,29.819288418346318,31.178921641889442,29.878446515749804,29.134811826739103,28.181825245956503
13050100001305,,,,,,,,,,,,,,,,,,,,,,,,,,,,,,,
13060100001306,,,,,,,,,,,,,13.329339025081213,13.110606976667992,12.930334839938334,12.891123194989563,13.216650490739681,13.067963131748318,12.747875278588559,12.55732388340277,12.648201978190567,12.686904072507325,12.92420581248567,13.164522494735824,13.356364831017574,13.529518040264367,13.5728183726443,15.776925909651167,14.308380944852086,13.3124848318562,13.08582165660601
13070100001307,,,,,,,,,,,,,,,,,,,,,,,,,,,,,,,
13080100001308,,,,,,,,,,,,,22.81566404098183,22.6295160426518,22.340776499367326,22.147992127902718,22.25474194921291,22.01063475646197,21.588719209781292,21.304963335050648,21.31729648912882,21.255144272165214,21.333851286942757,21.48193066511007,21.505721158435634,21.517781058096556,21.441410109641325,23.239314014283337,21.854864868972488,20.981917200322286,20.402976821561904
13090100001309,,,,,,,,,,,,,,,,,,,,,,,,,,,,,,,
13100100001310,,,,,,,,,,,,,,,,,,,,,,,,,,,,,,,
13110100001311,,,,,,,,,,,,,,,,,,,,,,,,,,,,,,,
13120100001312,,,,,,,,,,,,,,,,,,,,,,20.929255465569447,21.418712190348206,19.878418827178937,21.07539606102627,20.5352432359584,,,,,
13130104001313,,,,,,,,,,,,,,,,,,,,,,,,,,,,,,,
13140100001314,,,,,,,,,,,,,,,,,,,,,,,30.243908588675886,,,,,,,,
13150100001315,,,,,,,,,,,10.253731343283581,9.916666666666666,9.901840490797547,9.802395209580839,9.464705882352941,8.95906432748538,8.546511627906977,8.401162790697674,8.040229885057471,8.0,7.857142857142857,7.714285714285714,7.526315789473684,7.310526315789474,7.110526315789474,6.869109947643979,6.649214659685864,,,,
13160100001316,,,,,,,,,,,10.328358208955224,9.993055555555555,9.969325153374234,9.874251497005988,9.547058823529412,9.04093567251462,8.627906976744185,8.482558139534884,8.120689655172415,8.084269662921349,7.9458730158730155,7.786825396825397,7.600526315789474,7.386578947368421,7.189368421052632,6.9366492146596865,6.713141361256545,,,,
13170100001317,,,,,,,,,,,10.223880597014926,9.86111111111111,9.846625766871165,9.748502994011975,9.411764705882353,8.900584795321638,8.488372093023257,8.343023255813954,7.982758620689655,7.949438202247191,7.818888888888889,7.65984126984127,7.47421052631579,7.260263157894738,7.068315789473684,6.821465968586388,6.603193717277487,,,,
13180100001318,,,,,,,,,,,,,,,,,,,,,,,,,,,,,,,
13190100001319,,,,,,,,,,,,,,,,,,,,,,,,,,,,,,,
13200100001320,,,,,,,,,,,,,,,,,,,,,,,,,,,,,,,
13210100001321,,,,,,,,,,,,,,,,,,,,,,,,,,,,,,,
13220100001322,,,,,,,,,,,,,,,,,,,,,,,,,,,,,,,
13230100001323,,,,,,,,,,,,,,,,,,,,,,,,,,,,,,,
13240100001324,30.085698386306863,33.28429375934655,33.816986134020304,40.7477206473756,58.2867091506919,72.2537501611891,102.78167211522945,144.0882020025116,103.29786202701365,81.71934312201968,75.5883472798987,83.23918756873606,99.1497964590016,117.63669666772523,160.61162670258378,139.24201454311483,116.18255332418028,111.41876089660401,104.16244993460677,81.62293000443583,87.1618933658216,99.6029449296314,156.494996317053,122.52568791498248,114.84947590307608,116.70519536138318,98.1105569588964,144.15632139363322,143.16210661943913,118.28904201394148,
13250105001325,7255793094000.0,8704183090000.0,9912788370000.0,12228461430000.0,17390230970000.0,21653210400000.0,30698947630000.0,46416298347404.086,33640946608382.805,27470425683278.523,28442099470505.305,35522648828892.266,44715529729409.914,57757269306429.836,88389829365348.75,83873076311125.5,66569095559822.54,70092591939610.61,72891201622479.42,58271303158294.27,63699200775026.484,74944361363391.27,101168029658780.33,77665442539514.61,77703308882275.1,84310847702296.8,75149152124766.56,102935755619284.75,120862359480865.8,104293523786895.67,
13260100001326,51.7744685168551,58.175779218698715,55.984158439214134,59.21381090804271,76.35828489824522,87.90456195003351,93.63469451464412,144.39048781210136,121.8319198872824,119.97822744985127,90.7772147714467,94.63019110266897,108.32223107065445,112.93319007862,146.9295306074734,249.6046776605203,142.87570706612067,129.93340820882779,152.38014389050724,106.79097578744454,98.74143178301354,109.1540185626625,158.79000776314598,101.67945247475888,100.03406842801985,,,,,,
13270100001327,,,,,,,,,,,,,,,,,,,,,4.677248677248677,4.804232804232805,4.942105263157894,5.036842105263158,5.347368421052631,5.507853403141361,5.68586387434555,,,,
13280100001328,,,,,,,,,,40.26450501587795,37.746181877158655,37.54859405677226,38.214651748923515,37.77231498095246,37.67568221844369,40.06816021678545,41.6257820016138,41.570288184918034,41.156896563263146,42.14436502893261,41.95429256919365,41.34953167499274,40.535997959174395,40.938725795327215,40.21531590212139,41.39951064013283,40.57558147998567,44.705174466406774,44.82230253628946,44.11153923638624,
13290105001329,,,,,,,,,,,,,,,,,,,,,,,,,,,,,,,
13300100001330,,,,,,,,12.928966434907606,12.413620244829017,12.163446384628845,12.100474620160428,12.044599974980793,11.956716880213975,11.535597004428489,11.28283334978222,11.162305529956202,10.948909307854182,10.767609978541207,10.56032262520218,10.234303958713568,9.972122634155784,9.700887413420327,9.44882311874188,9.320295395823981,9.2148770114007,9.255150320108294,9.156266374892255,,,,
13310100001331,,,,,,,,9.107898828418621,8.544873704565864,8.146653113077244,8.031659152873994,7.997090877388488,7.92173075210968,7.623768390948419,7.360199938867192,7.178859050574036,7.03423981037065,6.957583391696647,6.757421294285226,6.430016728474678,6.235553432162315,5.9889852398271115,5.866734378508834,5.72247477603626,5.652833231729654,5.720087632497665,5.6783772061052336,,,,
13320100001332,,,,,,,,16.686866865861983,16.22636972872274,16.11241612300453,16.126434791165593,16.006477413034435,15.904845801324617,15.407942841627367,15.107715323316576,15.059399338597775,14.815459982556114,14.559534033342246,14.264948351779513,13.97294383286093,13.646326365549175,13.343478810691263,13.004649403439421,12.840022388384671,12.7558004126846,12.74080165408147,12.565871179557925,,,,
13330104001333,139734486.737,139727573.737,139727603.737,139727683.737,139796423.737,139769163.737,139769163.737,139766145.737,139766535.937,139766960.937,139767416.437,139801540.397,139803496.74,139803801.687,139803883.407,140003369.10900003,140001052.93,140001326.80800003,140001646.54900002,140021205.18,140378206.15800002,140376282.95499998,140383797.19500002,140384998.85400003,140388337.65800002,140388117.18600002,140489642.69500002,140496038.92000002,140490177.61400002,140419456.72200003,
13340100001334,,,,,,,,,,,,,,,,,,,,,,,,,,,,,,,
13350100001335,,,,,,,,,,,,,,,,,,,,,,,,,,,,,,,
13360100001336,72.6995027382389,72.91483759948169,73.21473074043362,73.61760343859089,74.02579892957398,74.3610952661009,74.66341775007197,75.10374855785626,75.47221942049273,75.89417703074264,76.30317697560768,76.59515905535777,77.17958718133079,77.68562884427864,78.14616891716986,78.35205920746235,78.87627526382393,79.19781116156176,79.56948111414894,79.92891491724238,80.21493335551892,80.46912438791537,80.67576645957973,80.89363683948314,81.14640586448422,81.38758123721936,81.60652079750855,80.73655075133009,78.40969053077579,81.78517384399731,
13370100001337,62.592652109760465,62.80870370500889,63.19778285774446,63.78401846041348,64.39838628241561,64.78594846765898,65.08970740955044,65.56200309908037,65.96782310703931,66.36745520693883,66.7823739836756,67.14969469023521,67.61496321114318,68.15923595267515,68.6717683680653,68.94871367990464,69.49516109883879,69.92108372523575,70.31009796620224,70.72546229979028,71.10598048969635,71.42883473723744,71.73937828645336,72.01715278327188,72.27562990636267,72.70455613294436,73.04775158818941,71.38340978431529,69.17083515627685,73.08871277201641,
13380100001338,,,,,,,,,,,,,,,,,,,,,,,,,,,,,,,
13390100001339,,,,,,,,,,,,,,,,,,,,,,,,,,,,,,,
13400100001340,,,,,,,,,,,,,,,,,,,,,,,,,,,,,,,
13410100001341,,,,,,,,,,,,,,,,,,,,,,,,,,,,,,,
13420100001342,,,,,,,,,,,,,,,,,,,,,,,,,,,,,,,
13430100001343,,,,,,,,,,,,,,,,,,,,,,,,,,,,,,,
13440100001344,,,,,,,,,,,,,,,,,,,,,,,,,,,,,,,
13450100001345,,,,,,,,,,,,,,,,,,,,,,,,,,,,,,,
13460100001346,,,,,,,,,,,,,,,,,,,,,,,,,,,,,,,
13470100001347,,,,,,,,,,,,,,,,,,,,,,,,,,,,,,,
13480100001348,,,,,,,,,,,,,,,,,,,,,,,,,,,,,,,
13490100001349,,,,,,,,,,,,,,,,,,,,,,,,,,,,,,,
13500100001350,,,,,,,,,,,,,34.558282208588956,33.94011976047904,33.247058823529414,32.09356725146199,31.808139534883722,31.174418604651162,29.862068965517242,27.910112359550563,27.414391534391534,26.546666666666667,25.932910052910053,24.95407407407407,23.96904761904762,23.842894736842105,23.121842105263156,,,,
13510100001351,13.765568449298502,,,,,,15.405351470276859,,,,,,14.069567778147022,14.540237897171298,14.763250164046097,14.362592277581314,13.148103296542175,13.336106293678013,13.681288989680464,13.732554939361755,13.951298714299687,13.934369179086632,13.942181614457889,13.823737537628137,14.103165338372214,13.81702664365969,13.72169858931258,13.599964396382457,14.2542270788586,14.337842616473909,
13520105001352,,,,,,,,,,,,,,,,,,,,,,,,,,,,,,,
13530105001353,,,,,,,,,,,,,,,,,,,,,,,,,,,,,,,
13540105001354,,,,,,,,,,,,,,,,,,,,,,,,,,,,,,,
13550104001355,,,,,,,,,,,,,,,,,,,,,,,,,,,,,,,
13560100001356,,,,,,,,,,,,,,,,,,,,,,,,,,,,,,,
13570105001357,,,,,,,,,,,,,,,,,,,,,,,,,,,,,,,
13580100001358,,,,,,33.715300453306234,34.08140486185467,,32.42535361190677,32.399672867382705,32.90200080905129,34.167886299931276,33.76867224703177,33.134389683386026,33.07874657983135,31.74908561030311,30.874713230183254,31.53161527835126,32.596231953619714,32.58939887821578,32.719997436534825,32.90340969436081,33.69510212167667,34.272878914928974,33.53595910860582,33.59616580345982,32.89676735146909,33.02897922121974,33.172999364040095,32.1358672625944,
13590100001359,,,,,,,,,,,,,,,,,,,,,,,,,,,,,,,
13600105001360,,,,,,,,,,,,,,,,,,,,,,,,,,,,,,,
13610100001361,,,,,,20.416628072986725,20.69303811792075,,20.918027162644883,20.716434061649615,20.172870952975146,19.78662258426095,20.110036805283595,19.867308018399154,19.429377166220988,21.189486684359032,21.46158853497849,21.256623850883543,21.81936746005869,21.188002610943357,21.434407856027725,21.512131090864077,23.10780789135172,22.43598337578764,22.75036496350365,24.151420240361134,23.498835687821558,24.434007903702202,25.216208741517487,27.357152197118694,
13620100001362,,,,,,,,,,,,,,,,,,,,,,,,,,,,,,,
13630105001363,,,,,,,,,,,,,,,,,,,,,,,,,,,,,,,
13640100001364,,,,,,,,,,,6.066854599978457,5.507153061429807,,,5.18065659621387,4.744811625547667,4.491345438340108,4.3816314611116525,4.399771436881252,4.361769670577791,4.117491457287,3.9121238666324807,4.941556173317739,4.448243046272038,4.364288713411046,3.737528696904821,3.767240866697196,3.9038825420762846,3.8736342968921473,,
13650105001365,,,,,,,,,,,,,,,,,,,,,,,,,,,,,,,
13660104001366,,,,,,,,,,,,,,,,,,,,,,,,,,,,,,,
13670100001367,,,,,,,,,,,,,,,,,,,,,,,,,,,,,,,
13680100001368,,,,,,,,,,,,,,,,,,,,,,,,,,,,,,,
13690105001369,,,,,,,,,,,,,,,,,,,,,,,,,,,,,,,
13700100001370,,,,,,,,,,,,,,,,,,,,,,,,13.345680025554271,14.337487860956646,14.33751500372177,14.599801406318011,14.787110913880488,14.552260383836673,,
13710100001371,,,,,,,,,,,,,,,,,,,,,,,,14.40023915768327,14.57237684723024,14.572405137880166,14.701448309782181,14.754119443121304,15.272336175933589,,
13720100001372,34.1465301513672,34.7024307250977,35.5640411376953,36.342700958252,37.0227508544922,37.9520492553711,38.7408218383789,39.2619514465332,39.7359313964844,40.0373611450195,39.8794784545898,40.1700592041016,40.6675682067871,40.9971694946289,41.3948097229004,41.7072601318359,42.0828094482422,42.1213493347168,42.1562805175781,42.0961685180664,42.2425689697266,42.3906784057617,42.4968795776367,42.5880393981934,42.9320793151855,43.1904487609863,43.372631072998,43.5973510742188,43.8300094604492,44.1366500854492,44.2667388916016
13730100001373,,,,,,,,,,,,,,,,,,,,,,,,,,,,,,,
13740100001374,,,,,,,,,,,,,205.34259259259258,201.59337349397592,200.5,200.13235294117646,192.01169590643275,186.62280701754386,181.95058139534885,175.77142857142857,170.22194594594595,166.23419354838708,165.07627027027024,161.72691891891893,160.0368108108108,157.43032258064514,153.98586021505378,,,,
13750100001375,,,,,,,,,,,606.5895522388059,619.6597222222222,636.0490797546013,633.6287425149701,630.8941176470588,634.8830409356725,627.953488372093,626.6918604651163,633.419540229885,639.3089887640449,648.9958730158729,652.8583068783068,652.0748421052631,653.8837894736841,651.7532631578946,651.5922513089005,649.7039267015706,,,,
13760100001376,,,,,,,,,,,,,,,,,113.71511627906976,107.63372093023256,105.70689655172414,104.31460674157303,104.78714285714288,99.50428571428571,92.3444623655914,90.53645161290322,88.38080645161291,84.87582887700535,82.50336898395723,,,,
13770100001377,,,,,,,,,,,,,,,,,,,,,,,,,,,,,,,32.63305785123969
13780100001378,,,,,,,,,,,,92.63571428571429,89.45597484276729,83.89263803680981,78.32228915662651,70.8562874251497,64.79166666666667,57.92307692307692,54.90643274853801,53.35344827586207,51.294918918918924,49.743135135135134,49.835913978494624,50.55610215053763,49.54088709677419,47.836069518716585,46.8501871657754,,,,
13790100001379,,,,,,,,,,,51.51044776119403,48.46111111111111,50.72024539877302,47.8437125748503,43.31058823529411,39.94619883040936,37.728488372093025,35.937790697674416,31.87528735632184,31.35786516853933,26.779365079365082,24.2994708994709,23.40368421052632,23.00526315789474,21.49526315789474,20.500523560209427,19.598429319371725,,,,
13800100001380,,,,,,,,,,,51.56716417910448,48.53125,50.785276073619634,47.91017964071856,43.38529411764706,40.0233918128655,37.80523255813954,36.01453488372093,31.951149425287355,31.43258426966292,26.850211640211644,24.36952380952381,23.472894736842107,23.075368421052634,21.5623947368421,20.564659685863873,19.659031413612567,,,,
13810100001381,,,,,,,,,,,51.46268656716418,48.39930555555556,50.66257668711656,47.78443113772455,43.25,39.88304093567251,37.6656976744186,35.875,31.813218390804597,31.297752808988765,26.72322751322751,24.242539682539682,23.346578947368425,22.949052631578947,21.441342105263157,20.449476439790573,19.549083769633505,,,,
13820100001382,,,,,,,,,,,,,,,,,,,,,,,,,,,,,,,8.563779527559053
13830100001383,,,,,,,,,,,,,,,,,,,,,,60.62288695935831,60.43872282659577,59.714333837234065,58.30292335319151,55.4697972613757,52.86932795425535,,,,
13840100001384,,,,,,,,,,,,,,,,,,,,,,54.99291787165777,53.942423627659586,52.90168485106383,51.101661042553204,48.15890368253969,44.555596351063826,,,,
13850100001385,,,,,,,,,,,,,,,,,,,,,,76.21877826417114,76.16708274148937,76.69272795425533,74.50231119893617,69.83423891746034,66.9454952787234,,,,
13860100001386,,,,,,,,,,,,,,,,,,,,,,73.04565354010695,69.77679309574468,66.77283745744681,65.05911267021277,60.564408740740745,53.048907191489356,,,,
13870100001387,,,,,,,,,,,,,,,,,,,,,,,,,,,,,,,
13880100001388,,,,,,,,,,,,,301.9723926380368,299.9580838323353,291.8264705882353,276.3827485380117,263.02005813953485,258.3854651162791,253.13505747126436,247.52808988764045,260.99626984126985,257.149708994709,254.86796296296296,243.7634656084656,238.74865079365077,235.04365789473684,233.36444736842105,,,,
13890100001389,,,,,,,,,,,2.7736,2.744961240310077,2.7647887323943667,2.733561643835616,2.6813333333333333,2.6735099337748345,2.6677631578947376,2.631578947368421,2.584415584415584,2.576923076923077,2.51556886227545,2.516766467065869,2.5137724550898213,2.500000000000001,2.4958083832335336,2.489880952380954,2.4690476190476205,,,,
13900100001390,,,,,,,,5.109159048871132,5.082925647613452,5.007815125925772,4.964198267951405,4.957083104861299,5.006489588057548,5.105498102491312,5.226778595968495,5.38000442055733,5.5247896500790485,5.712994002788791,5.8538423767068135,5.944342559609104,5.952814912245557,5.922758765337314,5.886030683832444,5.794767828895466,5.62382127758505,5.4412807123770115,5.430073030730654,4.892761058528084,,,
13910100001391,,,,,,,,2.151211560086787,2.138721488239289,2.1027812524935943,2.082019568644014,2.0755911588755493,2.0904607548090195,2.126668285884432,2.172380526577334,2.2226548956362064,2.27173096763972,2.3371668066673656,2.3888445631750996,2.423197922519208,2.421423774968013,2.4030136767732757,2.380159138049949,2.336683049926809,2.2602171224105425,2.1777891610329907,2.1717606613094182,1.9529491680729387,,,
13920100001392,,,,,,,,8.112477926960468,8.071490181021392,7.9496361460806355,7.883642574655417,7.875384458106062,7.953377202928019,8.111542982058053,8.314388389971295,8.567579303450984,8.811806464562903,9.119232228496282,9.346827204263162,9.495664822546244,9.510895195801435,9.463479096700713,9.411920457885323,9.270961534611573,9.01111617910209,8.721967933263896,8.706543620183101,7.852146752409668,,,
13940100001393,,,,,,,,,,,,,,,,,,,,,,,,,,,,,,,
13930100001394,,,,,,,,,,,,,,,,,,,,,,,,,,,,,,,
13950104001395,112408732.5,121443971.52000001,124898523.02000001,129337224.02,129196285.96000001,123663091.11999999,132869687.16,136683410.68,136419305.8,139827520.35,139881279.72,148713937.56,151595247.07,153125714.62,156761180.92000002,159863062.87,162868165.97000003,165002301.49,173042019.61999997,176612340.90999994,184564554.85,189858067.30999994,195335015.23999992,197334941.58,204917734.63,211338084.77,211345160.55,211948517.05999988,216986542.45999998,213618123.49000004,
13960100001396,0.17835089334855458,1.0935363369399556,3.635959437396998,5.440639413076924,6.711625659694376,6.841513610311243,7.457992111341803,10.186937921003162,11.204234816698124,12.360469724828723,16.994626363308257,21.61938696882744,25.55949208392416,29.082050242147158,32.90314225449473,33.825600312757864,32.656139190056294,39.24637740859538,43.4043102749438,45.556986357992166,47.96637874578229,48.94119477084681,48.39642259865628,48.885797930959924,51.26658478044768,54.843171683136845,55.32256076992812,50.53784631475343,57.66060616635233,59.54637734894603,
13970104001397,32754.499601386,33105.296608465,33930.453464834,34568.271769684,34977.180827573,35063.25696746,35288.379018521,36175.146339497,36459.505245618,36898.841092887,38408.489243749,39984.011493845,41296.884921509,42471.717655328,43748.941012064,44027.325049928,43604.463517238,45814.943385457,47176.996289592,47789.989687533,48587.899105875,48930.176836513,48808.767176475,49058.441256192,49878.733808628,51026.627449023,51278.347919753,49327.538885203,51568.250032106,51968.471600641,52962.900858703
13980104001398,5.756892859061099,5.725746137594328,5.777306099745721,5.795222348566482,5.772015427830484,5.697498959479592,5.649723215424592,5.709501412791356,5.682594545632051,5.662806194837906,5.82388296326822,5.976839489682468,6.096954624228919,6.190678878568968,6.2947149643907885,6.257934435938055,6.130066440229936,6.362572137218699,6.475429801375733,6.488467209320318,6.517393524338385,6.480917364569013,6.379057736379696,6.3316121061618515,6.359756031179065,6.43835133966475,6.406578376677815,6.142677724355973,6.368581879887038,6.349083982319768,6.406841587720005
13990100001399,31899.8470872137,32100.0249996606,34075.9327616629,33610.3353556657,32984.5500501157,34335.3849448634,34679.1597514638,36704.4150987215,35413.7456647747,36771.0708789032,38590.5398148981,41125.8481929672,41077.2550964448,43139.2405328811,43331.6649189912,42831.4437967706,41836.7167702716,43924.1289125116,47535.570258557,48432.3091467661,48204.6633642254,48999.1286964165,49218.827508222,47875.5013412219,49119.0484447783,50984.951003622,51278.3473950544,48871.4223102366,51737.7229306747,51838.0647262664,54500.7066852349
14000100001400,1.575017274642653,1.4265412035546325,1.5113554788331613,1.7764832000062076,1.6311730733133305,1.046319304423909,1.2857971444146534,2.2456647561648495,1.9578098609060717,1.7758887272963437,1.9988978657992216,2.518774287036743,3.2408316922928497,3.5376266167833967,3.632147339195337,5.00985923543803,2.7669500580549378,3.6827370503645844,4.813798597287548,4.063966211834878,3.6524550560020796,3.1682211481144864,1.7384060640003463,1.5530763226873208,1.9772292614474474,2.5100244569481154,2.1515955251051206,1.469660343386047,3.0301622850621013,,
14010100001401,,,,,,,,,,,,,,,,,,,,,,,,,,,,,,,
14020105001402,,,,,,,,,,,,,,,,,,,,,,,,,,,,,,,
14030105001403,4.5808701342336375,4.689837837132876,4.24061689150326,4.619828380831326,5.212882540968877,5.473525716351945,5.766084838516375,5.502441154511244,6.576595485742338,7.8472606315211095,8.968139250720085,9.564974038556247,9.935967606800826,10.662780710647779,11.973909820824801,12.166970842269091,15.54794247286488,13.994102427847674,13.23339847765764,13.14440743700838,13.70560830266962,13.085416639232436,13.142778906224013,12.993528465552346,12.131337007467625,10.836063711567599,11.157383990756488,13.400481869415577,10.813056727974269,9.124862705968381,9.321063181702165
14040105001404,,,,,,,,,,,,,,,,,,,,,,,,,,,,,,,
14050100001405,,,,,,,,,,,,,53.10368098159511,51.91856287425151,50.72058823529415,49.82105263157898,48.564534883720945,47.24069767441862,44.192528735632216,43.53932584269663,41.8857142857143,40.5804232804233,40.46666666666667,40.31322751322751,40.353968253968254,40.29157894736844,40.38368421052632,,,,
14060100001406,40.34674744245426,41.28496838339757,43.10133011672124,43.23598507794763,45.07551148393029,45.55809846375011,46.02075616630572,50.424804473856554,49.29696905745282,49.347727807921856,51.02524070912998,54.604181095935225,56.64536814407163,58.80551528133322,59.19162126523571,60.816362918163385,52.30667985873195,56.663517497628376,59.78374908231085,59.59930105789211,58.89069231676139,58.282673029029425,55.91200582417722,54.11407756677522,55.83483820815074,57.352427787158256,56.11888744229026,52.22613823195856,57.06877089831234,62.843642125883946,58.51161962210617
14070100001407,8.286003502744398,8.225324653138996,8.463396917533744,7.8247585992074,8.249881583615412,8.531398010973577,8.898248703642116,9.23539806792782,9.362872906318408,9.771553052453626,9.76282826342393,10.494761458121214,11.039745432132952,11.451409318748274,12.077783546459727,12.434035942762227,11.755788528998838,11.789374188512815,11.912924542307136,12.044981208742591,12.47109433268485,12.999241058604689,13.167873120239157,13.125874886846134,13.41449424929498,13.73324804197163,13.962634852532306,11.94875072609664,12.321718940366452,13.642997455624565,14.245012101228776
14080100001408,,,,,,,,,,,,1519900.0,1531500.0,1681300.0,1780000.0,1775900.0,1445400.0,1551800.0,1686000.0,1722300.0,1782300.0,1790100.0,1852900.0,1971300.0,2106800.0,2325500.0,2351700.0,2384600.0,2897100.0,,
14090100001409,,,,,,,,,,,,3065300.0,3378900.0,3619900.0,3787200.0,3740300.0,3773800.0,4267000.0,4635600.0,4934700.0,5285300.0,5854800.0,6784000.0,7788800.0,10257500.0,11967600.0,12752000.0,14799300.0,15285200.0,,
14100100001410,,,,,,,,,,,,,,,,,,,,,,,86.1400833129883,84.359619140625,84.8273315429688,84.2630233764648,84.3495635986328,83.8968963623047,84.9154281616211,84.9975433349609,
14110100001411,,,,,,,,,,,,,,,,,,,,,,,87.5340118408203,85.8837890625,86.6734924316406,85.8144302368164,85.7798233032227,84.8265380859375,85.4220428466797,85.5051879882812,
14120100001412,,,,,,,,,,,,,,,,,,,,,,,84.3743362426758,82.4187622070312,82.4178314208984,82.2088317871094,82.4318237304688,82.6205291748047,84.2096633911133,84.2830276489258,
14130100001413,,,,,,,,,,,,,,,,,,,,,,,,,,,86.8215408325195,84.328483581543,83.5212707519531,85.4997406005859,
14140100001414,,,,,,,,,,,,,,,,,,,,,,,,,,,87.7783889770508,86.0559234619141,85.1410369873047,86.0855102539062,
14150100001415,,,,,,,,,,,,,,,,,,,,,,,,,,,71.6030197143555,59.0045700073242,59.1961097717285,76.7246017456055,
14160100001416,,,,,,,,,,,,,,,,,,90.2415771484375,88.9961471557617,88.8747711181641,86.7033920288086,86.4828262329102,85.9975204467773,84.175666809082,85.3807525634766,86.706169128418,86.3025817871094,86.5124816894531,87.2029495239258,85.878547668457,85.070182800293
14170100001417,,,,,,,,,,,,,,,,,,,,91.0702972412109,88.9839935302734,88.4499206542969,87.9352493286133,86.4475631713867,87.3175964355469,88.4243469238281,87.9221496582031,87.8683776855469,88.3227920532227,87.2881469726562,
14180100001418,,,,,,,,,,,,,,,,,,,,85.0561904907227,82.7283325195312,82.9808197021484,82.4587631225586,79.9565811157227,81.654182434082,83.2792510986328,82.9934387207031,83.6891784667969,84.8438568115234,82.8685302734375,
14190100001419,,,,,,,,,,,,,,,,,,,,,,,,85.8213806152344,85.8417510986328,86.9950790405273,84.4366226196289,84.7124481201172,86.0272216796875,85.1666412353516,84.0008316040039
14200100001420,,,,,,,,,,,,,,,,,,,,,,,,88.1526107788086,88.0015335083008,89.0140609741211,86.3798522949219,86.6038284301758,87.3744125366211,86.2538986206055,
14210100001421,,,,,,,,,,,,,,,,,,,,,,,,83.1470336914062,83.3022384643555,84.5928573608398,82.1050262451172,82.4248733520508,84.3725280761719,83.8178482055664,
14220100001422,,,,,,,,,,,,,,,,,,,,,,,,87.7102508544922,87.1607971191406,90.5452423095703,84.5481491088867,85.7706985473633,87.4630279541016,85.379753112793,
14230100001423,,,,,,,,,,,,,,,,,,,,,,,,91.4312362670898,89.930419921875,93.6672286987305,87.2426223754883,89.2360229492188,90.2450866699219,87.3257904052734,
14240100001424,,,,,,,,,,,,,,,,,,,,,,,,83.9763717651367,84.3139266967773,87.3079986572266,81.7397689819336,82.207893371582,84.5523834228516,83.3161087036133,
14250100001425,24.826489989915505,25.486910224983433,25.254842690500325,24.069338006482283,22.09337217246727,21.884590802206993,21.788024404482062,21.92538549516094,22.01579322287651,22.140363795119736,23.188939704693862,23.504021674582333,24.373203022952936,24.373647817628406,24.33338179643598,24.789863077357154,21.411557820905596,23.030846496063006,22.54827859321177,22.340179530758206,21.16757241325253,20.545632269740164,19.970474810254768,19.024897171080102,19.128833038386137,19.09767007454759,18.91920956870765,20.176845714994155,23.667623998349306,24.32421740884971,19.784604738091776
14260100001426,34.80193630942951,34.46956533677616,33.53026720011696,32.46926827721552,30.97943847006532,29.241558453430027,27.94067811454529,28.807596687382564,28.326673503082635,27.473711598194004,28.147189609502444,29.04238524234753,29.376390617180704,29.03366804545453,29.104395049053444,28.94255348557249,25.379423757686887,26.984570469091125,27.17642490946661,26.81975590263706,25.235351132796982,23.990509667166364,22.972448226935,21.927440178937374,22.165688486174215,22.559802179059734,22.116685953029315,22.741508377064253,26.14387910103997,27.803927706014427,23.520193593755707
14270100001427,23.131685152825536,23.407443775321777,23.549511931000634,23.14501774244719,22.136514292756384,21.884882874325008,21.21378679694694,21.36838734554567,21.292557861339457,20.918975612271026,21.375396822043495,21.825198884189565,21.916272896402152,21.681907234548206,21.703750714311628,22.505487938352577,19.515071431511636,20.836229728628037,20.34139321507422,20.039576723370608,18.95095994382787,18.508541233662342,17.526036221285786,16.503396218189756,16.72576065700318,16.834181939909534,16.502000719328183,16.490105975396958,19.047113788022017,20.554446051202447,16.649672990404895
14280100001428,28.969440041781,29.506991764435675,29.66823419666916,28.15675875870485,27.967630680372082,26.977027968630733,25.57931229569224,26.43720884362424,25.86910501582182,24.91421036816492,25.16469723392984,25.979807887802465,26.002534154296296,25.884783131818377,26.18471246007645,26.30809879552877,22.801605543016397,24.420620506598187,24.75429851612368,24.614074116732983,23.31353170562721,22.01838500377334,20.905219316641134,19.791971933113707,20.005739059668713,20.53043043563312,19.738828901521096,19.951491322505166,23.18831114161251,25.047394259547136,21.269077213713928
14290100001429,35.50783550808546,35.63378225912767,36.33495386953516,35.70268765512408,29.85465895789988,30.398730527580078,29.726996619785023,29.18298710073045,28.801242503337164,27.444400537174737,28.59590289265856,28.34591814436672,28.451061547494838,27.65647727858228,25.988034918842008,25.684389262982208,26.38258154620382,25.713880749010837,25.570590137507782,25.681882793782933,26.06026536771219,25.378583957055103,25.48995827753091,25.773728427627965,25.232503719985278,25.05272229309316,24.535462624215427,12.492684653230747,11.03423187563387,16.190584476088812,20.047921877515794
14300100001430,30.059093443011598,29.696744980471898,28.579957369070915,29.657339673944364,30.053371458890112,30.01188251541008,29.745357342179947,29.389605440917755,28.835833984597897,28.34099295167109,27.31828471095034,26.654309280889844,26.123764571387948,24.854846199181544,24.151599953416632,23.306952122465383,24.55787909053425,23.99948793170583,23.691579540835935,24.28210647698661,24.61444224995588,26.037834422252537,26.435701236680153,26.63273404614552,26.645205930433534,26.361344635747123,26.008444069207773,13.275720788556947,12.233304867824073,17.342187657563763,22.427108925871753
14310100001431,34.02473595590436,34.065573307776035,34.28079778567331,32.82995471632376,31.0507884268554,30.715720560922424,30.265393364777147,29.241360857763528,28.445473892261194,27.71725190940399,27.82124220078767,27.05130533408819,26.164433998043886,25.202947962689457,24.33708451040918,23.690936115489876,24.13814333019383,23.92307884788499,23.795744758546025,23.98870077547713,24.40801169705127,23.87916725648951,23.746431766933814,23.89292465829602,23.81123385077443,23.514508162009648,23.209508764114922,10.43341535037132,10.029553100387428,15.22180568091954,18.86676976507239
14320100001432,30.759757812237027,31.1496212237833,30.461164035727425,30.491654393256486,29.704900256112005,29.813388272903513,29.63126369430213,28.550569870473897,27.64918476794434,27.535246192610344,27.207291995920784,26.22089816762778,25.040560473393164,23.71198369826995,23.286904423967457,22.340454283204583,23.017810899973917,22.62615173901959,22.44779346467045,22.96245286994986,23.2684269069395,24.427958095674565,24.25498404986437,24.298602819297766,24.27381501539903,24.110321043895365,23.214290784542133,11.157767387699465,10.844608934304267,15.874975199683755,20.009099828967607
14330100001433,,,,,,,,34.0,34.0,36.0,39.0,42.0,44.0,46.0,48.0,50.0,51.0,51.0,51.0,51.0,52.0,55.0,56.0,60.0,60.0,66.0,69.0,58.0,62.0,70.0,75.0
14340100001434,,,,,,,,69.0,73.0,76.0,80.0,81.0,84.0,84.0,85.0,85.0,85.0,84.0,87.0,86.0,86.0,83.0,83.0,81.0,85.0,85.0,86.0,86.0,87.0,88.0,
14350100001435,,,,,,,,45.0,,,,,50.0,,,,,58.0,,,,,65.0,,67.0,,68.0,,68.0,,
14360100001436,,,,,,,,,,,,,,,,,,,,,,,,,,,,,,,
14370100001437,,,,,,,,,,,,,,,,,,,,,,,,,,,,,,,
14380100001438,,,,,,,,,,,,,,,,,,,,,,,,,,,,,,,
14390100001439,,,,,,,,,,,,,,,,,,,,,,,,,,,,,,,
14400100001440,,,,,,,,,,,,,,,,,,,,,,,,,,,,,,,
14410100001441,,,,,,,,,,,,,,,,,,,,,,,,,,,,,,,
14420100001442,,,,,,,,,,,,,,,,,,,,,,,,,,,,,,,
14430100001443,,,,,,,,,,,,,,,,,,,,,,,,,,,,,,,
14440100001444,,,,,,,,,,,,,,,,,,,,,,,,,,,,,,,
14450100001445,5.5126410026620105,5.840757129462814,6.032978810958581,6.125028532918736,6.220661691839708,6.36538532948581,6.4685369719693355,6.292636949173097,6.332783829440488,6.5259684541204965,6.634331692549511,6.562574639767612,6.457759972872555,6.181012479202253,5.950009313075266,5.9358166524990414,6.454567124135645,6.349339593580798,6.238782974013391,6.1983151911216545,6.134744205139552,5.980127248417291,6.056863619213994,6.0264266327091915,5.9536036451182905,5.78290106217761,5.655292259394439,6.571636145723866,6.167059075741771,5.473530557987854,5.109341282836357
14460100001446,,,,,,,,5.94108978684363,,,,,7.447124677013697,,,,,,,,,,,,,,6.639645277515199,,,,
14470100001447,5.5903494886686,5.77435607674369,5.862748321593557,5.905789011824341,5.8919672885446115,6.042971460434748,6.169806059759148,6.0109906473803685,6.115981836387792,6.363560756287143,6.403474527960873,6.188554878911459,6.073917958595843,5.840549861262408,5.663393182218971,5.764159307548576,6.396608955201994,6.245009648607456,6.103191915022402,6.134415742236093,6.089261025233203,5.9568345857491165,5.973640624840519,5.9467786228202515,5.876725833880617,5.7598968079783965,5.561936996846291,6.6330211955538,5.996478033821737,5.119758983398887,4.787200207483119
14480100001448,,,,,,,,5.090883487227678,,,,,5.708226484075641,,,,,,,,,,,,,,5.864409268723753,,,,
14490100001449,5.559694392620191,5.800498887185872,5.930044013536984,5.992538859592134,6.022390650847726,6.1709744711353185,6.288614734443237,6.123040740942271,6.202246425813754,6.4282441321750285,6.495495403040526,6.337595407990397,6.227128116772864,5.976250262395809,5.77753757637344,5.832309710501025,6.419614941418164,6.286334690190077,6.156885835313642,6.159641648438996,6.10721944572915,5.965959564199619,6.006559268837029,5.978273843013462,5.907231412541452,5.768983082549558,5.598930795209607,6.608805016987054,6.064445978974469,5.260710888862873,4.9165722163292305
14500100001450,,4.920390894312451,,5.639674122533162,,,6.233298185602314,5.50519992614446,6.0516637199570225,,6.450819262562224,,5.7744821476318595,5.749517975065147,5.551746529153999,,6.3445198551271,5.488213786148815,5.8940367235248,5.4391008038372455,5.625096133301834,5.594375953063902,,,5.6024929633343845,5.978452139899696,5.906427856487667,6.709474329213143,6.208237342959304,,
14510100001451,12.644708891222187,13.33336180108661,13.960696292892894,14.096168254676817,14.423905663569908,14.781528346538453,15.066904984999624,15.04645572926286,15.274565305508348,15.585127823383061,15.718131578254464,15.861200129850348,15.929316560911284,15.58518246275582,15.128115664700944,15.405027825082286,16.215917828936075,16.22096150968617,16.294131716382797,16.50117240525287,16.672232516208886,16.637044522755907,17.035317465922766,17.030058956773157,17.269780543212114,17.304533178995303,16.83280638849412,18.98969854970098,17.002003746386876,15.864789918773905,14.890247736062143
14520100001452,,,,,,,,12.229754502583159,,,,,,,,,,,,,,,,,,,19.440034305729327,,,,
14530100001453,12.434425421522329,12.884379259298537,13.189975381343627,13.37202299224043,13.442611601948956,13.830398481523638,14.092633319243006,13.97830924725444,14.20825144971262,14.667134019660953,14.753333384098042,14.438848281071662,14.476018367844889,14.096513175793302,13.823541872695527,14.047394281355526,15.101451269629932,15.027125034276857,15.085615872040083,15.511763899310095,15.484799353200568,15.39356657345778,15.67707698420221,15.744997149994122,15.737737388173498,15.486286132232985,14.837637735143288,16.543362787840596,15.285802834987962,13.804454334691949,13.295874522510601
14540100001454,,,,,,,,11.662035370461448,,,,,,,,,,,,,,,,,,,16.817863717777247,,,,
14550100001455,12.461459788525062,13.003916507673251,13.434859413043073,13.603837947493343,13.747890172962128,14.108377388861346,14.38424954467996,14.286865527764503,14.502129861366738,14.909597391653312,15.015416318684736,14.853143456147562,14.88060783726571,14.503396742289242,14.148575961958821,14.354373567343501,15.308467428813094,15.253008516114521,15.33050135930144,15.703863132940175,15.715702169238535,15.632580394718941,15.980690102090213,16.05651981896056,16.090623645316477,15.906088196594945,15.264764631600736,17.118612277913595,15.678322189386368,14.201212016952907,13.561639360906456
14560100001456,,,,,,,,11.705549665320271,,,,,,,,,,,,,,,,,,17.260139262730764,16.63398876142809,18.166194984713364,16.631836412867415,,
14570100001457,,,,,,,,12.525146834017116,,,,,,,,,,,,,,,,,,,,,,,
14580100001458,,,,,,,,1609822.0224045317,,,,,,,,,,,,,,,1907334.0257958039,,,,,,,,
14590100001459,,,,,,,,0.07514753909315644,,,,,,,,,,,,,,,0.08684385523972021,,,,,,,,
14600100001460,,,,,,,,98325.7953683419,,,,,,,,,,,,,,,113659.37812846899,,,,,,,,
14610101001461,2451132324.0,2509264989.0,2567698865.0,2626673220.0,2686404070.0,2747145298.0,2808300413.0,2870259627.0,2936774963.0,3006593779.0,3077287387.0,3149597901.0,3223020394.0,3297219996.0,3371751241.0,3448762439.0,3526092189.0,3602765959.0,3678301491.0,3756420932.0,3836192822.0,3916437736.0,3997675392.0,4079139680.0,4159862103.0,4238877472.0,4317201037.0,4395641624.0,4464635019.0,4538431007.0,4614425176.0
14620100001462,44.06390068065262,44.42184515903858,44.7775946824693,45.12861325019716,45.48416755628741,45.84740444458925,46.21572914992855,46.59472801343203,47.03913258967251,47.5300783483742,48.0240437920389,48.524249111151846,49.028329192411874,49.52362101148739,50.008702169219276,50.50695399943128,50.99711160038841,51.47657416949454,51.92134398909408,52.36180091695726,52.81495489070474,53.26993211121334,53.734752309018226,54.195530896252535,54.646689147464684,55.08854862956722,55.526209657926245,55.96465873913248,56.37615076800119,56.81429843662768,57.25027843470541
14630100001463,2.425800467748914,2.3716657167301918,2.328724796151846,2.296778481459512,2.2740114584942575,2.2610607495096673,2.2261332534730798,2.2062886759971434,2.3173978888286797,2.377397549340259,2.3512856473584947,2.3498134852622456,2.331170368658448,2.3021760004414062,2.26042681684622,2.2840118530559153,2.24224635264882,2.1744686721235382,2.096598359693786,2.123791135423275,2.123614244624278,2.0917852079751214,2.0742741612680646,2.037791466586384,1.978908037785061,1.899470872917064,1.8477430762594054,1.8169315333646807,1.5695864427003983,1.6529008012065702,1.6744590560655865
14640100001464,,,,,,,,2.9833009256512426,,,,,,,,,,,,,,,3.189871872573149,,,,,,,,
14650105001465,,,,,,,,,,,,,,,,,,,,,,,,,,,,,,,
14660100001466,,,,,,,,,,,,,,,,,,,,,,,,,,,,,,,
14670100001467,,,,,,,,,,,,,,,,,,,,,,,,,,,,,,,
14680100001468,,,,,,,,,,,,,,,,,,,,,,,,,,,,,,,
14690100001469,,,,,,,,,,,,,,,,,,,,,,,,,,,,,,,
14700100001470,,,,,,,,,,,,,,,,,,,,,,,,,,,,,,,
14710100001471,,,,,,,,,,,,,,,,,,,,,,,,,,,,,,,
14720100001472,,,,,,,,,,,,,,,,,,,,,,,,,,,,,,,
14730100001473,,,,,,,,,,,,,,,,,,,,,,,,,,,,,,,
14740100001474,,,,,,,,,,,,,,,,,,,,,,,,,,,,,,,
14750100001475,53.06954148713847,52.9333008676591,52.77725008505379,52.526649937323064,52.3185523379755,52.25360083323322,51.95941214709225,51.727317348078,51.33136567006866,51.06561930531529,50.860803189800464,50.38680945810061,49.85503489052574,49.248405054757114,48.779970485787025,48.20748077081315,48.0583457887045,47.760888901322666,47.211550783795815,46.508820188356154,46.13219715164441,45.60038919699888,45.132928125964966,44.73464764724384,44.53444833862246,44.29863462726113,44.251016403548405,44.68811212328905,44.77392838603744,44.82862194508159,45.118926594617754
14760100001476,52.0057265863093,51.90644850401494,51.75310573388445,51.5883741824913,51.3699556703379,51.401864659918054,51.21394679890122,50.979529472128434,50.65454475306621,50.418289511257385,50.268554229746805,49.71395055713287,49.121811833687154,48.603186885724995,47.983108489526906,47.50526013184713,47.476828223360314,47.14497393758972,46.564243823569285,45.86162649326243,45.4826906837589,45.05192141890328,44.5503715793396,44.10369109840377,43.92386536537463,43.669564142762226,43.65341311480748,44.25562221799518,44.091857601121546,43.98274350912765,43.44561177934668
14770100001477,52.424887879467335,52.311566113576184,52.15752188707934,51.959313582471665,51.745176076015184,51.73923288387274,51.50985875964585,51.27678216976762,50.9236193632953,50.675901958135555,50.50426061072302,49.98158790190415,49.413656819553474,48.85969379992776,48.299834478190014,47.783871172119866,47.707670456215666,47.38885650631689,46.82006513105244,46.117219180605595,45.73901993579721,45.26836993341007,44.78035560413887,44.35289392233972,44.16528987600152,43.918546958182404,43.89025025259943,44.42641681885115,44.36280196458149,44.31907841993406,44.1159671327426
14780100001478,45.14711810335345,45.25276418049212,45.379738839558655,45.613928611217766,45.79368487065535,45.838585202650016,46.081074159983366,46.3181453733644,46.685873138845196,46.9393621095943,47.138399201215734,47.58525270249247,48.09495374978994,48.66961350561707,49.093113757063506,49.657411409092084,49.803686955434394,50.116631376573835,50.65711941249399,51.333436881929565,51.69945116897072,52.250215341929135,52.697619517206746,53.08418831364581,53.27882326241627,53.48340783313512,53.524544402327194,53.087608223665,52.99537294731104,52.90666715468196,52.62207954418457
14790100001479,43.65700500273795,43.70626039394238,43.8406194530095,44.02777646573615,44.19771516637046,44.18323449490831,44.32822858838182,44.571032942009836,44.81382316258305,45.03450002868111,45.163753409098014,45.65867705713784,46.26029009093511,46.74564472272922,47.36554600838116,47.814704600605864,47.84017569632745,48.22805520111424,48.79910857145692,49.471343403333584,49.88784627648119,50.303493442813284,50.786898273084894,51.227735219140584,51.34681906057789,51.52669587116141,51.587938083565994,51.03453916224435,51.27307688349566,51.205566917456615,51.59719806115769
14800100001480,44.24415554511518,44.31648956020586,44.448435030704,44.65479152476353,44.82897647991778,44.83906510068184,45.023965415511924,45.265395921382044,45.55832687904153,45.79246340370696,45.94982932663862,46.42469375529066,46.99070019767319,47.51022010876055,48.05205321077423,48.5457828205007,48.61959389860698,48.97561193005374,49.53352472386548,50.20658579013321,50.602553874685675,51.07164235292641,51.54111607348157,51.960883527956774,52.110533607648776,52.30100593127374,52.355291785756926,51.845336597348094,51.957161142371724,51.8818580057759,52.007736648812674
14810100001481,,,,,,,,,,,,,,,,,,,,,,,,,,,,,,,
14820104001482,12.027513298875878,11.948464520822446,12.178557679708561,12.502515246324029,12.89429492659384,13.149958999435293,13.489543269519691,13.82996983481573,14.038390471461952,14.21419275003719,14.522003850491878,15.22065825737935,15.703471626795539,16.054490191897205,16.59059287750534,16.615342906820615,16.421242583359575,17.08581513936249,17.606282872917184,17.81828870777416,18.330689586642837,18.81035576206903,19.40460772616468,19.76710732385248,20.28897445530729,21.02934588068128,21.539421807967837,21.127028253704065,22.079129966129095,,
14830105001483,,,,,,,,,,,,,,,,,,,,,,,,,,,,,,,
14840103001484,55.5559210526316,56.3190789473684,57.0559210526316,57.8388157894737,58.6480263157895,59.2072368421053,59.9276315789474,60.6480263157895,61.1085526315789,61.9605263157895,62.9013157894737,63.9769736842105,65.0131578947368,65.9276315789474,66.9309210526316,67.8717105263158,68.8782894736842,69.5427631578947,70.0657894736842,70.6546052631579,71.4506578947368,71.9243421052632,72.4605263157895,73.0822368421053,73.6973684210526,74.4013157894737,75.2894736842105,75.9934210526316,76.6085526315789,77.1184210526316,77.8552631578947
14850100001485,,,,,,,,,,,,,,,,,,,,,,,,,,,,,,,
14860100001486,,,,,,,,,,,,,,,,,,,,,,,,,,,,,,,
14870100001487,,,,,,,,,,,,,,,,,,,,,,,,,,,,,,,
14880100001488,,,,,,,,,,,,,,,,,,,,,,,,,,,,,,,
14890100001489,,,,,,,,,,,,,,,,,,,,,,,,,,,,,,,
14900100001490,,,,,,,,,,,,,,,,,,,,,,,,,,,,,,,
14910100001491,,,,,,,,,,,,,,,,,,,,,,,,,,,,,,,
14920100001492,,,,,,,,,,,,,,,,,,,,,,,,,,,,,,,
14930100001493,,,,,,,,,,,,,,,,,,,,,,,,,,,,,,,
14940100001494,,,,,,,,,,,,,,,,,,,,,,,,,,,,,,,
14950100001495,48.903076138988,49.3585833480609,49.7913858916701,50.1766837346081,50.5401824549382,50.8618686961386,51.1527260712744,51.4020331633427,51.5989994720883,51.7395534387016,51.8458896483304,51.916734043982,51.9628229987055,52.0138046110791,52.0703526209951,52.1348357824909,52.2043887290035,52.323087532113,52.4345038154892,52.5734865902593,52.7426698318354,52.9023289023524,53.0610360426881,53.2043791976964,53.327970925241,53.4251806863912,53.4872412011353,53.5227355385831,53.5139597503201,53.4466026722437,
14960101001496,950000.0,1000000.0,1000000.0,1000000.0,1000000.0,970000.0,930000.0,900000.0,860000.0,830000.0,800000.0,780000.0,760000.0,730000.0,710000.0,700000.0,680000.0,660000.0,640000.0,620000.0,600000.0,570000.0,540000.0,510000.0,480000.0,460000.0,430000.0,400000.0,380000.0,350000.0,
